rank	word	zipf
1	the	7.73
2	to	7.43
3	and	7.41
4	of	7.4
5	a	7.36
6	in	7.27
7	i	7.09
8	is	7.07
9	for	7.01
10	that	7.01
11	you	6.98
12	it	6.95
13	on	6.91
14	with	6.85
15	this	6.82
16	was	6.82
17	be	6.79
18	as	6.77
19	are	6.74
20	have	6.71
21	at	6.7
22	he	6.69
23	not	6.69
24	by	6.66
25	but	6.63
26	from	6.63
27	my	6.57
28	or	6.54
29	we	6.54
30	an	6.53
31	your	6.53
32	all	6.52
33	so	6.52
34	his	6.51
35	they	6.5
36	me	6.48
37	if	6.47
38	one	6.47
39	can	6.46
40	will	6.45
41	just	6.43
42	like	6.41
43	about	6.4
44	up	6.39
45	out	6.38
46	what	6.38
47	has	6.37
48	when	6.37
49	more	6.36
50	do	6.35
51	no	6.35
52	were	6.34
53	who	6.34
54	had	6.33
55	it's	6.33
56	their	6.33
57	there	6.31
58	her	6.3
59	which	6.3
60	time	6.29
61	get	6.28
62	been	6.27
63	would	6.27
64	she	6.26
65	new	6.25
66	people	6.25
67	how	6.24
68	don't	6.2
69	some	6.2
70	also	6.19
71	them	6.19
72	now	6.18
73	other	6.16
74	i'm	6.15
75	its	6.14
76	our	6.14
77	than	6.13
78	good	6.12
79	only	6.12
80	after	6.11
81	first	6.11
82	him	6.11
83	into	6.11
84	know	6.1
85	see	6.1
86	two	6.1
87	make	6.08
88	over	6.08
89	think	6.08
90	any	6.07
91	then	6.07
92	could	6.06
93	back	6.04
94	these	6.04
95	us	6.04
96	want	6.04
97	because	6.03
98	go	6.03
99	well	6.03
100	said	6.01
101	way	6.01
102	1	6.0
103	2	6.0
104	most	6.0
105	much	6.0
106	very	6.0
107	where	6.0
108	even	5.99
109	should	5.99
110	may	5.98
111	here	5.97
112	need	5.97
113	really	5.97
114	did	5.96
115	right	5.96
116	work	5.96
117	year	5.96
118	years	5.96
119	being	5.95
120	day	5.95
121	too	5.95
122	going	5.94
123	before	5.93
124	off	5.93
125	why	5.93
126	made	5.92
127	still	5.92
128	take	5.92
129	3	5.91
130	got	5.91
131	many	5.91
132	never	5.91
133	those	5.9
134	life	5.89
135	say	5.89
136	world	5.89
137	down	5.88
138	great	5.88
139	through	5.87
140	you're	5.87
141	last	5.86
142	s	5.86
143	that's	5.86
144	while	5.86
145	best	5.84
146	such	5.84
147	love	5.82
148	man	5.82
149	home	5.81
150	long	5.81
151	look	5.81
152	something	5.81
153	use	5.81
154	can't	5.8
155	same	5.8
156	used	5.8
157	both	5.79
158	every	5.79
159	4	5.78
160	am	5.78
161	come	5.78
162	part	5.78
163	state	5.78
164	three	5.78
165	around	5.77
166	between	5.77
167	always	5.76
168	better	5.76
169	find	5.76
170	5	5.75
171	help	5.75
172	high	5.75
173	little	5.75
174	old	5.75
175	since	5.75
176	another	5.74
177	does	5.74
178	own	5.74
179	things	5.74
180	under	5.73
181	during	5.72
182	game	5.72
183	i've	5.72
184	thing	5.72
185	give	5.71
186	house	5.71
187	place	5.71
188	school	5.71
189	again	5.7
190	next	5.7
191	each	5.69
192	mr	5.69
193	without	5.69
194	against	5.68
195	didn't	5.68
196	end	5.68
197	found	5.68
198	must	5.68
199	show	5.68
200	big	5.67
201	feel	5.67
202	sure	5.67
203	team	5.67
204	ever	5.66
205	family	5.66
206	keep	5.66
207	might	5.66
208	please	5.66
209	put	5.66
210	money	5.64
211	free	5.63
212	second	5.63
213	someone	5.63
214	away	5.62
215	left	5.62
216	number	5.62
217	city	5.61
218	days	5.61
219	lot	5.61
220	name	5.61
221	night	5.61
222	play	5.61
223	until	5.61
224	company	5.6
225	doing	5.6
226	few	5.6
227	he's	5.6
228	let	5.6
229	real	5.6
230	6	5.59
231	called	5.59
232	different	5.59
233	having	5.59
234	set	5.59
235	thought	5.59
236	done	5.58
237	however	5.58
238	getting	5.57
239	god	5.57
240	government	5.57
241	group	5.57
242	looking	5.57
243	public	5.57
244	top	5.57
245	women	5.57
246	business	5.56
247	care	5.56
248	start	5.56
249	system	5.56
250	times	5.56
251	week	5.56
252	7	5.55
253	already	5.55
254	anything	5.55
255	case	5.55
256	nothing	5.55
257	person	5.55
258	today	5.55
259	change	5.54
260	enough	5.54
261	everything	5.54
262	full	5.54
263	live	5.54
264	making	5.54
265	point	5.54
266	read	5.54
267	there's	5.54
268	told	5.54
269	yet	5.54
270	bad	5.53
271	doesn't	5.53
272	four	5.53
273	hard	5.53
274	mean	5.53
275	once	5.53
276	support	5.53
277	tell	5.53
278	including	5.52
279	music	5.52
280	power	5.52
281	seen	5.52
282	states	5.52
283	stop	5.52
284	water	5.52
285	based	5.51
286	believe	5.51
287	call	5.51
288	head	5.51
289	men	5.51
290	national	5.51
291	small	5.51
292	took	5.51
293	white	5.51
294	came	5.5
295	far	5.5
296	job	5.5
297	side	5.5
298	though	5.5
299	try	5.5
300	went	5.5
301	yes	5.5
302	actually	5.49
303	american	5.49
304	later	5.49
305	less	5.49
306	line	5.49
307	order	5.49
308	party	5.49
309	run	5.49
310	says	5.49
311	service	5.49
312	8	5.48
313	country	5.48
314	open	5.48
315	season	5.48
316	shit	5.48
317	thank	5.48
318	children	5.47
319	everyone	5.47
320	general	5.47
321	they're	5.47
322	trying	5.47
323	united	5.47
324	using	5.47
325	area	5.46
326	black	5.46
327	d	5.46
328	following	5.46
329	law	5.46
330	makes	5.46
331	together	5.46
332	war	5.46
333	whole	5.46
334	car	5.45
335	face	5.45
336	five	5.45
337	kind	5.45
338	maybe	5.45
339	per	5.45
340	president	5.45
341	story	5.45
342	working	5.45
343	course	5.44
344	games	5.44
345	health	5.44
346	hope	5.44
347	important	5.44
348	least	5.44
349	means	5.44
350	news	5.44
351	within	5.44
352	able	5.43
353	book	5.43
354	early	5.43
355	friends	5.43
356	i'll	5.43
357	information	5.43
358	local	5.43
359	oh	5.43
360	post	5.43
361	t	5.43
362	thanks	5.43
363	video	5.43
364	young	5.43
365	ago	5.42
366	others	5.42
367	social	5.42
368	talk	5.42
369	9	5.41
370	court	5.41
371	fact	5.41
372	given	5.41
373	guys	5.41
374	half	5.41
375	hand	5.41
376	isn't	5.41
377	level	5.41
378	mind	5.41
379	often	5.41
380	single	5.41
381	become	5.4
382	body	5.4
383	coming	5.4
384	control	5.4
385	death	5.4
386	food	5.4
387	guy	5.4
388	hours	5.4
389	office	5.4
390	pay	5.4
391	problem	5.4
392	south	5.4
393	true	5.4
394	we're	5.4
395	almost	5.39
396	fuck	5.39
397	history	5.39
398	known	5.39
399	large	5.39
400	lost	5.39
401	m	5.39
402	research	5.39
403	room	5.39
404	several	5.39
405	started	5.39
406	taking	5.39
407	university	5.39
408	win	5.39
409	wrong	5.39
410	along	5.38
411	anyone	5.38
412	else	5.38
413	girl	5.38
414	john	5.38
415	matter	5.38
416	pretty	5.38
417	remember	5.38
418	air	5.37
419	bit	5.37
420	friend	5.37
421	hit	5.37
422	needs	5.37
423	nice	5.37
424	playing	5.37
425	probably	5.37
426	saying	5.37
427	understand	5.37
428	yeah	5.37
429	york	5.37
430	class	5.36
431	close	5.36
432	comes	5.36
433	i'd	5.36
434	idea	5.36
435	international	5.36
436	looks	5.36
437	past	5.36
438	possible	5.36
439	wanted	5.36
440	b	5.35
441	cause	5.35
442	due	5.35
443	happy	5.35
444	human	5.35
445	members	5.35
446	months	5.35
447	move	5.35
448	question	5.35
449	r	5.35
450	series	5.35
451	wait	5.35
452	woman	5.35
453	ask	5.34
454	community	5.34
455	data	5.34
456	late	5.34
457	leave	5.34
458	north	5.34
459	saw	5.34
460	special	5.34
461	watch	5.34
462	won't	5.34
463	c	5.33
464	either	5.33
465	fucking	5.33
466	future	5.33
467	light	5.33
468	low	5.33
469	million	5.33
470	morning	5.33
471	police	5.33
472	short	5.33
473	stay	5.33
474	taken	5.33
475	age	5.32
476	buy	5.32
477	deal	5.32
478	rather	5.32
479	reason	5.32
480	red	5.32
481	report	5.32
482	soon	5.32
483	third	5.32
484	turn	5.32
485	whether	5.32
486	among	5.31
487	check	5.31
488	development	5.31
489	form	5.31
490	further	5.31
491	heart	5.31
492	minutes	5.31
493	myself	5.31
494	services	5.31
495	u.s	5.31
496	yourself	5.31
497	act	5.3
498	although	5.3
499	asked	5.3
500	child	5.3
501	fire	5.3
502	fun	5.3
503	living	5.3
504	major	5.3
505	media	5.3
506	phone	5.3
507	players	5.3
508	art	5.29
509	behind	5.29
510	building	5.29
511	easy	5.29
512	gonna	5.29
513	market	5.29
514	near	5.29
515	non	5.29
516	plan	5.29
517	political	5.29
518	quite	5.29
519	six	5.29
520	talking	5.29
521	west	5.29
522	works	5.29
523	according	5.28
524	available	5.28
525	e	5.28
526	education	5.28
527	final	5.28
528	former	5.28
529	front	5.28
530	kids	5.28
531	list	5.28
532	ready	5.28
533	sometimes	5.28
534	son	5.28
535	street	5.28
536	wasn't	5.28
537	bring	5.27
538	college	5.27
539	current	5.27
540	example	5.27
541	experience	5.27
542	heard	5.27
543	london	5.27
544	meet	5.27
545	program	5.27
546	type	5.27
547	baby	5.26
548	chance	5.26
549	father	5.26
550	march	5.26
551	process	5.26
552	she's	5.26
553	song	5.26
554	study	5.26
555	word	5.26
556	across	5.25
557	action	5.25
558	clear	5.25
559	gave	5.25
560	gets	5.25
561	himself	5.25
562	month	5.25
563	outside	5.25
564	self	5.25
565	students	5.25
566	words	5.25
567	board	5.24
568	cost	5.24
569	cut	5.24
570	dr	5.24
571	field	5.24
572	held	5.24
573	instead	5.24
574	main	5.24
575	moment	5.24
576	mother	5.24
577	road	5.24
578	seems	5.24
579	thinking	5.24
580	town	5.24
581	wants	5.24
582	de	5.23
583	department	5.23
584	energy	5.23
585	fight	5.23
586	fine	5.23
587	force	5.23
588	hear	5.23
589	issue	5.23
590	played	5.23
591	points	5.23
592	price	5.23
593	re	5.23
594	rest	5.23
595	results	5.23
596	running	5.23
597	shows	5.23
598	space	5.23
599	summer	5.23
600	term	5.23
601	wife	5.23
602	0	5.22
603	america	5.22
604	beautiful	5.22
605	date	5.22
606	goes	5.22
607	killed	5.22
608	land	5.22
609	miss	5.22
610	project	5.22
611	sex	5.22
612	shot	5.22
613	site	5.22
614	strong	5.22
615	you'll	5.22
616	account	5.21
617	co	5.21
618	especially	5.21
619	eyes	5.21
620	include	5.21
621	june	5.21
622	parents	5.21
623	period	5.21
624	position	5.21
625	record	5.21
626	similar	5.21
627	total	5.21
628	w	5.21
629	above	5.2
630	club	5.2
631	common	5.2
632	died	5.2
633	film	5.2
634	happened	5.2
635	knew	5.2
636	lead	5.2
637	likely	5.2
638	military	5.2
639	perfect	5.2
640	personal	5.2
641	security	5.2
642	share	5.2
643	st	5.2
644	tv	5.2
645	what's	5.2
646	won	5.2
647	x	5.2
648	april	5.19
649	center	5.19
650	county	5.19
651	couple	5.19
652	dead	5.19
653	english	5.19
654	happen	5.19
655	hold	5.19
656	industry	5.19
657	inside	5.19
658	issues	5.19
659	online	5.19
660	player	5.19
661	private	5.19
662	problems	5.19
663	return	5.19
664	rights	5.19
665	sense	5.19
666	star	5.19
667	test	5.19
668	view	5.19
669	weeks	5.19
670	break	5.18
671	british	5.18
672	companies	5.18
673	event	5.18
674	higher	5.18
675	hour	5.18
676	l	5.18
677	member	5.18
678	middle	5.18
679	needed	5.18
680	present	5.18
681	result	5.18
682	sorry	5.18
683	takes	5.18
684	training	5.18
685	wish	5.18
686	wouldn't	5.18
687	answer	5.17
688	boy	5.17
689	design	5.17
690	finally	5.17
691	girls	5.17
692	gold	5.17
693	gone	5.17
694	guess	5.17
695	interest	5.17
696	july	5.17
697	king	5.17
698	learn	5.17
699	policy	5.17
700	society	5.17
701	added	5.16
702	al	5.16
703	alone	5.16
704	average	5.16
705	bank	5.16
706	brought	5.16
707	certain	5.16
708	church	5.16
709	east	5.16
710	hands	5.16
711	hot	5.16
712	let's	5.16
713	longer	5.16
714	medical	5.16
715	movie	5.16
716	original	5.16
717	park	5.16
718	performance	5.16
719	press	5.16
720	received	5.16
721	role	5.16
722	sent	5.16
723	themselves	5.16
724	tried	5.16
725	worked	5.16
726	worth	5.16
727	areas	5.15
728	became	5.15
729	bill	5.15
730	books	5.15
731	cool	5.15
732	director	5.15
733	exactly	5.15
734	giving	5.15
735	ground	5.15
736	meeting	5.15
737	n	5.15
738	provide	5.15
739	questions	5.15
740	relationship	5.15
741	september	5.15
742	sound	5.15
743	source	5.15
744	usually	5.15
745	value	5.15
746	evidence	5.14
747	follow	5.14
748	lives	5.14
749	official	5.14
750	ok	5.14
751	production	5.14
752	rate	5.14
753	reading	5.14
754	round	5.14
755	save	5.14
756	stand	5.14
757	stuff	5.14
758	tax	5.14
759	whatever	5.14
760	amount	5.13
761	blue	5.13
762	countries	5.13
763	david	5.13
764	drive	5.13
765	eat	5.13
766	fall	5.13
767	fast	5.13
768	federal	5.13
769	feeling	5.13
770	felt	5.13
771	green	5.13
772	league	5.13
773	management	5.13
774	match	5.13
775	model	5.13
776	p	5.13
777	picture	5.13
778	size	5.13
779	step	5.13
780	trust	5.13
781	you've	5.13
782	central	5.12
783	changes	5.12
784	england	5.12
785	forward	5.12
786	groups	5.12
787	hey	5.12
788	key	5.12
789	mom	5.12
790	o	5.12
791	page	5.12
792	paid	5.12
793	range	5.12
794	review	5.12
795	science	5.12
796	trade	5.12
797	uk	5.12
798	upon	5.12
799	various	5.12
800	attention	5.11
801	brother	5.11
802	cannot	5.11
803	character	5.11
804	chief	5.11
805	cup	5.11
806	football	5.11
807	hate	5.11
808	haven't	5.11
809	james	5.11
810	led	5.11
811	looked	5.11
812	lower	5.11
813	natural	5.11
814	october	5.11
815	property	5.11
816	quality	5.11
817	send	5.11
818	style	5.11
819	u	5.11
820	vote	5.11
821	amazing	5.1
822	august	5.1
823	blood	5.1
824	china	5.1
825	complete	5.1
826	dog	5.1
827	economic	5.1
828	hell	5.1
829	involved	5.1
830	itself	5.1
831	language	5.1
832	lord	5.1
833	november	5.1
834	oil	5.1
835	related	5.1
836	serious	5.1
837	stage	5.1
838	terms	5.1
839	title	5.1
840	add	5.09
841	article	5.09
842	attack	5.09
843	born	5.09
844	couldn't	5.09
845	damn	5.09
846	decided	5.09
847	decision	5.09
848	enjoy	5.09
849	entire	5.09
850	french	5.09
851	january	5.09
852	kill	5.09
853	met	5.09
854	perhaps	5.09
855	poor	5.09
856	release	5.09
857	situation	5.09
858	technology	5.09
859	turned	5.09
860	website	5.09
861	written	5.09
862	choice	5.08
863	code	5.08
864	considered	5.08
865	continue	5.08
866	council	5.08
867	cover	5.08
868	currently	5.08
869	door	5.08
870	election	5.08
871	european	5.08
872	events	5.08
873	f	5.08
874	financial	5.08
875	foreign	5.08
876	hair	5.08
877	increase	5.08
878	legal	5.08
879	lose	5.08
880	michael	5.08
881	pick	5.08
882	race	5.08
883	seem	5.08
884	seven	5.08
885	sign	5.08
886	simple	5.08
887	simply	5.08
888	staff	5.08
889	super	5.08
890	union	5.08
891	walk	5.08
892	washington	5.08
893	bed	5.07
894	began	5.07
895	built	5.07
896	career	5.07
897	changed	5.07
898	crazy	5.07
899	daily	5.07
900	daughter	5.07
901	december	5.07
902	die	5.07
903	difficult	5.07
904	figure	5.07
905	hospital	5.07
906	knows	5.07
907	loss	5.07
908	modern	5.07
909	ones	5.07
910	paper	5.07
911	parts	5.07
912	popular	5.07
913	published	5.07
914	safe	5.07
915	starting	5.07
916	systems	5.07
917	version	5.07
918	voice	5.07
919	whose	5.07
920	writing	5.07
921	army	5.06
922	australia	5.06
923	earth	5.06
924	forget	5.06
925	goal	5.06
926	h	5.06
927	huge	5.06
928	internet	5.06
929	listen	5.06
930	okay	5.06
931	practice	5.06
932	rules	5.06
933	sea	5.06
934	sir	5.06
935	success	5.06
936	towards	5.06
937	v	5.06
938	waiting	5.06
939	ways	5.06
940	access	5.05
941	aren't	5.05
942	base	5.05
943	below	5.05
944	created	5.05
945	deep	5.05
946	followed	5.05
947	la	5.05
948	lol	5.05
949	mark	5.05
950	missing	5.05
951	offer	5.05
952	pass	5.05
953	professional	5.05
954	released	5.05
955	risk	5.05
956	schools	5.05
957	sleep	5.05
958	table	5.05
959	ten	5.05
960	truth	5.05
961	ball	5.04
962	box	5.04
963	build	5.04
964	card	5.04
965	cases	5.04
966	dark	5.04
967	district	5.04
968	europe	5.04
969	george	5.04
970	india	5.04
971	mine	5.04
972	minister	5.04
973	note	5.04
974	percent	5.04
975	piece	5.04
976	products	5.04
977	recent	5.04
978	seeing	5.04
979	straight	5.04
980	visit	5.04
981	wall	5.04
982	wanna	5.04
983	we've	5.04
984	wrote	5.04
985	allowed	5.03
986	boys	5.03
987	culture	5.03
988	etc	5.03
989	fans	5.03
990	february	5.03
991	gives	5.03
992	growth	5.03
993	included	5.03
994	married	5.03
995	officer	5.03
996	pain	5.03
997	paul	5.03
998	places	5.03
999	respect	5.03
1000	response	5.03
1001	river	5.03
1002	rock	5.03
1003	shall	5.03
1004	speak	5.03
1005	specific	5.03
1006	standard	5.03
1007	tonight	5.03
1008	write	5.03
1009	y	5.03
1010	album	5.02
1011	century	5.02
1012	charge	5.02
1013	cold	5.02
1014	create	5.02
1015	effect	5.02
1016	eight	5.02
1017	except	5.02
1018	eye	5.02
1019	funny	5.02
1020	ii	5.02
1021	limited	5.02
1022	moving	5.02
1023	network	5.02
1024	peace	5.02
1025	provided	5.02
1026	recently	5.02
1027	required	5.02
1028	sales	5.02
1029	spent	5.02
1030	store	5.02
1031	student	5.02
1032	tomorrow	5.02
1033	track	5.02
1034	via	5.02
1035	watching	5.02
1036	weight	5.02
1037	addition	5.01
1038	ahead	5.01
1039	allow	5.01
1040	anti	5.01
1041	association	5.01
1042	beat	5.01
1043	brown	5.01
1044	capital	5.01
1045	chinese	5.01
1046	committee	5.01
1047	conference	5.01
1048	difference	5.01
1049	double	5.01
1050	expect	5.01
1051	gas	5.01
1052	island	5.01
1053	moved	5.01
1054	normal	5.01
1055	plans	5.01
1056	population	5.01
1057	potential	5.01
1058	pressure	5.01
1059	radio	5.01
1060	russian	5.01
1061	station	5.01
1062	text	5.01
1063	treatment	5.01
1064	western	5.01
1065	ass	5.0
1066	beginning	5.0
1067	california	5.0
1068	campaign	5.0
1069	certainly	5.0
1070	completely	5.0
1071	content	5.0
1072	credit	5.0
1073	cross	5.0
1074	described	5.0
1075	despite	5.0
1076	female	5.0
1077	focus	5.0
1078	g	5.0
1079	hi	5.0
1080	husband	5.0
1081	ice	5.0
1082	individual	5.0
1083	interesting	5.0
1084	j	5.0
1085	join	5.0
1086	kept	5.0
1087	leading	5.0
1088	loved	5.0
1089	message	5.0
1090	miles	5.0
1091	nearly	5.0
1092	particular	5.0
1093	previous	5.0
1094	quickly	5.0
1095	region	5.0
1096	reported	5.0
1097	section	5.0
1098	sort	5.0
1099	speed	5.0
1100	travel	5.0
1101	consider	4.99
1102	contact	4.99
1103	drop	4.99
1104	fair	4.99
1105	feet	4.99
1106	jesus	4.99
1107	kid	4.99
1108	link	4.99
1109	positive	4.99
1110	sale	4.99
1111	throughout	4.99
1112	tour	4.99
1113	welcome	4.99
1114	absolutely	4.98
1115	additional	4.98
1116	beyond	4.98
1117	conditions	4.98
1118	earlier	4.98
1119	extra	4.98
1120	forces	4.98
1121	immediately	4.98
1122	jobs	4.98
1123	leaving	4.98
1124	minute	4.98
1125	nature	4.98
1126	numbers	4.98
1127	quick	4.98
1128	sell	4.98
1129	significant	4.98
1130	studies	4.98
1131	unless	4.98
1132	winning	4.98
1133	agree	4.97
1134	canada	4.97
1135	clean	4.97
1136	computer	4.97
1137	construction	4.97
1138	episode	4.97
1139	favorite	4.97
1140	income	4.97
1141	justice	4.97
1142	levels	4.97
1143	manager	4.97
1144	movement	4.97
1145	photo	4.97
1146	posted	4.97
1147	safety	4.97
1148	san	4.97
1149	scene	4.97
1150	sold	4.97
1151	sounds	4.97
1152	spend	4.97
1153	statement	4.97
1154	sun	4.97
1155	teams	4.97
1156	ability	4.96
1157	announced	4.96
1158	asking	4.96
1159	calling	4.96
1160	coach	4.96
1161	collection	4.96
1162	continued	4.96
1163	costs	4.96
1164	definitely	4.96
1165	designed	4.96
1166	expected	4.96
1167	friday	4.96
1168	gun	4.96
1169	happens	4.96
1170	heavy	4.96
1171	includes	4.96
1172	knowledge	4.96
1173	particularly	4.96
1174	search	4.96
1175	subject	4.96
1176	train	4.96
1177	wide	4.96
1178	wow	4.96
1179	author	4.95
1180	centre	4.95
1181	claim	4.95
1182	dad	4.95
1183	developed	4.95
1184	fear	4.95
1185	fit	4.95
1186	generally	4.95
1187	german	4.95
1188	global	4.95
1189	goals	4.95
1190	gotta	4.95
1191	hotel	4.95
1192	interested	4.95
1193	judge	4.95
1194	lady	4.95
1195	leader	4.95
1196	letter	4.95
1197	lines	4.95
1198	material	4.95
1199	named	4.95
1200	nobody	4.95
1201	opportunity	4.95
1202	plus	4.95
1203	pre	4.95
1204	product	4.95
1205	regular	4.95
1206	secretary	4.95
1207	sister	4.95
1208	stories	4.95
1209	unit	4.95
1210	workers	4.95
1211	annual	4.94
1212	anymore	4.94
1213	bar	4.94
1214	battle	4.94
1215	brain	4.94
1216	contract	4.94
1217	degree	4.94
1218	families	4.94
1219	features	4.94
1220	finished	4.94
1221	floor	4.94
1222	france	4.94
1223	growing	4.94
1224	hurt	4.94
1225	image	4.94
1226	insurance	4.94
1227	majority	4.94
1228	meant	4.94
1229	opening	4.94
1230	opinion	4.94
1231	physical	4.94
1232	pro	4.94
1233	reach	4.94
1234	rule	4.94
1235	seriously	4.94
1236	sports	4.94
1237	stupid	4.94
1238	successful	4.94
1239	active	4.93
1240	administration	4.93
1241	approach	4.93
1242	australian	4.93
1243	biggest	4.93
1244	cancer	4.93
1245	civil	4.93
1246	dance	4.93
1247	defense	4.93
1248	direction	4.93
1249	independent	4.93
1250	master	4.93
1251	none	4.93
1252	reasons	4.93
1253	russia	4.93
1254	ship	4.93
1255	stock	4.93
1256	trump	4.93
1257	weekend	4.93
1258	wonder	4.93
1259	worst	4.93
1260	africa	4.92
1261	awesome	4.92
1262	band	4.92
1263	beach	4.92
1264	cash	4.92
1265	clearly	4.92
1266	commercial	4.92
1267	compared	4.92
1268	effort	4.92
1269	ended	4.92
1270	fan	4.92
1271	fighting	4.92
1272	imagine	4.92
1273	impact	4.92
1274	lack	4.92
1275	latest	4.92
1276	learning	4.92
1277	multiple	4.92
1278	older	4.92
1279	operation	4.92
1280	organization	4.92
1281	passed	4.92
1282	pictures	4.92
1283	protect	4.92
1284	secret	4.92
1285	senior	4.92
1286	spring	4.92
1287	sunday	4.92
1288	telling	4.92
1289	wear	4.92
1290	activities	4.91
1291	address	4.91
1292	analysis	4.91
1293	anyway	4.91
1294	bought	4.91
1295	calls	4.91
1296	choose	4.91
1297	christmas	4.91
1298	color	4.91
1299	commission	4.91
1300	competition	4.91
1301	details	4.91
1302	direct	4.91
1303	dream	4.91
1304	easily	4.91
1305	finish	4.91
1306	grand	4.91
1307	here's	4.91
1308	increased	4.91
1309	indian	4.91
1310	k	4.91
1311	literally	4.91
1312	luck	4.91
1313	marriage	4.91
1314	names	4.91
1315	necessary	4.91
1316	patients	4.91
1317	resources	4.91
1318	rich	4.91
1319	skin	4.91
1320	speaking	4.91
1321	supposed	4.91
1322	sweet	4.91
1323	thus	4.91
1324	touch	4.91
1325	yesterday	4.91
1326	caught	4.9
1327	closed	4.9
1328	congress	4.9
1329	damage	4.9
1330	directly	4.9
1331	disease	4.9
1332	doctor	4.9
1333	doubt	4.9
1334	drink	4.9
1335	driving	4.9
1336	established	4.9
1337	facebook	4.9
1338	feels	4.9
1339	fish	4.9
1340	gay	4.9
1341	germany	4.9
1342	glad	4.9
1343	greater	4.9
1344	grow	4.9
1345	largest	4.9
1346	machine	4.9
1347	notice	4.9
1348	overall	4.9
1349	planning	4.9
1350	professor	4.9
1351	programs	4.9
1352	records	4.9
1353	reports	4.9
1354	shown	4.9
1355	sit	4.9
1356	trip	4.9
1357	associated	4.89
1358	basic	4.89
1359	captain	4.89
1360	carry	4.89
1361	cars	4.89
1362	crime	4.89
1363	effective	4.89
1364	effects	4.89
1365	explain	4.89
1366	fully	4.89
1367	highly	4.89
1368	holding	4.89
1369	japan	4.89
1370	laws	4.89
1371	male	4.89
1372	mrs	4.89
1373	parties	4.89
1374	plant	4.89
1375	reality	4.89
1376	smith	4.89
1377	spot	4.89
1378	texas	4.89
1379	we'll	4.89
1380	winter	4.89
1381	worse	4.89
1382	advice	4.88
1383	agreement	4.88
1384	ain't	4.88
1385	award	4.88
1386	block	4.88
1387	broken	4.88
1388	caused	4.88
1389	challenge	4.88
1390	characters	4.88
1391	christian	4.88
1392	comment	4.88
1393	equipment	4.88
1394	eventually	4.88
1395	helped	4.88
1396	holy	4.88
1397	killing	4.88
1398	lived	4.88
1399	lots	4.88
1400	nation	4.88
1401	otherwise	4.88
1402	peter	4.88
1403	prices	4.88
1404	primary	4.88
1405	purpose	4.88
1406	rates	4.88
1407	responsible	4.88
1408	shop	4.88
1409	showing	4.88
1410	sick	4.88
1411	teacher	4.88
1412	theory	4.88
1413	uses	4.88
1414	william	4.88
1415	agency	4.87
1416	avoid	4.87
1417	camera	4.87
1418	catch	4.87
1419	cell	4.87
1420	coast	4.87
1421	comments	4.87
1422	drug	4.87
1423	economy	4.87
1424	environment	4.87
1425	executive	4.87
1426	foot	4.87
1427	hall	4.87
1428	mass	4.87
1429	meaning	4.87
1430	mission	4.87
1431	nine	4.87
1432	officers	4.87
1433	operations	4.87
1434	politics	4.87
1435	pop	4.87
1436	produced	4.87
1437	ran	4.87
1438	saturday	4.87
1439	status	4.87
1440	therefore	4.87
1441	trial	4.87
1442	truly	4.87
1443	weather	4.87
1444	activity	4.86
1445	app	4.86
1446	application	4.86
1447	claims	4.86
1448	coffee	4.86
1449	complex	4.86
1450	condition	4.86
1451	division	4.86
1452	evening	4.86
1453	flight	4.86
1454	freedom	4.86
1455	google	4.86
1456	heat	4.86
1457	highest	4.86
1458	interview	4.86
1459	library	4.86
1460	located	4.86
1461	location	4.86
1462	murder	4.86
1463	obama	4.86
1464	offered	4.86
1465	putting	4.86
1466	queen	4.86
1467	seconds	4.86
1468	showed	4.86
1469	sitting	4.86
1470	standing	4.86
1471	stars	4.86
1472	walking	4.86
1473	accept	4.85
1474	actual	4.85
1475	appear	4.85
1476	attempt	4.85
1477	broke	4.85
1478	channel	4.85
1479	distance	4.85
1480	eating	4.85
1481	exchange	4.85
1482	fat	4.85
1483	fell	4.85
1484	finding	4.85
1485	glass	4.85
1486	learned	4.85
1487	losing	4.85
1488	mobile	4.85
1489	northern	4.85
1490	opened	4.85
1491	placed	4.85
1492	powerful	4.85
1493	prior	4.85
1494	protection	4.85
1495	reached	4.85
1496	receive	4.85
1497	religious	4.85
1498	ride	4.85
1499	robert	4.85
1500	royal	4.85
1501	screen	4.85
1502	serve	4.85
1503	signed	4.85
1504	slow	4.85
1505	species	4.85
1506	speech	4.85
1507	traffic	4.85
1508	tree	4.85
1509	types	4.85
1510	vs	4.85
1511	wearing	4.85
1512	who's	4.85
1513	whom	4.85
1514	wonderful	4.85
1515	agreed	4.84
1516	airport	4.84
1517	animals	4.84
1518	appears	4.84
1519	begin	4.84
1520	benefits	4.84
1521	bottom	4.84
1522	cities	4.84
1523	demand	4.84
1524	engine	4.84
1525	everybody	4.84
1526	famous	4.84
1527	ideas	4.84
1528	investment	4.84
1529	keeping	4.84
1530	lie	4.84
1531	notes	4.84
1532	partner	4.84
1533	plays	4.84
1534	raised	4.84
1535	runs	4.84
1536	sad	4.84
1537	solution	4.84
1538	songs	4.84
1539	sources	4.84
1540	southern	4.84
1541	square	4.84
1542	stopped	4.84
1543	structure	4.84
1544	thomas	4.84
1545	traditional	4.84
1546	twice	4.84
1547	wind	4.84
1548	worry	4.84
1549	1st	4.83
1550	americans	4.83
1551	appeared	4.83
1552	becomes	4.83
1553	brand	4.83
1554	bus	4.83
1555	cent	4.83
1556	chicago	4.83
1557	count	4.83
1558	covered	4.83
1559	critical	4.83
1560	digital	4.83
1561	forced	4.83
1562	fourth	4.83
1563	fresh	4.83
1564	lake	4.83
1565	mental	4.83
1566	mentioned	4.83
1567	missed	4.83
1568	mostly	4.83
1569	mouth	4.83
1570	owner	4.83
1571	photos	4.83
1572	previously	4.83
1573	realize	4.83
1574	remain	4.83
1575	scale	4.83
1576	score	4.83
1577	separate	4.83
1578	smart	4.83
1579	starts	4.83
1580	surface	4.83
1581	throw	4.83
1582	tom	4.83
1583	totally	4.83
1584	twitter	4.83
1585	views	4.83
1586	wedding	4.83
1587	you'd	4.83
1588	acting	4.82
1589	actions	4.82
1590	african	4.82
1591	arms	4.82
1592	benefit	4.82
1593	budget	4.82
1594	click	4.82
1595	estate	4.82
1596	failed	4.82
1597	faith	4.82
1598	fashion	4.82
1599	feature	4.82
1600	fund	4.82
1601	generation	4.82
1602	hearing	4.82
1603	hill	4.82
1604	jack	4.82
1605	larger	4.82
1606	louis	4.82
1607	metal	4.82
1608	mid	4.82
1609	paris	4.82
1610	profile	4.82
1611	pull	4.82
1612	push	4.82
1613	returned	4.82
1614	rose	4.82
1615	seat	4.82
1616	seemed	4.82
1617	sexual	4.82
1618	shouldn't	4.82
1619	target	4.82
1620	understanding	4.82
1621	village	4.82
1622	agent	4.81
1623	animal	4.81
1624	apply	4.81
1625	authority	4.81
1626	basis	4.81
1627	becoming	4.81
1628	chris	4.81
1629	draw	4.81
1630	dude	4.81
1631	employees	4.81
1632	enter	4.81
1633	ex	4.81
1634	follows	4.81
1635	foundation	4.81
1636	gain	4.81
1637	http	4.81
1638	individuals	4.81
1639	japanese	4.81
1640	leaders	4.81
1641	memory	4.81
1642	prime	4.81
1643	projects	4.81
1644	ring	4.81
1645	rise	4.81
1646	selling	4.81
1647	served	4.81
1648	silver	4.81
1649	soul	4.81
1650	spread	4.81
1651	supply	4.81
1652	waste	4.81
1653	weird	4.81
1654	adult	4.8
1655	apparently	4.8
1656	artist	4.8
1657	chairman	4.8
1658	edition	4.8
1659	engineering	4.8
1660	grade	4.8
1661	happening	4.8
1662	healthy	4.8
1663	institute	4.8
1664	method	4.8
1665	mike	4.8
1666	monday	4.8
1667	nations	4.8
1668	obviously	4.8
1669	option	4.8
1670	prison	4.8
1671	provides	4.8
1672	remains	4.8
1673	senate	4.8
1674	smaller	4.8
1675	somebody	4.8
1676	stone	4.8
1677	strength	4.8
1678	users	4.8
1679	wild	4.8
1680	window	4.8
1681	winner	4.8
1682	arrived	4.79
1683	bag	4.79
1684	bet	4.79
1685	camp	4.79
1686	cast	4.79
1687	christ	4.79
1688	continues	4.79
1689	correct	4.79
1690	dangerous	4.79
1691	ed	4.79
1692	extremely	4.79
1693	firm	4.79
1694	greatest	4.79
1695	handle	4.79
1696	improve	4.79
1697	indeed	4.79
1698	leaves	4.79
1699	movies	4.79
1700	negative	4.79
1701	prevent	4.79
1702	removed	4.79
1703	richard	4.79
1704	spirit	4.79
1705	television	4.79
1706	till	4.79
1707	trouble	4.79
1708	usa	4.79
1709	videos	4.79
1710	advantage	4.78
1711	apart	4.78
1712	aware	4.78
1713	cat	4.78
1714	customers	4.78
1715	decide	4.78
1716	dinner	4.78
1717	dollars	4.78
1718	eastern	4.78
1719	fifth	4.78
1720	function	4.78
1721	gift	4.78
1722	helping	4.78
1723	herself	4.78
1724	impossible	4.78
1725	influence	4.78
1726	items	4.78
1727	joe	4.78
1728	los	4.78
1729	marketing	4.78
1730	mary	4.78
1731	materials	4.78
1732	nor	4.78
1733	produce	4.78
1734	progress	4.78
1735	proud	4.78
1736	require	4.78
1737	shooting	4.78
1738	shut	4.78
1739	standards	4.78
1740	tells	4.78
1741	thinks	4.78
1742	van	4.78
1743	wood	4.78
1744	background	4.77
1745	birth	4.77
1746	bridge	4.77
1747	carried	4.77
1748	charles	4.77
1749	classes	4.77
1750	completed	4.77
1751	concept	4.77
1752	copy	4.77
1753	dear	4.77
1754	dogs	4.77
1755	drugs	4.77
1756	efforts	4.77
1757	garden	4.77
1758	host	4.77
1759	housing	4.77
1760	inc	4.77
1761	israel	4.77
1762	journal	4.77
1763	labor	4.77
1764	leadership	4.77
1765	length	4.77
1766	lucky	4.77
1767	neither	4.77
1768	onto	4.77
1769	patient	4.77
1770	possibly	4.77
1771	prove	4.77
1772	rare	4.77
1773	setting	4.77
1774	skills	4.77
1775	software	4.77
1776	thousands	4.77
1777	tough	4.77
1778	units	4.77
1779	ad	4.76
1780	alive	4.76
1781	apple	4.76
1782	balance	4.76
1783	birthday	4.76
1784	bitch	4.76
1785	boss	4.76
1786	cards	4.76
1787	changing	4.76
1788	connection	4.76
1789	dress	4.76
1790	easier	4.76
1791	fellow	4.76
1792	florida	4.76
1793	horse	4.76
1794	knowing	4.76
1795	liked	4.76
1796	magic	4.76
1797	managed	4.76
1798	map	4.76
1799	net	4.76
1800	owned	4.76
1801	request	4.76
1802	stick	4.76
1803	they've	4.76
1804	turns	4.76
1805	vehicle	4.76
1806	volume	4.76
1807	wake	4.76
1808	aid	4.75
1809	beauty	4.75
1810	believed	4.75
1811	billion	4.75
1812	busy	4.75
1813	buying	4.75
1814	cells	4.75
1815	concerned	4.75
1816	conversation	4.75
1817	corner	4.75
1818	criminal	4.75
1819	cultural	4.75
1820	develop	4.75
1821	driver	4.75
1822	ends	4.75
1823	existing	4.75
1824	farm	4.75
1825	file	4.75
1826	fix	4.75
1827	fly	4.75
1828	frank	4.75
1829	guide	4.75
1830	images	4.75
1831	investigation	4.75
1832	mexico	4.75
1833	operating	4.75
1834	paying	4.75
1835	presented	4.75
1836	raise	4.75
1837	responsibility	4.75
1838	roll	4.75
1839	slightly	4.75
1840	suggest	4.75
1841	surprise	4.75
1842	technical	4.75
1843	thoughts	4.75
1844	treat	4.75
1845	unique	4.75
1846	variety	4.75
1847	violence	4.75
1848	weapons	4.75
1849	yours	4.75
1850	youth	4.75
1851	2nd	4.74
1852	appreciate	4.74
1853	bigger	4.74
1854	breaking	4.74
1855	discovered	4.74
1856	dont	4.74
1857	dry	4.74
1858	edge	4.74
1859	evil	4.74
1860	excited	4.74
1861	forever	4.74
1862	funds	4.74
1863	helps	4.74
1864	henry	4.74
1865	injury	4.74
1866	iron	4.74
1867	lovely	4.74
1868	mad	4.74
1869	magazine	4.74
1870	martin	4.74
1871	models	4.74
1872	offers	4.74
1873	ordered	4.74
1874	parliament	4.74
1875	prepared	4.74
1876	reference	4.74
1877	religion	4.74
1878	sites	4.74
1879	somewhere	4.74
1880	stated	4.74
1881	strategy	4.74
1882	teachers	4.74
1883	web	4.74
1884	wine	4.74
1885	accounts	4.73
1886	angeles	4.73
1887	arm	4.73
1888	audience	4.73
1889	bay	4.73
1890	blog	4.73
1891	closer	4.73
1892	core	4.73
1893	democratic	4.73
1894	description	4.73
1895	dropped	4.73
1896	excellent	4.73
1897	exist	4.73
1898	figures	4.73
1899	forms	4.73
1900	guard	4.73
1901	honest	4.73
1902	issued	4.73
1903	joined	4.73
1904	jones	4.73
1905	lee	4.73
1906	lies	4.73
1907	likes	4.73
1908	medicine	4.73
1909	mention	4.73
1910	mountain	4.73
1911	nuclear	4.73
1912	orders	4.73
1913	port	4.73
1914	presence	4.73
1915	reaction	4.73
1916	reduce	4.73
1917	shoot	4.73
1918	sides	4.73
1919	solid	4.73
1920	spanish	4.73
1921	sport	4.73
1922	steps	4.73
1923	stress	4.73
1924	taste	4.73
1925	tea	4.73
1926	victory	4.73
1927	afternoon	4.72
1928	assistant	4.72
1929	britain	4.72
1930	citizens	4.72
1931	classic	4.72
1932	clothes	4.72
1933	decisions	4.72
1934	electric	4.72
1935	emergency	4.72
1936	entered	4.72
1937	entirely	4.72
1938	facts	4.72
1939	failure	4.72
1940	festival	4.72
1941	flat	4.72
1942	fuel	4.72
1943	harry	4.72
1944	hello	4.72
1945	houses	4.72
1946	ill	4.72
1947	initial	4.72
1948	introduced	4.72
1949	johnson	4.72
1950	kick	4.72
1951	links	4.72
1952	mail	4.72
1953	massive	4.72
1954	matters	4.72
1955	pair	4.72
1956	picked	4.72
1957	pieces	4.72
1958	plane	4.72
1959	plenty	4.72
1960	prince	4.72
1961	proper	4.72
1962	providing	4.72
1963	quarter	4.72
1964	regional	4.72
1965	scott	4.72
1966	session	4.72
1967	shape	4.72
1968	sky	4.72
1969	teaching	4.72
1970	toward	4.72
1971	transfer	4.72
1972	upper	4.72
1973	useful	4.72
1974	valley	4.72
1975	watched	4.72
1976	willing	4.72
1977	windows	4.72
1978	zone	4.72
1979	accident	4.71
1980	advanced	4.71
1981	alternative	4.71
1982	anywhere	4.71
1983	articles	4.71
1984	awards	4.71
1985	bear	4.71
1986	boat	4.71
1987	bringing	4.71
1988	capacity	4.71
1989	cheap	4.71
1990	climate	4.71
1991	communities	4.71
1992	discussion	4.71
1993	drinking	4.71
1994	duty	4.71
1995	fantastic	4.71
1996	feelings	4.71
1997	flying	4.71
1998	governor	4.71
1999	hasn't	4.71
2000	hundred	4.71
2001	industrial	4.71
2002	joint	4.71
2003	mix	4.71
2004	museum	4.71
2005	options	4.71
2006	path	4.71
2007	plants	4.71
2008	policies	4.71
2009	promise	4.71
2010	proposed	4.71
2011	purchase	4.71
2012	rain	4.71
2013	remove	4.71
2014	signs	4.71
2015	spending	4.71
2016	steel	4.71
2017	steve	4.71
2018	supporting	4.71
2019	terrible	4.71
2020	they'll	4.71
2021	tired	4.71
2022	treated	4.71
2023	turning	4.71
2024	vice	4.71
2025	warm	4.71
2026	°	4.71
2027	afraid	4.7
2028	arts	4.7
2029	beer	4.7
2030	border	4.7
2031	canadian	4.7
2032	command	4.7
2033	crew	4.7
2034	crowd	4.7
2035	dating	4.7
2036	dick	4.7
2037	elements	4.7
2038	enemy	4.7
2039	ensure	4.7
2040	environmental	4.7
2041	filled	4.7
2042	fixed	4.7
2043	forest	4.7
2044	intelligence	4.7
2045	intended	4.7
2046	labour	4.7
2047	limit	4.7
2048	moon	4.7
2049	ocean	4.7
2050	powers	4.7
2051	profit	4.7
2052	proof	4.7
2053	republican	4.7
2054	soldiers	4.7
2055	suit	4.7
2056	wins	4.7
2057	women's	4.7
2058	appearance	4.69
2059	asian	4.69
2060	attorney	4.69
2061	banks	4.69
2062	behavior	4.69
2063	ben	4.69
2064	bodies	4.69
2065	brothers	4.69
2066	buildings	4.69
2067	chair	4.69
2068	creating	4.69
2069	debt	4.69
2070	domestic	4.69
2071	expensive	4.69
2072	grew	4.69
2073	historical	4.69
2074	homes	4.69
2075	honestly	4.69
2076	honor	4.69
2077	im	4.69
2078	jump	4.69
2079	launch	4.69
2080	listed	4.69
2081	minimum	4.69
2082	native	4.69
2083	noted	4.69
2084	originally	4.69
2085	planned	4.69
2086	pm	4.69
2087	ray	4.69
2088	sets	4.69
2089	suddenly	4.69
2090	supreme	4.69
2091	survey	4.69
2092	tech	4.69
2093	trees	4.69
2094	update	4.69
2095	user	4.69
2096	writer	4.69
2097	yellow	4.69
2098	younger	4.69
2099	ancient	4.68
2100	attacks	4.68
2101	charges	4.68
2102	combined	4.68
2103	communication	4.68
2104	connected	4.68
2105	contains	4.68
2106	download	4.68
2107	email	4.68
2108	ending	4.68
2109	exercise	4.68
2110	express	4.68
2111	flow	4.68
2112	formed	4.68
2113	girlfriend	4.68
2114	hero	4.68
2115	illegal	4.68
2116	increasing	4.68
2117	joke	4.68
2118	loan	4.68
2119	methods	4.68
2120	officials	4.68
2121	people's	4.68
2122	performed	4.68
2123	planet	4.68
2124	relationships	4.68
2125	restaurant	4.68
2126	scotland	4.68
2127	selected	4.68
2128	shared	4.68
2129	shopping	4.68
2130	soft	4.68
2131	stuck	4.68
2132	sugar	4.68
2133	suggested	4.68
2134	supported	4.68
2135	surprised	4.68
2136	taught	4.68
2137	transport	4.68
2138	weren't	4.68
2139	accepted	4.67
2140	adding	4.67
2141	affairs	4.67
2142	allows	4.67
2143	appeal	4.67
2144	applied	4.67
2145	appropriate	4.67
2146	artists	4.67
2147	boston	4.67
2148	ca	4.67
2149	confirmed	4.67
2150	device	4.67
2151	drama	4.67
2152	entry	4.67
2153	era	4.67
2154	factor	4.67
2155	feed	4.67
2156	golden	4.67
2157	grant	4.67
2158	grown	4.67
2159	heads	4.67
2160	hoping	4.67
2161	keeps	4.67
2162	lawyer	4.67
2163	legs	4.67
2164	lying	4.67
2165	measures	4.67
2166	mistake	4.67
2167	ms	4.67
2168	muslim	4.67
2169	organizations	4.67
2170	platform	4.67
2171	pool	4.67
2172	pulled	4.67
2173	regarding	4.67
2174	relations	4.67
2175	requires	4.67
2176	route	4.67
2177	saved	4.67
2178	schedule	4.67
2179	scientific	4.67
2180	shoes	4.67
2181	smoke	4.67
2182	squad	4.67
2183	teach	4.67
2184	testing	4.67
2185	tests	4.67
2186	values	4.67
2187	walked	4.67
2188	williams	4.67
2189	ya	4.67
2190	abuse	4.66
2191	angry	4.66
2192	businesses	4.66
2193	candidate	4.66
2194	comfortable	4.66
2195	concern	4.66
2196	developing	4.66
2197	discuss	4.66
2198	elections	4.66
2199	emotional	4.66
2200	et	4.66
2201	everywhere	4.66
2202	facilities	4.66
2203	falling	4.66
2204	fox	4.66
2205	guns	4.66
2206	hole	4.66
2207	holiday	4.66
2208	interests	4.66
2209	internal	4.66
2210	ireland	4.66
2211	italian	4.66
2212	italy	4.66
2213	jersey	4.66
2214	laugh	4.66
2215	leg	4.66
2216	letters	4.66
2217	liberal	4.66
2218	listening	4.66
2219	ll	4.66
2220	loves	4.66
2221	lunch	4.66
2222	max	4.66
2223	milk	4.66
2224	pack	4.66
2225	payment	4.66
2226	perform	4.66
2227	recorded	4.66
2228	relatively	4.66
2229	sector	4.66
2230	sharing	4.66
2231	snow	4.66
2232	storm	4.66
2233	streets	4.66
2234	strike	4.66
2235	studio	4.66
2236	sub	4.66
2237	weak	4.66
2238	youtube	4.66
2239	3rd	4.65
2240	actor	4.65
2241	advance	4.65
2242	apartment	4.65
2243	asia	4.65
2244	chain	4.65
2245	chapter	4.65
2246	committed	4.65
2247	confidence	4.65
2248	cook	4.65
2249	cute	4.65
2250	equal	4.65
2251	fake	4.65
2252	finance	4.65
2253	focused	4.65
2254	hits	4.65
2255	identity	4.65
2256	journey	4.65
2257	kitchen	4.65
2258	korea	4.65
2259	leads	4.65
2260	maintain	4.65
2261	measure	4.65
2262	mm	4.65
2263	numerous	4.65
2264	owners	4.65
2265	posts	4.65
2266	properties	4.65
2267	quiet	4.65
2268	revealed	4.65
2269	specifically	4.65
2270	split	4.65
2271	task	4.65
2272	taxes	4.65
2273	taylor	4.65
2274	twenty	4.65
2275	urban	4.65
2276	acts	4.64
2277	affected	4.64
2278	aircraft	4.64
2279	applications	4.64
2280	approved	4.64
2281	approximately	4.64
2282	argument	4.64
2283	arrested	4.64
2284	claimed	4.64
2285	conflict	4.64
2286	considering	4.64
2287	corporate	4.64
2288	debate	4.64
2289	determined	4.64
2290	distribution	4.64
2291	documents	4.64
2292	escape	4.64
2293	extended	4.64
2294	factors	4.64
2295	faster	4.64
2296	fault	4.64
2297	fill	4.64
2298	films	4.64
2299	flowers	4.64
2300	friendly	4.64
2301	ladies	4.64
2302	lay	4.64
2303	lights	4.64
2304	millions	4.64
2305	mixed	4.64
2306	phase	4.64
2307	properly	4.64
2308	pure	4.64
2309	reduced	4.64
2310	requirements	4.64
2311	residents	4.64
2312	revenue	4.64
2313	sam	4.64
2314	sat	4.64
2315	secure	4.64
2316	smile	4.64
2317	strange	4.64
2318	talent	4.64
2319	temperature	4.64
2320	thousand	4.64
2321	tony	4.64
2322	troops	4.64
2323	truck	4.64
2324	votes	4.64
2325	ah	4.63
2326	authorities	4.63
2327	basically	4.63
2328	besides	4.63
2329	bird	4.63
2330	blame	4.63
2331	bob	4.63
2332	bowl	4.63
2333	causes	4.63
2334	chicken	4.63
2335	collected	4.63
2336	context	4.63
2337	coverage	4.63
2338	determine	4.63
2339	display	4.63
2340	dying	4.63
2341	elected	4.63
2342	examples	4.63
2343	experienced	4.63
2344	falls	4.63
2345	false	4.63
2346	fired	4.63
2347	forgot	4.63
2348	funding	4.63
2349	identified	4.63
2350	iii	4.63
2351	incredible	4.63
2352	inspired	4.63
2353	launched	4.63
2354	ma	4.63
2355	meat	4.63
2356	ministry	4.63
2357	mode	4.63
2358	neck	4.63
2359	noticed	4.63
2360	novel	4.63
2361	obvious	4.63
2362	passing	4.63
2363	positions	4.63
2364	remaining	4.63
2365	scored	4.63
2366	shirt	4.63
2367	shots	4.63
2368	slowly	4.63
2369	stadium	4.63
2370	stores	4.63
2371	surgery	4.63
2372	trading	4.63
2373	tuesday	4.63
2374	vision	4.63
2375	whenever	4.63
2376	worried	4.63
2377	zero	4.63
2378	alex	4.62
2379	allowing	4.62
2380	begins	4.62
2381	champion	4.62
2382	charged	4.62
2383	cream	4.62
2384	crisis	4.62
2385	daniel	4.62
2386	delivered	4.62
2387	editor	4.62
2388	estimated	4.62
2389	eu	4.62
2390	giant	4.62
2391	iran	4.62
2392	jail	4.62
2393	jim	4.62
2394	kingdom	4.62
2395	literature	4.62
2396	mayor	4.62
2397	minor	4.62
2398	moments	4.62
2399	opposite	4.62
2400	orange	4.62
2401	ourselves	4.62
2402	pages	4.62
2403	remained	4.62
2404	selection	4.62
2405	serving	4.62
2406	signal	4.62
2407	stream	4.62
2408	struggle	4.62
2409	suicide	4.62
2410	talked	4.62
2411	theme	4.62
2412	thursday	4.62
2413	tiny	4.62
2414	typically	4.62
2415	un	4.62
2416	unfortunately	4.62
2417	usual	4.62
2418	vehicles	4.62
2419	virginia	4.62
2420	voted	4.62
2421	voting	4.62
2422	walls	4.62
2423	wave	4.62
2424	alcohol	4.61
2425	assembly	4.61
2426	breakfast	4.61
2427	bright	4.61
2428	brings	4.61
2429	capable	4.61
2430	carrying	4.61
2431	chosen	4.61
2432	combination	4.61
2433	conservative	4.61
2434	customer	4.61
2435	cutting	4.61
2436	desire	4.61
2437	destroyed	4.61
2438	draft	4.61
2439	drunk	4.61
2440	essential	4.61
2441	fail	4.61
2442	familiar	4.61
2443	finds	4.61
2444	granted	4.61
2445	guilty	4.61
2446	humans	4.61
2447	hundreds	4.61
2448	id	4.61
2449	improved	4.61
2450	jewish	4.61
2451	largely	4.61
2452	laughing	4.61
2453	markets	4.61
2454	medium	4.61
2455	ohio	4.61
2456	opportunities	4.61
2457	papers	4.61
2458	perfectly	4.61
2459	recommend	4.61
2460	referred	4.61
2461	relevant	4.61
2462	seek	4.61
2463	sending	4.61
2464	solo	4.61
2465	spoke	4.61
2466	stands	4.61
2467	talks	4.61
2468	ticket	4.61
2469	unable	4.61
2470	upset	4.61
2471	wing	4.61
2472	world's	4.61
2473	answers	4.6
2474	birds	4.6
2475	bomb	4.6
2476	creative	4.6
2477	cycle	4.6
2478	dealing	4.6
2479	directed	4.6
2480	don	4.6
2481	educational	4.6
2482	entertainment	4.6
2483	extreme	4.6
2484	facility	4.6
2485	fields	4.6
2486	goods	4.6
2487	hang	4.6
2488	holds	4.6
2489	info	4.6
2490	mainly	4.6
2491	maximum	4.6
2492	newspaper	4.6
2493	offering	4.6
2494	painting	4.6
2495	republic	4.6
2496	reserve	4.6
2497	returns	4.6
2498	row	4.6
2499	salt	4.6
2500	scared	4.6
2501	scottish	4.6
2502	shares	4.6
2503	statistics	4.6
2504	switch	4.6
2505	territory	4.6
2506	threat	4.6
2507	tickets	4.6
2508	wales	4.6
2509	adults	4.59
2510	affect	4.59
2511	appointed	4.59
2512	armed	4.59
2513	aside	4.59
2514	assistance	4.59
2515	bell	4.59
2516	blow	4.59
2517	bond	4.59
2518	boyfriend	4.59
2519	careful	4.59
2520	circumstances	4.59
2521	communications	4.59
2522	concerns	4.59
2523	controlled	4.59
2524	corporation	4.59
2525	cry	4.59
2526	danger	4.59
2527	deals	4.59
2528	delivery	4.59
2529	deserve	4.59
2530	devices	4.59
2531	dollar	4.59
2532	dreams	4.59
2533	empty	4.59
2534	enjoyed	4.59
2535	explained	4.59
2536	faces	4.59
2537	folks	4.59
2538	fucked	4.59
2539	gender	4.59
2540	instance	4.59
2541	kim	4.59
2542	kinda	4.59
2543	matches	4.59
2544	mile	4.59
2545	motion	4.59
2546	moves	4.59
2547	nick	4.59
2548	pacific	4.59
2549	prize	4.59
2550	realized	4.59
2551	reasonable	4.59
2552	receiving	4.59
2553	register	4.59
2554	resolution	4.59
2555	rural	4.59
2556	ryan	4.59
2557	saving	4.59
2558	sees	4.59
2559	singing	4.59
2560	spain	4.59
2561	tools	4.59
2562	typical	4.59
2563	universe	4.59
2564	warning	4.59
2565	wars	4.59
2566	wednesday	4.59
2567	admit	4.58
2568	attitude	4.58
2569	branch	4.58
2570	brazil	4.58
2571	conducted	4.58
2572	decades	4.58
2573	dedicated	4.58
2574	definition	4.58
2575	drawing	4.58
2576	favor	4.58
2577	flag	4.58
2578	frame	4.58
2579	guest	4.58
2580	ha	4.58
2581	heaven	4.58
2582	independence	4.58
2583	institutions	4.58
2584	it'll	4.58
2585	jackson	4.58
2586	kiss	4.58
2587	load	4.58
2588	plot	4.58
2589	possibility	4.58
2590	random	4.58
2591	recovery	4.58
2592	rent	4.58
2593	replace	4.58
2594	represent	4.58
2595	reviews	4.58
2596	scenes	4.58
2597	seeking	4.58
2598	senator	4.58
2599	sentence	4.58
2600	teeth	4.58
2601	tips	4.58
2602	trained	4.58
2603	understood	4.58
2604	academic	4.57
2605	academy	4.57
2606	accurate	4.57
2607	achieve	4.57
2608	adam	4.57
2609	afford	4.57
2610	andrew	4.57
2611	assume	4.57
2612	bbc	4.57
2613	bottle	4.57
2614	bunch	4.57
2615	category	4.57
2616	chat	4.57
2617	cheese	4.57
2618	chemical	4.57
2619	clinton	4.57
2620	competitive	4.57
2621	detail	4.57
2622	diet	4.57
2623	em	4.57
2624	favourite	4.57
2625	fruit	4.57
2626	harder	4.57
2627	he'd	4.57
2628	index	4.57
2629	item	4.57
2630	lane	4.57
2631	mess	4.57
2632	navy	4.57
2633	normally	4.57
2634	occurred	4.57
2635	opposition	4.57
2636	parent	4.57
2637	permanent	4.57
2638	personally	4.57
2639	pleasure	4.57
2640	prefer	4.57
2641	programme	4.57
2642	representative	4.57
2643	scheme	4.57
2644	shift	4.57
2645	stood	4.57
2646	storage	4.57
2647	tank	4.57
2648	tend	4.57
2649	tight	4.57
2650	transportation	4.57
2651	ultimately	4.57
2652	unlike	4.57
2653	weekly	4.57
2654	yard	4.57
2655	anybody	4.56
2656	assets	4.56
2657	basketball	4.56
2658	button	4.56
2659	candidates	4.56
2660	combat	4.56
2661	constitution	4.56
2662	consumer	4.56
2663	counter	4.56
2664	creation	4.56
2665	crown	4.56
2666	crying	4.56
2667	dc	4.56
2668	defined	4.56
2669	depending	4.56
2670	depression	4.56
2671	describe	4.56
2672	drivers	4.56
2673	el	4.56
2674	employment	4.56
2675	exclusive	4.56
2676	excuse	4.56
2677	expert	4.56
2678	frequently	4.56
2679	golf	4.56
2680	grace	4.56
2681	hopefully	4.56
2682	identify	4.56
2683	importance	4.56
2684	kevin	4.56
2685	laid	4.56
2686	latter	4.56
2687	manufacturing	4.56
2688	mining	4.56
2689	object	4.56
2690	partners	4.56
2691	pattern	4.56
2692	performing	4.56
2693	personnel	4.56
2694	perspective	4.56
2695	pregnant	4.56
2696	premier	4.56
2697	promote	4.56
2698	q	4.56
2699	revolution	4.56
2700	rooms	4.56
2701	severe	4.56
2702	sleeping	4.56
2703	suppose	4.56
2704	tool	4.56
2705	tournament	4.56
2706	turkey	4.56
2707	ve	4.56
2708	victim	4.56
2709	victims	4.56
2710	4th	4.55
2711	agents	4.55
2712	amazon	4.55
2713	arrest	4.55
2714	attend	4.55
2715	ban	4.55
2716	brilliant	4.55
2717	carbon	4.55
2718	catholic	4.55
2719	chose	4.55
2720	circle	4.55
2721	concert	4.55
2722	crash	4.55
2723	declared	4.55
2724	deliver	4.55
2725	depth	4.55
2726	deputy	4.55
2727	dirty	4.55
2728	doctors	4.55
2729	earned	4.55
2730	electronic	4.55
2731	error	4.55
2732	existence	4.55
2733	experiences	4.55
2734	expression	4.55
2735	factory	4.55
2736	headed	4.55
2737	interior	4.55
2738	joy	4.55
2739	jr	4.55
2740	legislation	4.55
2741	maintenance	4.55
2742	manner	4.55
2743	mate	4.55
2744	matt	4.55
2745	nearby	4.55
2746	noise	4.55
2747	origin	4.55
2748	pakistan	4.55
2749	panel	4.55
2750	personality	4.55
2751	plate	4.55
2752	practices	4.55
2753	prepare	4.55
2754	relief	4.55
2755	replaced	4.55
2756	resistance	4.55
2757	retail	4.55
2758	rice	4.55
2759	roads	4.55
2760	roof	4.55
2761	shame	4.55
2762	ships	4.55
2763	somewhat	4.55
2764	staying	4.55
2765	stronger	4.55
2766	surely	4.55
2767	tip	4.55
2768	updated	4.55
2769	writers	4.55
2770	absolute	4.54
2771	advertising	4.54
2772	agencies	4.54
2773	baseball	4.54
2774	bathroom	4.54
2775	bible	4.54
2776	cable	4.54
2777	calm	4.54
2778	championship	4.54
2779	checked	4.54
2780	client	4.54
2781	constant	4.54
2782	da	4.54
2783	dates	4.54
2784	degrees	4.54
2785	democrats	4.54
2786	doors	4.54
2787	driven	4.54
2788	dumb	4.54
2789	empire	4.54
2790	exciting	4.54
2791	expansion	4.54
2792	he'll	4.54
2793	heavily	4.54
2794	hide	4.54
2795	incident	4.54
2796	irish	4.54
2797	linked	4.54
2798	manage	4.54
2799	messages	4.54
2800	michigan	4.54
2801	multi	4.54
2802	nfl	4.54
2803	politicians	4.54
2804	print	4.54
2805	quit	4.54
2806	refused	4.54
2807	reporting	4.54
2808	sight	4.54
2809	significantly	4.54
2810	sing	4.54
2811	soviet	4.54
2812	weapon	4.54
2813	wet	4.54
2814	widely	4.54
2815	worldwide	4.54
2816	ages	4.53
2817	anniversary	4.53
2818	attractive	4.53
2819	bike	4.53
2820	broad	4.53
2821	burn	4.53
2822	cake	4.53
2823	causing	4.53
2824	closely	4.53
2825	constantly	4.53
2826	contest	4.53
2827	deaths	4.53
2828	depends	4.53
2829	drawn	4.53
2830	e.g	4.53
2831	fees	4.53
2832	francisco	4.53
2833	haha	4.53
2834	hardly	4.53
2835	hat	4.53
2836	height	4.53
2837	hidden	4.53
2838	hong	4.53
2839	invited	4.53
2840	letting	4.53
2841	loud	4.53
2842	manchester	4.53
2843	marine	4.53
2844	motor	4.53
2845	officially	4.53
2846	pc	4.53
2847	peak	4.53
2848	portion	4.53
2849	pounds	4.53
2850	princess	4.53
2851	protein	4.53
2852	puts	4.53
2853	raw	4.53
2854	reform	4.53
2855	regions	4.53
2856	represented	4.53
2857	respond	4.53
2858	retirement	4.53
2859	sample	4.53
2860	seats	4.53
2861	secondary	4.53
2862	solar	4.53
2863	somehow	4.53
2864	stayed	4.53
2865	suffering	4.53
2866	sydney	4.53
2867	today's	4.53
2868	tries	4.53
2869	ultimate	4.53
2870	unknown	4.53
2871	wilson	4.53
2872	wondering	4.53
2873	attached	4.52
2874	attacked	4.52
2875	automatically	4.52
2876	balls	4.52
2877	battery	4.52
2878	bills	4.52
2879	blind	4.52
2880	breath	4.52
2881	brief	4.52
2882	carolina	4.52
2883	chest	4.52
2884	conduct	4.52
2885	debut	4.52
2886	decade	4.52
2887	destroy	4.52
2888	differences	4.52
2889	edward	4.52
2890	engaged	4.52
2891	experts	4.52
2892	expressed	4.52
2893	external	4.52
2894	fantasy	4.52
2895	ft	4.52
2896	grab	4.52
2897	hollywood	4.52
2898	i.e	4.52
2899	immediate	4.52
2900	introduction	4.52
2901	joseph	4.52
2902	license	4.52
2903	paint	4.52
2904	pilot	4.52
2905	pink	4.52
2906	presidential	4.52
2907	principal	4.52
2908	recognize	4.52
2909	recognized	4.52
2910	registered	4.52
2911	regularly	4.52
2912	representatives	4.52
2913	rising	4.52
2914	seasons	4.52
2915	shipping	4.52
2916	singer	4.52
2917	smoking	4.52
2918	steam	4.52
2919	suffered	4.52
2920	survive	4.52
2921	tall	4.52
2922	thats	4.52
2923	theatre	4.52
2924	therapy	4.52
2925	witness	4.52
2926	adopted	4.51
2927	aim	4.51
2928	campus	4.51
2929	cap	4.51
2930	chances	4.51
2931	childhood	4.51
2932	clinical	4.51
2933	clubs	4.51
2934	comedy	4.51
2935	commander	4.51
2936	comparison	4.51
2937	covers	4.51
2938	dan	4.51
2939	defeat	4.51
2940	defence	4.51
2941	democracy	4.51
2942	detailed	4.51
2943	entitled	4.51
2944	exact	4.51
2945	exposed	4.51
2946	fed	4.51
2947	fee	4.51
2948	injured	4.51
2949	jan	4.51
2950	jordan	4.51
2951	kinds	4.51
2952	lets	4.51
2953	loans	4.51
2954	lock	4.51
2955	musical	4.51
2956	nose	4.51
2957	objects	4.51
2958	opposed	4.51
2959	organized	4.51
2960	plastic	4.51
2961	protected	4.51
2962	purposes	4.51
2963	quote	4.51
2964	recording	4.51
2965	semi	4.51
2966	statements	4.51
2967	suspect	4.51
2968	swear	4.51
2969	techniques	4.51
2970	tie	4.51
2971	tim	4.51
2972	trend	4.51
2973	valuable	4.51
2974	wealth	4.51
2975	wise	4.51
2976	yards	4.51
2977	aged	4.5
2978	approval	4.5
2979	aspects	4.5
2980	attempts	4.5
2981	bread	4.5
2982	burning	4.5
2983	champions	4.5
2984	contain	4.5
2985	convention	4.5
2986	dancing	4.5
2987	document	4.5
2988	eggs	4.5
2989	employee	4.5
2990	en	4.5
2991	engineer	4.5
2992	equivalent	4.5
2993	facing	4.5
2994	fairly	4.5
2995	fingers	4.5
2996	ford	4.5
2997	founded	4.5
2998	functions	4.5
2999	gang	4.5
3000	graduate	4.5
3001	greek	4.5
3002	hanging	4.5
3003	inner	4.5
3004	islands	4.5
3005	le	4.5
3006	lift	4.5
3007	marked	4.5
3008	memories	4.5
3009	miller	4.5
3010	monthly	4.5
3011	mountains	4.5
3012	neighborhood	4.5
3013	operate	4.5
3014	outstanding	4.5
3015	permission	4.5
3016	porn	4.5
3017	racing	4.5
3018	recommended	4.5
3019	regulations	4.5
3020	reply	4.5
3021	republicans	4.5
3022	rid	4.5
3023	roman	4.5
3024	scientists	4.5
3025	shoulder	4.5
3026	shower	4.5
3027	solutions	4.5
3028	sons	4.5
3029	stations	4.5
3030	stephen	4.5
3031	tower	4.5
3032	tradition	4.5
3033	visited	4.5
3034	visual	4.5
3035	wheel	4.5
3036	zealand	4.5
3037	achieved	4.49
3038	admitted	4.49
3039	appointment	4.49
3040	authors	4.49
3041	barely	4.49
3042	bc	4.49
3043	bush	4.49
3044	cabinet	4.49
3045	celebrate	4.49
3046	challenges	4.49
3047	chocolate	4.49
3048	coal	4.49
3049	colour	4.49
3050	contemporary	4.49
3051	criticism	4.49
3052	davis	4.49
3053	dna	4.49
3054	effectively	4.49
3055	eric	4.49
3056	extensive	4.49
3057	faced	4.49
3058	filed	4.49
3059	formation	4.49
3060	fought	4.49
3061	gained	4.49
3062	gallery	4.49
3063	highway	4.49
3064	historic	4.49
3065	hunt	4.49
3066	improvement	4.49
3067	inch	4.49
3068	initially	4.49
3069	junior	4.49
3070	jury	4.49
3071	kong	4.49
3072	korean	4.49
3073	marks	4.49
3074	monster	4.49
3075	obtained	4.49
3076	olympic	4.49
3077	philosophy	4.49
3078	pride	4.49
3079	promised	4.49
3080	repeat	4.49
3081	returning	4.49
3082	riding	4.49
3083	rough	4.49
3084	santa	4.49
3085	settlement	4.49
3086	smell	4.49
3087	sought	4.49
3088	speaker	4.49
3089	studied	4.49
3090	suggests	4.49
3091	surrounding	4.49
3092	tone	4.49
3093	topic	4.49
3094	toronto	4.49
3095	universal	4.49
3096	vast	4.49
3097	visitors	4.49
3098	wanting	4.49
3099	auto	4.48
3100	consistent	4.48
3101	continuing	4.48
3102	earn	4.48
3103	exists	4.48
3104	finger	4.48
3105	grey	4.48
3106	guitar	4.48
3107	heading	4.48
3108	howard	4.48
3109	ignore	4.48
3110	involving	4.48
3111	latin	4.48
3112	lewis	4.48
3113	meal	4.48
3114	meanwhile	4.48
3115	meetings	4.48
3116	naturally	4.48
3117	necessarily	4.48
3118	offices	4.48
3119	pants	4.48
3120	partnership	4.48
3121	payments	4.48
3122	percentage	4.48
3123	pocket	4.48
3124	practical	4.48
3125	primarily	4.48
3126	proved	4.48
3127	rape	4.48
3128	regardless	4.48
3129	relative	4.48
3130	represents	4.48
3131	rescue	4.48
3132	resulting	4.48
3133	rush	4.48
3134	sarah	4.48
3135	sessions	4.48
3136	sharp	4.48
3137	simon	4.48
3138	soccer	4.48
3139	stable	4.48
3140	structures	4.48
3141	supplies	4.48
3142	symptoms	4.48
3143	temporary	4.48
3144	tested	4.48
3145	trick	4.48
3146	attended	4.47
3147	audio	4.47
3148	bone	4.47
3149	brian	4.47
3150	bullshit	4.47
3151	chamber	4.47
3152	chart	4.47
3153	children's	4.47
3154	circuit	4.47
3155	clothing	4.47
3156	complicated	4.47
3157	confused	4.47
3158	consequences	4.47
3159	defend	4.47
3160	divided	4.47
3161	elizabeth	4.47
3162	everyday	4.47
3163	extent	4.47
3164	fishing	4.47
3165	format	4.47
3166	gap	4.47
3167	gate	4.47
3168	gotten	4.47
3169	harm	4.47
3170	healthcare	4.47
3171	household	4.47
3172	immigration	4.47
3173	impressive	4.47
3174	jews	4.47
3175	joining	4.47
3176	killer	4.47
3177	lesson	4.47
3178	limits	4.47
3179	loving	4.47
3180	ltd	4.47
3181	managers	4.47
3182	membership	4.47
3183	miami	4.47
3184	mirror	4.47
3185	mount	4.47
3186	nights	4.47
3187	occur	4.47
3188	parking	4.47
3189	proposal	4.47
3190	province	4.47
3191	purchased	4.47
3192	recognition	4.47
3193	reputation	4.47
3194	rolling	4.47
3195	shortly	4.47
3196	situations	4.47
3197	strongly	4.47
3198	tears	4.47
3199	technique	4.47
3200	thin	4.47
3201	tied	4.47
3202	z	4.47
3203	3d	4.46
3204	accused	4.46
3205	adventure	4.46
3206	argue	4.46
3207	assessment	4.46
3208	atmosphere	4.46
3209	awful	4.46
3210	bedroom	4.46
3211	belief	4.46
3212	bound	4.46
3213	breaks	4.46
3214	carefully	4.46
3215	cats	4.46
3216	ceo	4.46
3217	choices	4.46
3218	closing	4.46
3219	cloud	4.46
3220	colorado	4.46
3221	colors	4.46
3222	contrast	4.46
3223	courses	4.46
3224	courts	4.46
3225	donald	4.46
3226	drew	4.46
3227	egg	4.46
3228	element	4.46
3229	elsewhere	4.46
3230	establish	4.46
3231	extension	4.46
3232	files	4.46
3233	founder	4.46
3234	gear	4.46
3235	georgia	4.46
3236	hills	4.46
3237	hip	4.46
3238	hitting	4.46
3239	increases	4.46
3240	infrastructure	4.46
3241	jason	4.46
3242	locations	4.46
3243	loose	4.46
3244	machines	4.46
3245	men's	4.46
3246	moral	4.46
3247	offensive	4.46
3248	pa	4.46
3249	package	4.46
3250	pointed	4.46
3251	poverty	4.46
3252	processes	4.46
3253	processing	4.46
3254	qualified	4.46
3255	railway	4.46
3256	reaching	4.46
3257	ridiculous	4.46
3258	sensitive	4.46
3259	server	4.46
3260	shock	4.46
3261	silence	4.46
3262	soldier	4.46
3263	superior	4.46
3264	supporters	4.46
3265	thick	4.46
3266	threw	4.46
3267	tons	4.46
3268	transition	4.46
3269	violent	4.46
3270	voters	4.46
3271	wash	4.46
3272	acid	4.45
3273	actress	4.45
3274	administrative	4.45
3275	alan	4.45
3276	alongside	4.45
3277	angel	4.45
3278	anxiety	4.45
3279	babies	4.45
3280	bars	4.45
3281	bonus	4.45
3282	castle	4.45
3283	charity	4.45
3284	clients	4.45
3285	compare	4.45
3286	contained	4.45
3287	cooking	4.45
3288	covering	4.45
3289	curious	4.45
3290	directors	4.45
3291	discovery	4.45
3292	discussed	4.45
3293	duke	4.45
3294	egypt	4.45
3295	encourage	4.45
3296	enforcement	4.45
3297	featuring	4.45
3298	finals	4.45
3299	flash	4.45
3300	formal	4.45
3301	formula	4.45
3302	fort	4.45
3303	governments	4.45
3304	gray	4.45
3305	gross	4.45
3306	horses	4.45
3307	hungry	4.45
3308	informed	4.45
3309	innocent	4.45
3310	jeff	4.45
3311	losses	4.45
3312	luke	4.45
3313	mac	4.45
3314	math	4.45
3315	minds	4.45
3316	mistakes	4.45
3317	mystery	4.45
3318	networks	4.45
3319	olympics	4.45
3320	palace	4.45
3321	passes	4.45
3322	penalty	4.45
3323	pet	4.45
3324	phones	4.45
3325	photography	4.45
3326	producing	4.45
3327	protest	4.45
3328	publication	4.45
3329	rating	4.45
3330	refer	4.45
3331	respectively	4.45
3332	rome	4.45
3333	scheduled	4.45
3334	select	4.45
3335	silent	4.45
3336	spoken	4.45
3337	successfully	4.45
3338	suffer	4.45
3339	temple	4.45
3340	tracks	4.45
3341	trail	4.45
3342	uncle	4.45
3343	unusual	4.45
3344	waters	4.45
3345	woods	4.45
3346	yo	4.45
3347	arrival	4.44
3348	asks	4.44
3349	assault	4.44
3350	awareness	4.44
3351	badly	4.44
3352	bath	4.44
3353	captured	4.44
3354	chase	4.44
3355	components	4.44
3356	concrete	4.44
3357	dave	4.44
3358	deeply	4.44
3359	expectations	4.44
3360	explanation	4.44
3361	exposure	4.44
3362	featured	4.44
3363	fiction	4.44
3364	guarantee	4.44
3365	happiness	4.44
3366	harris	4.44
3367	hearts	4.44
3368	horrible	4.44
3369	ideal	4.44
3370	illinois	4.44
3371	injuries	4.44
3372	islamic	4.44
3373	jimmy	4.44
3374	kelly	4.44
3375	legend	4.44
3376	lieutenant	4.44
3377	mini	4.44
3378	mood	4.44
3379	muscle	4.44
3380	muslims	4.44
3381	p.m	4.44
3382	passion	4.44
3383	picking	4.44
3384	pleased	4.44
3385	procedure	4.44
3386	producer	4.44
3387	pushing	4.44
3388	rank	4.44
3389	replacement	4.44
3390	retired	4.44
3391	roles	4.44
3392	sand	4.44
3393	savings	4.44
3394	settled	4.44
3395	shadow	4.44
3396	singles	4.44
3397	tag	4.44
3398	tape	4.44
3399	thread	4.44
3400	victoria	4.44
3401	visiting	4.44
3402	wage	4.44
3403	we'd	4.44
3404	wings	4.44
3405	andy	4.43
3406	avenue	4.43
3407	bags	4.43
3408	beating	4.43
3409	believes	4.43
3410	blocks	4.43
3411	boring	4.43
3412	charlie	4.43
3413	checking	4.43
3414	clock	4.43
3415	commissioner	4.43
3416	commitment	4.43
3417	confident	4.43
3418	containing	4.43
3419	copies	4.43
3420	crimes	4.43
3421	custom	4.43
3422	denied	4.43
3423	desk	4.43
3424	drinks	4.43
3425	ear	4.43
3426	electricity	4.43
3427	episodes	4.43
3428	farmers	4.43
3429	fbi	4.43
3430	grounds	4.43
3431	gym	4.43
3432	helpful	4.43
3433	horror	4.43
3434	iphone	4.43
3435	iraq	4.43
3436	label	4.43
3437	liverpool	4.43
3438	locked	4.43
3439	naked	4.43
3440	ny	4.43
3441	opens	4.43
3442	output	4.43
3443	persons	4.43
3444	pitch	4.43
3445	pizza	4.43
3446	plain	4.43
3447	pushed	4.43
3448	raising	4.43
3449	rear	4.43
3450	reveal	4.43
3451	romantic	4.43
3452	scores	4.43
3453	sisters	4.43
3454	speaks	4.43
3455	stages	4.43
3456	strategic	4.43
3457	swimming	4.43
3458	welfare	4.43
3459	winners	4.43
3460	wire	4.43
3461	worker	4.43
3462	5th	4.42
3463	afterwards	4.42
3464	alright	4.42
3465	android	4.42
3466	anger	4.42
3467	architecture	4.42
3468	assist	4.42
3469	attempted	4.42
3470	behalf	4.42
3471	belt	4.42
3472	capture	4.42
3473	centers	4.42
3474	ceremony	4.42
3475	comic	4.42
3476	cops	4.42
3477	cuts	4.42
3478	dallas	4.42
3479	designer	4.42
3480	diamond	4.42
3481	disappointed	4.42
3482	dressed	4.42
3483	economics	4.42
3484	efficient	4.42
3485	electrical	4.42
3486	employed	4.42
3487	enjoying	4.42
3488	entering	4.42
3489	essentially	4.42
3490	establishment	4.42
3491	expecting	4.42
3492	explains	4.42
3493	flower	4.42
3494	ghost	4.42
3495	guests	4.42
3496	handed	4.42
3497	hockey	4.42
3498	houston	4.42
3499	https	4.42
3500	hunting	4.42
3501	industries	4.42
3502	islam	4.42
3503	jane	4.42
3504	judges	4.42
3505	kit	4.42
3506	lab	4.42
3507	languages	4.42
3508	maps	4.42
3509	min	4.42
3510	morgan	4.42
3511	moscow	4.42
3512	na	4.42
3513	nervous	4.42
3514	newly	4.42
3515	odd	4.42
3516	op	4.42
3517	ordinary	4.42
3518	participate	4.42
3519	philadelphia	4.42
3520	prayer	4.42
3521	principles	4.42
3522	racist	4.42
3523	rarely	4.42
3524	references	4.42
3525	sexy	4.42
3526	skill	4.42
3527	soil	4.42
3528	solve	4.42
3529	stomach	4.42
3530	struck	4.42
3531	studying	4.42
3532	suck	4.42
3533	supports	4.42
3534	trash	4.42
3535	ugly	4.42
3536	vegas	4.42
3537	virus	4.42
3538	walker	4.42
3539	whoever	4.42
3540	amounts	4.41
3541	anthony	4.41
3542	arthur	4.41
3543	aspect	4.41
3544	banned	4.41
3545	boost	4.41
3546	bureau	4.41
3547	colonel	4.41
3548	comfort	4.41
3549	controls	4.41
3550	cousin	4.41
3551	crack	4.41
3552	deck	4.41
3553	demands	4.41
3554	dies	4.41
3555	dragon	4.41
3556	dramatic	4.41
3557	dust	4.41
3558	dutch	4.41
3559	engineers	4.41
3560	evolution	4.41
3561	foods	4.41
3562	hired	4.41
3563	illness	4.41
3564	inspiration	4.41
3565	institution	4.41
3566	kings	4.41
3567	knife	4.41
3568	lately	4.41
3569	lowest	4.41
3570	memorial	4.41
3571	mexican	4.41
3572	minority	4.41
3573	mum	4.41
3574	opinions	4.41
3575	patterns	4.41
3576	presents	4.41
3577	priority	4.41
3578	promotion	4.41
3579	rail	4.41
3580	readers	4.41
3581	remote	4.41
3582	repair	4.41
3583	root	4.41
3584	saint	4.41
3585	steal	4.41
3586	stolen	4.41
3587	telephone	4.41
3588	tho	4.41
3589	titles	4.41
3590	trans	4.41
3591	ups	4.41
3592	vol	4.41
3593	whereas	4.41
3594	abandoned	4.4
3595	acquired	4.4
3596	actors	4.4
3597	alexander	4.4
3598	alliance	4.4
3599	annoying	4.4
3600	ap	4.4
3601	bid	4.4
3602	bro	4.4
3603	buddy	4.4
3604	buried	4.4
3605	butter	4.4
3606	cares	4.4
3607	columbia	4.4
3608	conclusion	4.4
3609	confirm	4.4
3610	congratulations	4.4
3611	contracts	4.4
3612	convinced	4.4
3613	crap	4.4
3614	crystal	4.4
3615	dean	4.4
3616	decent	4.4
3617	decline	4.4
3618	delay	4.4
3619	describes	4.4
3620	desert	4.4
3621	downtown	4.4
3622	elite	4.4
3623	enemies	4.4
3624	forgotten	4.4
3625	forth	4.4
3626	gods	4.4
3627	hadn't	4.4
3628	hire	4.4
3629	hop	4.4
3630	hopes	4.4
3631	insane	4.4
3632	installed	4.4
3633	israeli	4.4
3634	landing	4.4
3635	layer	4.4
3636	managing	4.4
3637	marry	4.4
3638	nah	4.4
3639	nowhere	4.4
3640	nurse	4.4
3641	obtain	4.4
3642	organic	4.4
3643	ownership	4.4
3644	participants	4.4
3645	pennsylvania	4.4
3646	poetry	4.4
3647	pot	4.4
3648	pray	4.4
3649	printed	4.4
3650	recall	4.4
3651	rugby	4.4
3652	sake	4.4
3653	sheet	4.4
3654	signing	4.4
3655	smooth	4.4
3656	spiritual	4.4
3657	stops	4.4
3658	string	4.4
3659	sudden	4.4
3660	sweden	4.4
3661	syria	4.4
3662	throwing	4.4
3663	thrown	4.4
3664	vacation	4.4
3665	abroad	4.39
3666	arab	4.39
3667	assigned	4.39
3668	associate	4.39
3669	assumed	4.39
3670	atlantic	4.39
3671	bench	4.39
3672	bother	4.39
3673	broadcast	4.39
3674	bye	4.39
3675	cambridge	4.39
3676	citizen	4.39
3677	cleaning	4.39
3678	compete	4.39
3679	consists	4.39
3680	consumers	4.39
3681	contributed	4.39
3682	cricket	4.39
3683	critics	4.39
3684	damaged	4.39
3685	disaster	4.39
3686	discover	4.39
3687	disney	4.39
3688	entrance	4.39
3689	equally	4.39
3690	fallen	4.39
3691	figured	4.39
3692	fitness	4.39
3693	francis	4.39
3694	friendship	4.39
3695	gary	4.39
3696	handling	4.39
3697	idiot	4.39
3698	intense	4.39
3699	keys	4.39
3700	lawyers	4.39
3701	lifetime	4.39
3702	liquid	4.39
3703	makeup	4.39
3704	medal	4.39
3705	mortgage	4.39
3706	narrative	4.39
3707	narrow	4.39
3708	nba	4.39
3709	observed	4.39
3710	occasionally	4.39
3711	one's	4.39
3712	pan	4.39
3713	physics	4.39
3714	posting	4.39
3715	potentially	4.39
3716	reduction	4.39
3717	reflect	4.39
3718	refuse	4.39
3719	researchers	4.39
3720	resource	4.39
3721	roger	4.39
3722	ross	4.39
3723	sciences	4.39
3724	seattle	4.39
3725	serves	4.39
3726	shell	4.39
3727	silly	4.39
3728	subsequent	4.39
3729	they'd	4.39
3730	towns	4.39
3731	translation	4.39
3732	visible	4.39
3733	yep	4.39
3734	adds	4.38
3735	allen	4.38
3736	amendment	4.38
3737	angle	4.38
3738	arizona	4.38
3739	arrive	4.38
3740	belong	4.38
3741	berlin	4.38
3742	bishop	4.38
3743	channels	4.38
3744	clark	4.38
3745	commonly	4.38
3746	connect	4.38
3747	defensive	4.38
3748	designs	4.38
3749	efficiency	4.38
3750	enterprise	4.38
3751	experiment	4.38
3752	feb	4.38
3753	females	4.38
3754	findings	4.38
3755	firms	4.38
3756	forum	4.38
3757	gifts	4.38
3758	grass	4.38
3759	hence	4.38
3760	increasingly	4.38
3761	incredibly	4.38
3762	iv	4.38
3763	jay	4.38
3764	journalist	4.38
3765	kicked	4.38
3766	lessons	4.38
3767	lists	4.38
3768	maintained	4.38
3769	mill	4.38
3770	mo	4.38
3771	occasion	4.38
3772	oxford	4.38
3773	pace	4.38
3774	passenger	4.38
3775	pen	4.38
3776	pope	4.38
3777	possession	4.38
3778	pp	4.38
3779	races	4.38
3780	rapid	4.38
3781	regulation	4.38
3782	resident	4.38
3783	rocks	4.38
3784	shaped	4.38
3785	sixth	4.38
3786	spin	4.38
3787	styles	4.38
3788	subjects	4.38
3789	sucks	4.38
3790	suitable	4.38
3791	thirty	4.38
3792	valid	4.38
3793	vital	4.38
3794	whilst	4.38
3795	year's	4.38
3796	agriculture	4.37
3797	alleged	4.37
3798	anna	4.37
3799	atlanta	4.37
3800	bands	4.37
3801	christians	4.37
3802	collect	4.37
3803	commerce	4.37
3804	cop	4.37
3805	creek	4.37
3806	currency	4.37
3807	emotions	4.37
3808	exhibition	4.37
3809	fraud	4.37
3810	funeral	4.37
3811	genuine	4.37
3812	god's	4.37
3813	gordon	4.37
3814	honey	4.37
3815	honour	4.37
3816	hook	4.37
3817	hunter	4.37
3818	immigrants	4.37
3819	improving	4.37
3820	instructions	4.37
3821	introduce	4.37
3822	kansas	4.37
3823	km	4.37
3824	lands	4.37
3825	legacy	4.37
3826	log	4.37
3827	matthew	4.37
3828	merely	4.37
3829	monitor	4.37
3830	mother's	4.37
3831	nov	4.37
3832	patrick	4.37
3833	phil	4.37
3834	prisoners	4.37
3835	programming	4.37
3836	publishing	4.37
3837	ratio	4.37
3838	regret	4.37
3839	rejected	4.37
3840	remind	4.37
3841	resort	4.37
3842	resulted	4.37
3843	reverse	4.37
3844	routine	4.37
3845	scary	4.37
3846	seed	4.37
3847	settle	4.37
3848	sin	4.37
3849	spell	4.37
3850	summary	4.37
3851	survival	4.37
3852	sword	4.37
3853	tongue	4.37
3854	ward	4.37
3855	waves	4.37
3856	wayne	4.37
3857	achievement	4.36
3858	anderson	4.36
3859	argued	4.36
3860	asleep	4.36
3861	austin	4.36
3862	automatic	4.36
3863	begun	4.36
3864	behaviour	4.36
3865	cd	4.36
3866	cents	4.36
3867	coat	4.36
3868	comprehensive	4.36
3869	consent	4.36
3870	daddy	4.36
3871	destruction	4.36
3872	diego	4.36
3873	diseases	4.36
3874	divorce	4.36
3875	doc	4.36
3876	drove	4.36
3877	ears	4.36
3878	engage	4.36
3879	extraordinary	4.36
3880	fate	4.36
3881	frequency	4.36
3882	gaming	4.36
3883	gene	4.36
3884	glory	4.36
3885	headquarters	4.36
3886	heritage	4.36
3887	initiative	4.36
3888	interviews	4.36
3889	jean	4.36
3890	juice	4.36
3891	landscape	4.36
3892	logic	4.36
3893	meets	4.36
3894	melbourne	4.36
3895	microsoft	4.36
3896	objective	4.36
3897	organisation	4.36
3898	privacy	4.36
3899	procedures	4.36
3900	profits	4.36
3901	reducing	4.36
3902	regard	4.36
3903	representing	4.36
3904	residence	4.36
3905	roughly	4.36
3906	salary	4.36
3907	scoring	4.36
3908	script	4.36
3909	searching	4.36
3910	sections	4.36
3911	strip	4.36
3912	surrounded	4.36
3913	threatened	4.36
3914	transferred	4.36
3915	tube	4.36
3916	universities	4.36
3917	walter	4.36
3918	wisconsin	4.36
3919	would've	4.36
3920	writes	4.36
3921	a.m	4.35
3922	ambassador	4.35
3923	ann	4.35
3924	apps	4.35
3925	awarded	4.35
3926	banking	4.35
3927	breast	4.35
3928	cant	4.35
3929	carter	4.35
3930	chelsea	4.35
3931	chemistry	4.35
3932	concluded	4.35
3933	consumption	4.35
3934	corruption	4.35
3935	cotton	4.35
3936	crossed	4.35
3937	detroit	4.35
3938	discount	4.35
3939	dozen	4.35
3940	engines	4.35
3941	epic	4.35
3942	exception	4.35
3943	exit	4.35
3944	expand	4.35
3945	fancy	4.35
3946	gorgeous	4.35
3947	grateful	4.35
3948	heroes	4.35
3949	holes	4.35
3950	impression	4.35
3951	inches	4.35
3952	indicate	4.35
3953	input	4.35
3954	johnny	4.35
3955	josh	4.35
3956	knock	4.35
3957	leather	4.35
3958	lips	4.35
3959	luxury	4.35
3960	lyrics	4.35
3961	manufacturers	4.35
3962	masters	4.35
3963	movements	4.35
3964	oct	4.35
3965	operated	4.35
3966	ought	4.35
3967	outcome	4.35
3968	painted	4.35
3969	poll	4.35
3970	preferred	4.35
3971	pulling	4.35
3972	ranked	4.35
3973	referring	4.35
3974	removal	4.35
3975	rep	4.35
3976	reporter	4.35
3977	rio	4.35
3978	risks	4.35
3979	rob	4.35
3980	screaming	4.35
3981	sept	4.35
3982	sequence	4.35
3983	singapore	4.35
3984	stretch	4.35
3985	tear	4.35
3986	tennis	4.35
3987	terrorist	4.35
3988	theater	4.35
3989	ties	4.35
3990	twelve	4.35
3991	versions	4.35
3992	virgin	4.35
3993	voices	4.35
3994	wishes	4.35
3995	wolf	4.35
3996	absence	4.34
3997	agricultural	4.34
3998	asshole	4.34
3999	ate	4.34
4000	athletes	4.34
4001	bears	4.34
4002	blues	4.34
4003	boxes	4.34
4004	bruce	4.34
4005	bull	4.34
4006	cameras	4.34
4007	commonwealth	4.34
4008	contribute	4.34
4009	contribution	4.34
4010	contributions	4.34
4011	couples	4.34
4012	delicious	4.34
4013	deny	4.34
4014	deserves	4.34
4015	ease	4.34
4016	extend	4.34
4017	fame	4.34
4018	flood	4.34
4019	generated	4.34
4020	genetic	4.34
4021	glasses	4.34
4022	impressed	4.34
4023	indicated	4.34
4024	instant	4.34
4025	investors	4.34
4026	involves	4.34
4027	kate	4.34
4028	kills	4.34
4029	liberty	4.34
4030	man's	4.34
4031	maria	4.34
4032	ministers	4.34
4033	monitoring	4.34
4034	occurs	4.34
4035	passengers	4.34
4036	photographs	4.34
4037	principle	4.34
4038	producers	4.34
4039	progressive	4.34
4040	punishment	4.34
4041	rally	4.34
4042	rapidly	4.34
4043	reader	4.34
4044	representation	4.34
4045	restaurants	4.34
4046	reveals	4.34
4047	roots	4.34
4048	samples	4.34
4049	shops	4.34
4050	sum	4.34
4051	swing	4.34
4052	tail	4.34
4053	texts	4.34
4054	twin	4.34
4055	upcoming	4.34
4056	veterans	4.34
4057	alert	4.33
4058	arena	4.33
4059	arguments	4.33
4060	aug	4.33
4061	billy	4.33
4062	boom	4.33
4063	boots	4.33
4064	brave	4.33
4065	claiming	4.33
4066	column	4.33
4067	commit	4.33
4068	compensation	4.33
4069	composition	4.33
4070	computers	4.33
4071	conservation	4.33
4072	constitutional	4.33
4073	crossing	4.33
4074	d.c	4.33
4075	defending	4.33
4076	density	4.33
4077	di	4.33
4078	difficulty	4.33
4079	dropping	4.33
4080	drops	4.33
4081	elementary	4.33
4082	ethnic	4.33
4083	expenses	4.33
4084	fleet	4.33
4085	foster	4.33
4086	fuckin	4.33
4087	fundamental	4.33
4088	gen	4.33
4089	genius	4.33
4090	greatly	4.33
4091	guidance	4.33
4092	hospitals	4.33
4093	infection	4.33
4094	instagram	4.33
4095	intention	4.33
4096	iowa	4.33
4097	jokes	4.33
4098	knee	4.33
4099	mechanical	4.33
4100	nigeria	4.33
4101	parks	4.33
4102	participation	4.33
4103	periods	4.33
4104	precious	4.33
4105	pregnancy	4.33
4106	premium	4.33
4107	preparing	4.33
4108	pretend	4.33
4109	priest	4.33
4110	prominent	4.33
4111	proven	4.33
4112	radical	4.33
4113	remembered	4.33
4114	requested	4.33
4115	residential	4.33
4116	reward	4.33
4117	rings	4.33
4118	robin	4.33
4119	russell	4.33
4120	satellite	4.33
4121	shake	4.33
4122	shore	4.33
4123	spots	4.33
4124	stats	4.33
4125	struggling	4.33
4126	substantial	4.33
4127	teen	4.33
4128	temperatures	4.33
4129	transmission	4.33
4130	trap	4.33
4131	uniform	4.33
4132	wildlife	4.33
4133	wooden	4.33
4134	ads	4.32
4135	aggressive	4.32
4136	anne	4.32
4137	answered	4.32
4138	apparent	4.32
4139	bang	4.32
4140	blast	4.32
4141	bones	4.32
4142	brands	4.32
4143	centuries	4.32
4144	communist	4.32
4145	complaint	4.32
4146	component	4.32
4147	connections	4.32
4148	courage	4.32
4149	cure	4.32
4150	del	4.32
4151	desperate	4.32
4152	diversity	4.32
4153	duties	4.32
4154	encouraged	4.32
4155	eve	4.32
4156	faculty	4.32
4157	feedback	4.32
4158	fighter	4.32
4159	frozen	4.32
4160	guards	4.32
4161	hiding	4.32
4162	humanity	4.32
4163	ian	4.32
4164	il	4.32
4165	innovation	4.32
4166	instruments	4.32
4167	invest	4.32
4168	jacket	4.32
4169	justin	4.32
4170	legislative	4.32
4171	listing	4.32
4172	manual	4.32
4173	mothers	4.32
4174	murdered	4.32
4175	nursing	4.32
4176	occupied	4.32
4177	ongoing	4.32
4178	operator	4.32
4179	painful	4.32
4180	pound	4.32
4181	preparation	4.32
4182	punch	4.32
4183	purple	4.32
4184	railroad	4.32
4185	registration	4.32
4186	releases	4.32
4187	rick	4.32
4188	romance	4.32
4189	someone's	4.32
4190	submitted	4.32
4191	sufficient	4.32
4192	survived	4.32
4193	suspended	4.32
4194	technologies	4.32
4195	tissue	4.32
4196	trailer	4.32
4197	trends	4.32
4198	trials	4.32
4199	ukraine	4.32
4200	underground	4.32
4201	versus	4.32
4202	virtual	4.32
4203	walks	4.32
4204	wounded	4.32
4205	ali	4.31
4206	amongst	4.31
4207	announcement	4.31
4208	arranged	4.31
4209	arsenal	4.31
4210	attending	4.31
4211	attracted	4.31
4212	biological	4.31
4213	bite	4.31
4214	blocked	4.31
4215	boards	4.31
4216	burned	4.31
4217	categories	4.31
4218	checks	4.31
4219	chip	4.31
4220	company's	4.31
4221	concerning	4.31
4222	dare	4.31
4223	database	4.31
4224	define	4.31
4225	discrimination	4.31
4226	disorder	4.31
4227	distributed	4.31
4228	districts	4.31
4229	documentary	4.31
4230	domain	4.31
4231	dynamic	4.31
4232	edited	4.31
4233	engagement	4.31
4234	explore	4.31
4235	favour	4.31
4236	fewer	4.31
4237	footage	4.31
4238	giants	4.31
4239	grave	4.31
4240	hamilton	4.31
4241	implementation	4.31
4242	indiana	4.31
4243	investigate	4.31
4244	jazz	4.31
4245	jon	4.31
4246	jonathan	4.31
4247	laboratory	4.31
4248	lawrence	4.31
4249	lincoln	4.31
4250	literary	4.31
4251	mask	4.31
4252	massachusetts	4.31
4253	midnight	4.31
4254	minnesota	4.31
4255	mouse	4.31
4256	oscar	4.31
4257	packed	4.31
4258	piano	4.31
4259	praise	4.31
4260	presentation	4.31
4261	psychology	4.31
4262	relation	4.31
4263	restrictions	4.31
4264	rocket	4.31
4265	ruin	4.31
4266	saudi	4.31
4267	sean	4.31
4268	sec	4.31
4269	secrets	4.31
4270	slave	4.31
4271	stability	4.31
4272	steady	4.31
4273	stones	4.31
4274	symbol	4.31
4275	terminal	4.31
4276	toilet	4.31
4277	treaty	4.31
4278	triple	4.31
4279	unlikely	4.31
4280	updates	4.31
4281	vietnam	4.31
4282	viewed	4.31
4283	6th	4.3
4284	affair	4.3
4285	agenda	4.3
4286	bat	4.3
4287	bow	4.3
4288	calendar	4.3
4289	cape	4.3
4290	collective	4.3
4291	conversations	4.3
4292	cooperation	4.3
4293	craft	4.3
4294	darkness	4.3
4295	deeper	4.3
4296	devil	4.3
4297	edit	4.3
4298	enable	4.3
4299	equity	4.3
4300	estimates	4.3
4301	failing	4.3
4302	finishing	4.3
4303	fortune	4.3
4304	gates	4.3
4305	goodbye	4.3
4306	graham	4.3
4307	hardware	4.3
4308	hillary	4.3
4309	hurts	4.3
4310	intellectual	4.3
4311	invite	4.3
4312	involvement	4.3
4313	kentucky	4.3
4314	madrid	4.3
4315	mi	4.3
4316	nuts	4.3
4317	oregon	4.3
4318	partly	4.3
4319	petition	4.3
4320	phrase	4.3
4321	physically	4.3
4322	protecting	4.3
4323	racial	4.3
4324	rated	4.3
4325	regime	4.3
4326	rivers	4.3
4327	rounds	4.3
4328	ruled	4.3
4329	sa	4.3
4330	sauce	4.3
4331	seal	4.3
4332	separated	4.3
4333	shield	4.3
4334	similarly	4.3
4335	slide	4.3
4336	stem	4.3
4337	summit	4.3
4338	talented	4.3
4339	throat	4.3
4340	tiger	4.3
4341	touched	4.3
4342	toy	4.3
4343	visits	4.3
4344	warriors	4.3
4345	wisdom	4.3
4346	accounting	4.29
4347	alien	4.29
4348	attacking	4.29
4349	awkward	4.29
4350	beast	4.29
4351	beef	4.29
4352	candy	4.29
4353	carrier	4.29
4354	celebration	4.29
4355	celebrity	4.29
4356	certificate	4.29
4357	cited	4.29
4358	clay	4.29
4359	coaching	4.29
4360	colleagues	4.29
4361	constructed	4.29
4362	dated	4.29
4363	dec	4.29
4364	default	4.29
4365	delhi	4.29
4366	derived	4.29
4367	dialogue	4.29
4368	disabled	4.29
4369	distinct	4.29
4370	drag	4.29
4371	educated	4.29
4372	eligible	4.29
4373	estimate	4.29
4374	execution	4.29
4375	existed	4.29
4376	fifty	4.29
4377	followers	4.29
4378	fool	4.29
4379	framework	4.29
4380	franchise	4.29
4381	funded	4.29
4382	furniture	4.29
4383	generations	4.29
4384	guaranteed	4.29
4385	integrated	4.29
4386	intelligent	4.29
4387	interaction	4.29
4388	jet	4.29
4389	journalists	4.29
4390	lifestyle	4.29
4391	lighting	4.29
4392	lisa	4.29
4393	loop	4.29
4394	mall	4.29
4395	mp	4.29
4396	overseas	4.29
4397	performances	4.29
4398	philippines	4.29
4399	polish	4.29
4400	recommendations	4.29
4401	recover	4.29
4402	regarded	4.29
4403	relax	4.29
4404	reliable	4.29
4405	rely	4.29
4406	remarkable	4.29
4407	responses	4.29
4408	ruling	4.29
4409	sacrifice	4.29
4410	se	4.29
4411	sole	4.29
4412	stopping	4.29
4413	strategies	4.29
4414	succeed	4.29
4415	tables	4.29
4416	tale	4.29
4417	targets	4.29
4418	timing	4.29
4419	ton	4.29
4420	volunteers	4.29
4421	witnesses	4.29
4422	wore	4.29
4423	worship	4.29
4424	worthy	4.29
4425	acted	4.28
4426	alarm	4.28
4427	bass	4.28
4428	bloody	4.28
4429	breathing	4.28
4430	butt	4.28
4431	characteristics	4.28
4432	cnn	4.28
4433	collaboration	4.28
4434	con	4.28
4435	consideration	4.28
4436	counts	4.28
4437	creates	4.28
4438	crucial	4.28
4439	daughters	4.28
4440	dependent	4.28
4441	discussions	4.28
4442	drives	4.28
4443	dual	4.28
4444	edinburgh	4.28
4445	equipped	4.28
4446	expanded	4.28
4447	experimental	4.28
4448	feeding	4.28
4449	filter	4.28
4450	galaxy	4.28
4451	globe	4.28
4452	grades	4.28
4453	greece	4.28
4454	gulf	4.28
4455	highlights	4.28
4456	hoped	4.28
4457	intent	4.28
4458	involve	4.28
4459	judgment	4.28
4460	kennedy	4.28
4461	knight	4.28
4462	larry	4.28
4463	las	4.28
4464	lmao	4.28
4465	logo	4.28
4466	malaysia	4.28
4467	mature	4.28
4468	moore	4.28
4469	nazi	4.28
4470	netherlands	4.28
4471	odds	4.28
4472	peaceful	4.28
4473	philip	4.28
4474	photographer	4.28
4475	pin	4.28
4476	prevention	4.28
4477	printing	4.28
4478	promoting	4.28
4479	publicly	4.28
4480	pump	4.28
4481	repeated	4.28
4482	replied	4.28
4483	requests	4.28
4484	revenge	4.28
4485	satisfied	4.28
4486	seeds	4.28
4487	signals	4.28
4488	slip	4.28
4489	spaces	4.28
4490	spare	4.28
4491	specialist	4.28
4492	stocks	4.28
4493	stranger	4.28
4494	submit	4.28
4495	surprising	4.28
4496	tap	4.28
4497	thompson	4.28
4498	threats	4.28
4499	tourism	4.28
4500	turkish	4.28
4501	volunteer	4.28
4502	7th	4.27
4503	acceptable	4.27
4504	allies	4.27
4505	attempting	4.27
4506	auction	4.27
4507	bonds	4.27
4508	challenging	4.27
4509	chaos	4.27
4510	churches	4.27
4511	cleveland	4.27
4512	cm	4.27
4513	composed	4.27
4514	concentration	4.27
4515	copper	4.27
4516	corp	4.27
4517	corps	4.27
4518	counting	4.27
4519	credits	4.27
4520	dawn	4.27
4521	dispute	4.27
4522	earnings	4.27
4523	editing	4.27
4524	everyone's	4.27
4525	executed	4.27
4526	firing	4.27
4527	fits	4.27
4528	frequent	4.27
4529	gardens	4.27
4530	gathered	4.27
4531	hilarious	4.27
4532	huh	4.27
4533	ignored	4.27
4534	improvements	4.27
4535	investments	4.27
4536	isis	4.27
4537	margin	4.27
4538	mars	4.27
4539	maryland	4.27
4540	mechanism	4.27
4541	moderate	4.27
4542	murray	4.27
4543	oklahoma	4.27
4544	opera	4.27
4545	overcome	4.27
4546	parallel	4.27
4547	passage	4.27
4548	pit	4.27
4549	psychological	4.27
4550	publications	4.27
4551	quest	4.27
4552	radiation	4.27
4553	shocked	4.27
4554	sized	4.27
4555	stroke	4.27
4556	stunning	4.27
4557	tanks	4.27
4558	tokyo	4.27
4559	topics	4.27
4560	trains	4.27
4561	traveling	4.27
4562	treating	4.27
4563	tune	4.27
4564	utility	4.27
4565	vessel	4.27
4566	weed	4.27
4567	wherever	4.27
4568	©	4.27
4569	acquisition	4.26
4570	addressed	4.26
4571	alabama	4.26
4572	alice	4.26
4573	angels	4.26
4574	anime	4.26
4575	announce	4.26
4576	autumn	4.26
4577	backed	4.26
4578	barry	4.26
4579	bold	4.26
4580	borders	4.26
4581	breathe	4.26
4582	cameron	4.26
4583	choosing	4.26
4584	classical	4.26
4585	classified	4.26
4586	clip	4.26
4587	coaches	4.26
4588	coins	4.26
4589	concepts	4.26
4590	conspiracy	4.26
4591	controversy	4.26
4592	convince	4.26
4593	cooper	4.26
4594	disappeared	4.26
4595	eh	4.26
4596	encounter	4.26
4597	equality	4.26
4598	exam	4.26
4599	examination	4.26
4600	fails	4.26
4601	father's	4.26
4602	federation	4.26
4603	fi	4.26
4604	fiscal	4.26
4605	guardian	4.26
4606	hd	4.26
4607	homeless	4.26
4608	instrument	4.26
4609	intervention	4.26
4610	jerry	4.26
4611	lover	4.26
4612	mainstream	4.26
4613	menu	4.26
4614	missouri	4.26
4615	mounted	4.26
4616	mutual	4.26
4617	nope	4.26
4618	occasions	4.26
4619	offense	4.26
4620	oral	4.26
4621	panic	4.26
4622	pays	4.26
4623	peoples	4.26
4624	pursue	4.26
4625	realise	4.26
4626	refugees	4.26
4627	removing	4.26
4628	requirement	4.26
4629	responded	4.26
4630	rip	4.26
4631	ruined	4.26
4632	scope	4.26
4633	segment	4.26
4634	spectrum	4.26
4635	stays	4.26
4636	ted	4.26
4637	terror	4.26
4638	uh	4.26
4639	va	4.26
4640	venture	4.26
4641	virtually	4.26
4642	waited	4.26
4643	warren	4.26
4644	worn	4.26
4645	yea	4.26
4646	ac	4.25
4647	accompanied	4.25
4648	adams	4.25
4649	aids	4.25
4650	aimed	4.25
4651	alpha	4.25
4652	approaches	4.25
4653	arguing	4.25
4654	arrangement	4.25
4655	beliefs	4.25
4656	boats	4.25
4657	boundaries	4.25
4658	brick	4.25
4659	brooklyn	4.25
4660	colleges	4.25
4661	considerable	4.25
4662	conventional	4.25
4663	danny	4.25
4664	des	4.25
4665	designated	4.25
4666	dvd	4.25
4667	emperor	4.25
4668	employers	4.25
4669	enormous	4.25
4670	errors	4.25
4671	focusing	4.25
4672	forgive	4.25
4673	gains	4.25
4674	garage	4.25
4675	gathering	4.25
4676	guidelines	4.25
4677	handled	4.25
4678	hosted	4.25
4679	indians	4.25
4680	indonesia	4.25
4681	inquiry	4.25
4682	inspector	4.25
4683	jumped	4.25
4684	khan	4.25
4685	li	4.25
4686	lion	4.25
4687	loaded	4.25
4688	lonely	4.25
4689	maintaining	4.25
4690	measured	4.25
4691	mercy	4.25
4692	nevertheless	4.25
4693	newspapers	4.25
4694	outer	4.25
4695	oxygen	4.25
4696	pipe	4.25
4697	pissed	4.25
4698	poem	4.25
4699	powder	4.25
4700	powered	4.25
4701	promises	4.25
4702	quotes	4.25
4703	racism	4.25
4704	ratings	4.25
4705	reads	4.25
4706	recovered	4.25
4707	refers	4.25
4708	roy	4.25
4709	rude	4.25
4710	screw	4.25
4711	seventh	4.25
4712	shelter	4.25
4713	signature	4.25
4714	sooner	4.25
4715	spider	4.25
4716	stewart	4.25
4717	strikes	4.25
4718	suggesting	4.25
4719	suits	4.25
4720	toys	4.25
4721	tracking	4.25
4722	tribute	4.25
4723	trigger	4.25
4724	vary	4.25
4725	venue	4.25
4726	wages	4.25
4727	wells	4.25
4728	wheels	4.25
4729	ye	4.25
4730	😂	4.25
4731	8th	4.24
4732	abc	4.24
4733	abortion	4.24
4734	accuracy	4.24
4735	albert	4.24
4736	applying	4.24
4737	artificial	4.24
4738	belongs	4.24
4739	beneath	4.24
4740	bitcoin	4.24
4741	bullet	4.24
4742	burns	4.24
4743	carl	4.24
4744	celebrated	4.24
4745	consistently	4.24
4746	conversion	4.24
4747	copyright	4.24
4748	counties	4.24
4749	democrat	4.24
4750	deposit	4.24
4751	destination	4.24
4752	dirt	4.24
4753	diverse	4.24
4754	divine	4.24
4755	emails	4.24
4756	er	4.24
4757	exclusively	4.24
4758	export	4.24
4759	fastest	4.24
4760	formerly	4.24
4761	functional	4.24
4762	gather	4.24
4763	grandfather	4.24
4764	habit	4.24
4765	harvard	4.24
4766	indicates	4.24
4767	isolated	4.24
4768	jealous	4.24
4769	knocked	4.24
4770	landed	4.24
4771	laughed	4.24
4772	laura	4.24
4773	lazy	4.24
4774	mama	4.24
4775	marshall	4.24
4776	mitchell	4.24
4777	modified	4.24
4778	municipal	4.24
4779	naval	4.24
4780	neighbors	4.24
4781	nelson	4.24
4782	neutral	4.24
4783	noble	4.24
4784	oldest	4.24
4785	pat	4.24
4786	picks	4.24
4787	poland	4.24
4788	popularity	4.24
4789	professionals	4.24
4790	pussy	4.24
4791	reactions	4.24
4792	relate	4.24
4793	robot	4.24
4794	sacred	4.24
4795	securities	4.24
4796	shoe	4.24
4797	speakers	4.24
4798	springs	4.24
4799	spy	4.24
4800	steven	4.24
4801	suggestions	4.24
4802	supplied	4.24
4803	susan	4.24
4804	suspension	4.24
4805	terrorism	4.24
4806	terry	4.24
4807	toxic	4.24
4808	treasury	4.24
4809	tunnel	4.24
4810	unions	4.24
4811	upgrade	4.24
4812	warrant	4.24
4813	wider	4.24
4814	wound	4.24
4815	aaron	4.23
4816	actively	4.23
4817	afghanistan	4.23
4818	ai	4.23
4819	applies	4.23
4820	arrangements	4.23
4821	asset	4.23
4822	assuming	4.23
4823	backing	4.23
4824	baker	4.23
4825	barcelona	4.23
4826	blessed	4.23
4827	brazilian	4.23
4828	brush	4.23
4829	burden	4.23
4830	campbell	4.23
4831	carries	4.23
4832	casual	4.23
4833	certified	4.23
4834	charter	4.23
4835	chef	4.23
4836	city's	4.23
4837	civilian	4.23
4838	coalition	4.23
4839	cock	4.23
4840	complain	4.23
4841	complaints	4.23
4842	controversial	4.23
4843	denver	4.23
4844	describing	4.23
4845	differently	4.23
4846	directions	4.23
4847	discipline	4.23
4848	discussing	4.23
4849	disgusting	4.23
4850	dj	4.23
4851	dominant	4.23
4852	earning	4.23
4853	emma	4.23
4854	essay	4.23
4855	expense	4.23
4856	explaining	4.23
4857	furthermore	4.23
4858	graphic	4.23
4859	greg	4.23
4860	healing	4.23
4861	hiring	4.23
4862	hosts	4.23
4863	implemented	4.23
4864	instantly	4.23
4865	invasion	4.23
4866	jacob	4.23
4867	jumping	4.23
4868	laptop	4.23
4869	legendary	4.23
4870	leo	4.23
4871	maker	4.23
4872	margaret	4.23
4873	mario	4.23
4874	opponents	4.23
4875	outdoor	4.23
4876	palm	4.23
4877	parker	4.23
4878	photograph	4.23
4879	pole	4.23
4880	pub	4.23
4881	quarters	4.23
4882	queensland	4.23
4883	rangers	4.23
4884	ranks	4.23
4885	reception	4.23
4886	recipe	4.23
4887	regulatory	4.23
4888	reviewed	4.23
4889	rolls	4.23
4890	rubber	4.23
4891	secured	4.23
4892	serial	4.23
4893	settings	4.23
4894	shed	4.23
4895	snake	4.23
4896	sponsored	4.23
4897	stealing	4.23
4898	strict	4.23
4899	subsequently	4.23
4900	substance	4.23
4901	suggestion	4.23
4902	switzerland	4.23
4903	syndrome	4.23
4904	tasks	4.23
4905	trips	4.23
4906	ultra	4.23
4907	unexpected	4.23
4908	usage	4.23
4909	utah	4.23
4910	worlds	4.23
4911	accidentally	4.22
4912	affordable	4.22
4913	amateur	4.22
4914	appeals	4.22
4915	argentina	4.22
4916	baltimore	4.22
4917	batman	4.22
4918	bearing	4.22
4919	beats	4.22
4920	bin	4.22
4921	biology	4.22
4922	bobby	4.22
4923	briefly	4.22
4924	canal	4.22
4925	cancelled	4.22
4926	charlotte	4.22
4927	cheaper	4.22
4928	christopher	4.22
4929	climb	4.22
4930	com	4.22
4931	competing	4.22
4932	completion	4.22
4933	cruise	4.22
4934	custody	4.22
4935	delete	4.22
4936	demonstrated	4.22
4937	departure	4.22
4938	developers	4.22
4939	developments	4.22
4940	dig	4.22
4941	eagles	4.22
4942	employer	4.22
4943	evans	4.22
4944	explosion	4.22
4945	fever	4.22
4946	fluid	4.22
4947	folk	4.22
4948	generate	4.22
4949	gop	4.22
4950	handsome	4.22
4951	ho	4.22
4952	holidays	4.22
4953	hotels	4.22
4954	imagination	4.22
4955	integration	4.22
4956	integrity	4.22
4957	interpretation	4.22
4958	leaf	4.22
4959	legitimate	4.22
4960	lightning	4.22
4961	loads	4.22
4962	longest	4.22
4963	magical	4.22
4964	mills	4.22
4965	motivation	4.22
4966	nasty	4.22
4967	oliver	4.22
4968	outfit	4.22
4969	pension	4.22
4970	permit	4.22
4971	perry	4.22
4972	plates	4.22
4973	pleasant	4.22
4974	portrait	4.22
4975	productive	4.22
4976	reminds	4.22
4977	reserves	4.22
4978	ron	4.22
4979	safely	4.22
4980	shirts	4.22
4981	shorter	4.22
4982	slight	4.22
4983	socialist	4.22
4984	streaming	4.22
4985	sue	4.22
4986	targeted	4.22
4987	tension	4.22
4988	thailand	4.22
4989	theories	4.22
4990	touching	4.22
4991	transactions	4.22
4992	twist	4.22
4993	ugh	4.22
4994	unemployment	4.22
4995	unity	4.22
4996	useless	4.22
4997	viewers	4.22
4998	winds	4.22
4999	woke	4.22
5000	wtf	4.22
5001	_	4.21
5002	abilities	4.21
5003	advocate	4.21
5004	aims	4.21
5005	arc	4.21
5006	backup	4.21
5007	beaten	4.21
5008	bitter	4.21
5009	blown	4.21
5010	branches	4.21
5011	campaigns	4.21
5012	chips	4.21
5013	cia	4.21
5014	clever	4.21
5015	clinic	4.21
5016	closest	4.21
5017	collections	4.21
5018	continuous	4.21
5019	converted	4.21
5020	correctly	4.21
5021	creator	4.21
5022	creatures	4.21
5023	criteria	4.21
5024	declined	4.21
5025	detective	4.21
5026	difficulties	4.21
5027	disability	4.21
5028	dish	4.21
5029	douglas	4.21
5030	du	4.21
5031	duck	4.21
5032	egyptian	4.21
5033	ep	4.21
5034	evaluation	4.21
5035	excess	4.21
5036	farming	4.21
5037	fence	4.21
5038	fifa	4.21
5039	fighters	4.21
5040	flights	4.21
5041	forcing	4.21
5042	forming	4.21
5043	franklin	4.21
5044	fred	4.21
5045	gradually	4.21
5046	gravity	4.21
5047	habits	4.21
5048	hawaii	4.21
5049	highlight	4.21
5050	holder	4.21
5051	hood	4.21
5052	hung	4.21
5053	identical	4.21
5054	imperial	4.21
5055	investigations	4.21
5056	jose	4.21
5057	ken	4.21
5058	legally	4.21
5059	lied	4.21
5060	listened	4.21
5061	males	4.21
5062	manufacturer	4.21
5063	meters	4.21
5064	nail	4.21
5065	nasa	4.21
5066	negotiations	4.21
5067	nonsense	4.21
5068	ontario	4.21
5069	operational	4.21
5070	orleans	4.21
5071	owns	4.21
5072	phoenix	4.21
5073	playoffs	4.21
5074	poet	4.21
5075	quoted	4.21
5076	relating	4.21
5077	repeatedly	4.21
5078	robinson	4.21
5079	rolled	4.21
5080	scientist	4.21
5081	sink	4.21
5082	skip	4.21
5083	slavery	4.21
5084	snap	4.21
5085	sorts	4.21
5086	souls	4.21
5087	stole	4.21
5088	swedish	4.21
5089	swim	4.21
5090	swiss	4.21
5091	tennessee	4.21
5092	transaction	4.21
5093	transformation	4.21
5094	veteran	4.21
5095	vulnerable	4.21
5096	wealthy	4.21
5097	additionally	4.2
5098	amy	4.2
5099	attract	4.2
5100	barbara	4.2
5101	beta	4.2
5102	blowing	4.2
5103	bored	4.2
5104	bronze	4.2
5105	bug	4.2
5106	caring	4.2
5107	catching	4.2
5108	cave	4.2
5109	cheating	4.2
5110	chronic	4.2
5111	cleared	4.2
5112	communicate	4.2
5113	convicted	4.2
5114	cultures	4.2
5115	dealt	4.2
5116	delayed	4.2
5117	demonstrate	4.2
5118	departments	4.2
5119	depend	4.2
5120	developer	4.2
5121	diagnosis	4.2
5122	dismissed	4.2
5123	distinguished	4.2
5124	dose	4.2
5125	eighth	4.2
5126	experiments	4.2
5127	fa	4.2
5128	flesh	4.2
5129	flip	4.2
5130	forty	4.2
5131	generous	4.2
5132	germans	4.2
5133	hated	4.2
5134	hr	4.2
5135	implement	4.2
5136	incorporated	4.2
5137	influenced	4.2
5138	jerusalem	4.2
5139	kidding	4.2
5140	laser	4.2
5141	loyal	4.2
5142	marijuana	4.2
5143	md	4.2
5144	mentally	4.2
5145	missions	4.2
5146	occupation	4.2
5147	opponent	4.2
5148	paintings	4.2
5149	patch	4.2
5150	patience	4.2
5151	pic	4.2
5152	pointing	4.2
5153	pollution	4.2
5154	precisely	4.2
5155	prisoner	4.2
5156	privilege	4.2
5157	proposals	4.2
5158	protests	4.2
5159	punk	4.2
5160	radar	4.2
5161	regards	4.2
5162	relatives	4.2
5163	resist	4.2
5164	solely	4.2
5165	stepped	4.2
5166	striking	4.2
5167	terrorists	4.2
5168	th	4.2
5169	tourist	4.2
5170	transit	4.2
5171	trucks	4.2
5172	trusted	4.2
5173	vessels	4.2
5174	villa	4.2
5175	volumes	4.2
5176	websites	4.2
5177	wireless	4.2
5178	wondered	4.2
5179	wrap	4.2
5180	wright	4.2
5181	yoga	4.2
5182	adopt	4.19
5183	airlines	4.19
5184	alaska	4.19
5185	albums	4.19
5186	america's	4.19
5187	anytime	4.19
5188	bacteria	4.19
5189	beings	4.19
5190	beside	4.19
5191	blade	4.19
5192	boot	4.19
5193	bottles	4.19
5194	bucks	4.19
5195	bulk	4.19
5196	camps	4.19
5197	cargo	4.19
5198	census	4.19
5199	christianity	4.19
5200	coastal	4.19
5201	coin	4.19
5202	colored	4.19
5203	commentary	4.19
5204	confusion	4.19
5205	congressional	4.19
5206	corn	4.19
5207	cried	4.19
5208	customs	4.19
5209	dealer	4.19
5210	deemed	4.19
5211	destiny	4.19
5212	distant	4.19
5213	electronics	4.19
5214	emerging	4.19
5215	emotion	4.19
5216	emphasis	4.19
5217	ethics	4.19
5218	excitement	4.19
5219	exploration	4.19
5220	fights	4.19
5221	filling	4.19
5222	filming	4.19
5223	glasgow	4.19
5224	graphics	4.19
5225	helen	4.19
5226	humor	4.19
5227	insight	4.19
5228	invested	4.19
5229	it'd	4.19
5230	jennifer	4.19
5231	lit	4.19
5232	louisiana	4.19
5233	mar	4.19
5234	marie	4.19
5235	meals	4.19
5236	mississippi	4.19
5237	nerve	4.19
5238	netflix	4.19
5239	nightmare	4.19
5240	operators	4.19
5241	overnight	4.19
5242	partially	4.19
5243	participating	4.19
5244	pie	4.19
5245	platforms	4.19
5246	populations	4.19
5247	poster	4.19
5248	pr	4.19
5249	practically	4.19
5250	preserve	4.19
5251	produces	4.19
5252	qualify	4.19
5253	raid	4.19
5254	ram	4.19
5255	ranging	4.19
5256	ranking	4.19
5257	receives	4.19
5258	respective	4.19
5259	restricted	4.19
5260	routes	4.19
5261	samuel	4.19
5262	sandy	4.19
5263	scenario	4.19
5264	sheep	4.19
5265	situated	4.19
5266	slaves	4.19
5267	sony	4.19
5268	spotted	4.19
5269	spreading	4.19
5270	stanley	4.19
5271	sustainable	4.19
5272	sustained	4.19
5273	taxi	4.19
5274	themes	4.19
5275	threatening	4.19
5276	tobacco	4.19
5277	trace	4.19
5278	trapped	4.19
5279	turner	4.19
5280	uncomfortable	4.19
5281	wasted	4.19
5282	weakness	4.19
5283	widespread	4.19
5284	xbox	4.19
5285	accepting	4.18
5286	accessible	4.18
5287	acknowledge	4.18
5288	advised	4.18
5289	advisory	4.18
5290	animation	4.18
5291	assignment	4.18
5292	balanced	4.18
5293	bare	4.18
5294	basement	4.18
5295	bases	4.18
5296	battles	4.18
5297	bias	4.18
5298	birmingham	4.18
5299	bits	4.18
5300	cancel	4.18
5301	carpet	4.18
5302	ceiling	4.18
5303	cherry	4.18
5304	chill	4.18
5305	classification	4.18
5306	clue	4.18
5307	codes	4.18
5308	cole	4.18
5309	collapse	4.18
5310	collecting	4.18
5311	compound	4.18
5312	conscious	4.18
5313	consecutive	4.18
5314	contents	4.18
5315	costume	4.18
5316	craig	4.18
5317	deleted	4.18
5318	devoted	4.18
5319	didnt	4.18
5320	displayed	4.18
5321	dominated	4.18
5322	earl	4.18
5323	endless	4.18
5324	escaped	4.18
5325	examine	4.18
5326	floating	4.18
5327	garbage	4.18
5328	gospel	4.18
5329	grain	4.18
5330	grid	4.18
5331	grows	4.18
5332	heating	4.18
5333	identification	4.18
5334	knees	4.18
5335	lap	4.18
5336	lions	4.18
5337	liver	4.18
5338	metro	4.18
5339	metropolitan	4.18
5340	mines	4.18
5341	mixture	4.18
5342	nominated	4.18
5343	oak	4.18
5344	parliamentary	4.18
5345	patent	4.18
5346	perception	4.18
5347	physician	4.18
5348	portland	4.18
5349	proceed	4.18
5350	proceedings	4.18
5351	pupils	4.18
5352	reserved	4.18
5353	restore	4.18
5354	rifle	4.18
5355	rival	4.18
5356	rs	4.18
5357	runner	4.18
5358	sadly	4.18
5359	sc	4.18
5360	she'd	4.18
5361	she'll	4.18
5362	shoulders	4.18
5363	significance	4.18
5364	sits	4.18
5365	sizes	4.18
5366	slept	4.18
5367	soap	4.18
5368	spray	4.18
5369	stored	4.18
5370	stressed	4.18
5371	structural	4.18
5372	suite	4.18
5373	tbh	4.18
5374	tropical	4.18
5375	ukrainian	4.18
5376	unnecessary	4.18
5377	verse	4.18
5378	victor	4.18
5379	vintage	4.18
5380	warned	4.18
5381	watson	4.18
5382	acres	4.17
5383	adapted	4.17
5384	adoption	4.17
5385	anonymous	4.17
5386	antonio	4.17
5387	approaching	4.17
5388	artistic	4.17
5389	attendance	4.17
5390	aviation	4.17
5391	barrel	4.17
5392	beds	4.17
5393	beloved	4.17
5394	bless	4.17
5395	boxing	4.17
5396	celebrating	4.17
5397	charging	4.17
5398	chemicals	4.17
5399	chuck	4.17
5400	cinema	4.17
5401	colonial	4.17
5402	comics	4.17
5403	compliance	4.17
5404	contrary	4.17
5405	controlling	4.17
5406	corporations	4.17
5407	couch	4.17
5408	country's	4.17
5409	crush	4.17
5410	dam	4.17
5411	decrease	4.17
5412	defeated	4.17
5413	diabetes	4.17
5414	dressing	4.17
5415	expanding	4.17
5416	fears	4.17
5417	fires	4.17
5418	genre	4.17
5419	gentle	4.17
5420	grammar	4.17
5421	hiv	4.17
5422	idk	4.17
5423	illustrated	4.17
5424	invented	4.17
5425	jake	4.17
5426	jam	4.17
5427	jamie	4.17
5428	jessica	4.17
5429	keith	4.17
5430	kent	4.17
5431	layers	4.17
5432	lease	4.17
5433	lens	4.17
5434	licensed	4.17
5435	loyalty	4.17
5436	madison	4.17
5437	magnetic	4.17
5438	metres	4.17
5439	monsters	4.17
5440	mysterious	4.17
5441	notion	4.17
5442	partial	4.17
5443	piss	4.17
5444	placing	4.17
5445	propaganda	4.17
5446	rat	4.17
5447	reflection	4.17
5448	reminded	4.17
5449	resolve	4.17
5450	revolutionary	4.17
5451	scandal	4.17
5452	shine	4.17
5453	si	4.17
5454	simultaneously	4.17
5455	substitute	4.17
5456	surveillance	4.17
5457	tactics	4.17
5458	testimony	4.17
5459	thai	4.17
5460	treasure	4.17
5461	trophy	4.17
5462	tweet	4.17
5463	tyler	4.17
5464	underlying	4.17
5465	unfair	4.17
5466	villages	4.17
5467	von	4.17
5468	wa	4.17
5469	acceptance	4.16
5470	accidents	4.16
5471	affects	4.16
5472	annually	4.16
5473	apologize	4.16
5474	appreciated	4.16
5475	approached	4.16
5476	arriving	4.16
5477	ash	4.16
5478	aunt	4.16
5479	benjamin	4.16
5480	blake	4.16
5481	bubble	4.16
5482	buyers	4.16
5483	casino	4.16
5484	charts	4.16
5485	clouds	4.16
5486	connecting	4.16
5487	counsel	4.16
5488	creature	4.16
5489	deadly	4.16
5490	decides	4.16
5491	der	4.16
5492	desired	4.16
5493	determination	4.16
5494	embrace	4.16
5495	emerged	4.16
5496	exhibit	4.16
5497	flew	4.16
5498	gentleman	4.16
5499	gm	4.16
5500	halloween	4.16
5501	hammer	4.16
5502	hitler	4.16
5503	hosting	4.16
5504	icon	4.16
5505	imposed	4.16
5506	indigenous	4.16
5507	infinite	4.16
5508	installation	4.16
5509	inter	4.16
5510	interactions	4.16
5511	introducing	4.16
5512	iranian	4.16
5513	kicking	4.16
5514	laying	4.16
5515	legislature	4.16
5516	liability	4.16
5517	maine	4.16
5518	makers	4.16
5519	manhattan	4.16
5520	marathon	4.16
5521	marvel	4.16
5522	michelle	4.16
5523	moreover	4.16
5524	mps	4.16
5525	neil	4.16
5526	organisations	4.16
5527	ours	4.16
5528	parade	4.16
5529	paradise	4.16
5530	perceived	4.16
5531	pics	4.16
5532	planes	4.16
5533	politician	4.16
5534	preliminary	4.16
5535	premiere	4.16
5536	presidency	4.16
5537	reaches	4.16
5538	react	4.16
5539	realistic	4.16
5540	remarks	4.16
5541	retain	4.16
5542	roberts	4.16
5543	rocky	4.16
5544	russians	4.16
5545	saints	4.16
5546	satisfaction	4.16
5547	scratch	4.16
5548	shade	4.16
5549	sheets	4.16
5550	sheriff	4.16
5551	shy	4.16
5552	sometime	4.16
5553	spirits	4.16
5554	sporting	4.16
5555	strictly	4.16
5556	sunshine	4.16
5557	teens	4.16
5558	thou	4.16
5559	tier	4.16
5560	tommy	4.16
5561	travelling	4.16
5562	vancouver	4.16
5563	vocal	4.16
5564	warrior	4.16
5565	woman's	4.16
5566	worries	4.16
5567	yield	4.16
5568	accomplished	4.15
5569	admission	4.15
5570	adventures	4.15
5571	aka	4.15
5572	appearing	4.15
5573	bacon	4.15
5574	barrier	4.15
5575	belgium	4.15
5576	believing	4.15
5577	blacks	4.15
5578	bombs	4.15
5579	burst	4.15
5580	caps	4.15
5581	casting	4.15
5582	cattle	4.15
5583	cc	4.15
5584	classroom	4.15
5585	collins	4.15
5586	colours	4.15
5587	compromise	4.15
5588	convenient	4.15
5589	costa	4.15
5590	criminals	4.15
5591	crop	4.15
5592	earthquake	4.15
5593	elderly	4.15
5594	eliminate	4.15
5595	embarrassing	4.15
5596	farmer	4.15
5597	finest	4.15
5598	grants	4.15
5599	harbor	4.15
5600	harvey	4.15
5601	hates	4.15
5602	incidents	4.15
5603	inform	4.15
5604	ion	4.15
5605	jeremy	4.15
5606	lesbian	4.15
5607	lovers	4.15
5608	lt	4.15
5609	mathematics	4.15
5610	medication	4.15
5611	minded	4.15
5612	morris	4.15
5613	norway	4.15
5614	par	4.15
5615	podcast	4.15
5616	portfolio	4.15
5617	productivity	4.15
5618	promoted	4.15
5619	protocol	4.15
5620	quietly	4.15
5621	rachel	4.15
5622	replacing	4.15
5623	responsibilities	4.15
5624	salad	4.15
5625	scholarship	4.15
5626	screening	4.15
5627	sends	4.15
5628	smiling	4.15
5629	soup	4.15
5630	southeast	4.15
5631	stake	4.15
5632	stating	4.15
5633	strain	4.15
5634	suspected	4.15
5635	swift	4.15
5636	tackle	4.15
5637	tigers	4.15
5638	timeline	4.15
5639	torture	4.15
5640	traded	4.15
5641	translated	4.15
5642	tricks	4.15
5643	twins	4.15
5644	urgent	4.15
5645	vegetables	4.15
5646	vertical	4.15
5647	violation	4.15
5648	wallet	4.15
5649	welsh	4.15
5650	workshop	4.15
5651	wrapped	4.15
5652	9th	4.14
5653	aboard	4.14
5654	abstract	4.14
5655	accent	4.14
5656	addiction	4.14
5657	associates	4.14
5658	awake	4.14
5659	beam	4.14
5660	beans	4.14
5661	binding	4.14
5662	blank	4.14
5663	buffalo	4.14
5664	cbs	4.14
5665	commons	4.14
5666	conservatives	4.14
5667	contacts	4.14
5668	conviction	4.14
5669	corrupt	4.14
5670	cow	4.14
5671	curve	4.14
5672	depressed	4.14
5673	deserved	4.14
5674	dining	4.14
5675	disorders	4.14
5676	duration	4.14
5677	eddie	4.14
5678	emily	4.14
5679	encouraging	4.14
5680	farms	4.14
5681	fifteen	4.14
5682	flows	4.14
5683	ga	4.14
5684	genes	4.14
5685	graduated	4.14
5686	grandmother	4.14
5687	harsh	4.14
5688	heights	4.14
5689	horn	4.14
5690	hurry	4.14
5691	immune	4.14
5692	inflation	4.14
5693	ingredients	4.14
5694	inspection	4.14
5695	install	4.14
5696	instruction	4.14
5697	intensity	4.14
5698	inventory	4.14
5699	investigated	4.14
5700	invitation	4.14
5701	judicial	4.14
5702	justify	4.14
5703	kyle	4.14
5704	lakes	4.14
5705	lean	4.14
5706	lecture	4.14
5707	libraries	4.14
5708	logical	4.14
5709	mason	4.14
5710	meaningful	4.14
5711	migration	4.14
5712	missile	4.14
5713	motivated	4.14
5714	muscles	4.14
5715	nancy	4.14
5716	norman	4.14
5717	northwest	4.14
5718	nurses	4.14
5719	organ	4.14
5720	patrol	4.14
5721	pearl	4.14
5722	peer	4.14
5723	pepper	4.14
5724	pig	4.14
5725	pile	4.14
5726	plug	4.14
5727	provision	4.14
5728	releasing	4.14
5729	requiring	4.14
5730	revised	4.14
5731	rod	4.14
5732	scream	4.14
5733	stairs	4.14
5734	staring	4.14
5735	statistical	4.14
5736	sticks	4.14
5737	strangers	4.14
5738	succeeded	4.14
5739	sweat	4.14
5740	switched	4.14
5741	syrian	4.14
5742	tattoo	4.14
5743	teenage	4.14
5744	thunder	4.14
5745	tours	4.14
5746	tragedy	4.14
5747	trauma	4.14
5748	vincent	4.14
5749	wrestling	4.14
5750	zoo	4.14
5751	accordance	4.13
5752	acquire	4.13
5753	activist	4.13
5754	activists	4.13
5755	addresses	4.13
5756	alike	4.13
5757	applicable	4.13
5758	arrow	4.13
5759	availability	4.13
5760	aw	4.13
5761	ba	4.13
5762	bend	4.13
5763	boundary	4.13
5764	breach	4.13
5765	cabin	4.13
5766	cage	4.13
5767	chancellor	4.13
5768	cheers	4.13
5769	circles	4.13
5770	closet	4.13
5771	combine	4.13
5772	companion	4.13
5773	comparing	4.13
5774	consciousness	4.13
5775	consultant	4.13
5776	controller	4.13
5777	corresponding	4.13
5778	courtesy	4.13
5779	cuba	4.13
5780	damages	4.13
5781	demanding	4.13
5782	disc	4.13
5783	dishes	4.13
5784	dozens	4.13
5785	eagle	4.13
5786	eaten	4.13
5787	embassy	4.13
5788	engaging	4.13
5789	fascinating	4.13
5790	financing	4.13
5791	fitted	4.13
5792	flexible	4.13
5793	gaining	4.13
5794	gentlemen	4.13
5795	goodness	4.13
5796	guilt	4.13
5797	haven	4.13
5798	helicopter	4.13
5799	homework	4.13
5800	households	4.13
5801	hp	4.13
5802	iconic	4.13
5803	infected	4.13
5804	keen	4.13
5805	kenya	4.13
5806	lesser	4.13
5807	liberals	4.13
5808	lip	4.13
5809	mandatory	4.13
5810	manufactured	4.13
5811	mechanics	4.13
5812	mere	4.13
5813	miracle	4.13
5814	mt	4.13
5815	mud	4.13
5816	murphy	4.13
5817	nathan	4.13
5818	observation	4.13
5819	operates	4.13
5820	owe	4.13
5821	permitted	4.13
5822	phenomenon	4.13
5823	pittsburgh	4.13
5824	playoff	4.13
5825	precise	4.13
5826	profession	4.13
5827	prospect	4.13
5828	protective	4.13
5829	providers	4.13
5830	publisher	4.13
5831	putin	4.13
5832	reportedly	4.13
5833	retreat	4.13
5834	rookie	4.13
5835	sandwich	4.13
5836	seeks	4.13
5837	sentences	4.13
5838	separation	4.13
5839	sexually	4.13
5840	ski	4.13
5841	skilled	4.13
5842	sterling	4.13
5843	stuart	4.13
5844	surgeon	4.13
5845	theft	4.13
5846	um	4.13
5847	understands	4.13
5848	valve	4.13
5849	visa	4.13
5850	washing	4.13
5851	adjacent	4.12
5852	agreements	4.12
5853	appreciation	4.12
5854	arabia	4.12
5855	athletic	4.12
5856	authorized	4.12
5857	banner	4.12
5858	beijing	4.12
5859	blew	4.12
5860	blocking	4.12
5861	brad	4.12
5862	caribbean	4.12
5863	charm	4.12
5864	chasing	4.12
5865	climbing	4.12
5866	colony	4.12
5867	complaining	4.12
5868	cookies	4.12
5869	cruel	4.12
5870	curriculum	4.12
5871	deadline	4.12
5872	deer	4.12
5873	delta	4.12
5874	demanded	4.12
5875	dive	4.12
5876	divide	4.12
5877	easter	4.12
5878	electoral	4.12
5879	eleven	4.12
5880	entity	4.12
5881	excessive	4.12
5882	exercises	4.12
5883	feminist	4.12
5884	governing	4.12
5885	ham	4.12
5886	heal	4.12
5887	interface	4.12
5888	ios	4.12
5889	jewelry	4.12
5890	journalism	4.12
5891	juan	4.12
5892	julia	4.12
5893	jungle	4.12
5894	linear	4.12
5895	mg	4.12
5896	occasional	4.12
5897	oriented	4.12
5898	pete	4.12
5899	pilots	4.12
5900	prayers	4.12
5901	predicted	4.12
5902	pressed	4.12
5903	preventing	4.12
5904	prof	4.12
5905	provisions	4.12
5906	pursuit	4.12
5907	rap	4.12
5908	reflected	4.12
5909	reminder	4.12
5910	restored	4.12
5911	resume	4.12
5912	rev	4.12
5913	richmond	4.12
5914	ridge	4.12
5915	samsung	4.12
5916	scholars	4.12
5917	sealed	4.12
5918	sounded	4.12
5919	sri	4.12
5920	streams	4.12
5921	strongest	4.12
5922	tends	4.12
5923	tribe	4.12
5924	unfortunate	4.12
5925	variable	4.12
5926	victorian	4.12
5927	worrying	4.12
5928	xi	4.12
5929	zones	4.12
5930	ace	4.11
5931	adjusted	4.11
5932	alternate	4.11
5933	arrives	4.11
5934	artwork	4.11
5935	ashley	4.11
5936	athlete	4.11
5937	attraction	4.11
5938	babe	4.11
5939	bankruptcy	4.11
5940	canon	4.11
5941	capabilities	4.11
5942	cared	4.11
5943	catherine	4.11
5944	chains	4.11
5945	closure	4.11
5946	cognitive	4.11
5947	competitors	4.11
5948	connecticut	4.11
5949	convert	4.11
5950	cooked	4.11
5951	ct	4.11
5952	cups	4.11
5953	deciding	4.11
5954	defender	4.11
5955	dental	4.11
5956	diplomatic	4.11
5957	divisions	4.11
5958	drum	4.11
5959	editorial	4.11
5960	enabled	4.11
5961	entertaining	4.11
5962	est	4.11
5963	establishing	4.11
5964	eternal	4.11
5965	freeze	4.11
5966	generic	4.11
5967	grandma	4.11
5968	grip	4.11
5969	handful	4.11
5970	happily	4.11
5971	harmony	4.11
5972	hmm	4.11
5973	humble	4.11
5974	hurting	4.11
5975	hybrid	4.11
5976	intentions	4.11
5977	investing	4.11
5978	keyboard	4.11
5979	lasting	4.11
5980	locally	4.11
5981	loses	4.11
5982	mild	4.11
5983	minimal	4.11
5984	mixing	4.11
5985	molecular	4.11
5986	nearest	4.11
5987	neighbor	4.11
5988	noon	4.11
5989	nowadays	4.11
5990	openly	4.11
5991	overview	4.11
5992	pairs	4.11
5993	palestinian	4.11
5994	parish	4.11
5995	pathetic	4.11
5996	poems	4.11
5997	possibilities	4.11
5998	potato	4.11
5999	potter	4.11
6000	preference	4.11
6001	promising	4.11
6002	proportion	4.11
6003	purchases	4.11
6004	rage	4.11
6005	rd	4.11
6006	reflects	4.11
6007	respected	4.11
6008	restoration	4.11
6009	selfish	4.11
6010	sergeant	4.11
6011	silk	4.11
6012	stamp	4.11
6013	throne	4.11
6014	thy	4.11
6015	urge	4.11
6016	voter	4.11
6017	warner	4.11
6018	wasting	4.11
6019	witch	4.11
6020	advantages	4.1
6021	ally	4.1
6022	archives	4.1
6023	array	4.1
6024	assisted	4.1
6025	backs	4.1
6026	belly	4.1
6027	booth	4.1
6028	breakdown	4.1
6029	bridges	4.1
6030	brutal	4.1
6031	calculated	4.1
6032	cam	4.1
6033	centres	4.1
6034	chapters	4.1
6035	citizenship	4.1
6036	civilians	4.1
6037	cliff	4.1
6038	conflicts	4.1
6039	consensus	4.1
6040	cycling	4.1
6041	declaration	4.1
6042	dennis	4.1
6043	derby	4.1
6044	distinction	4.1
6045	donations	4.1
6046	dragons	4.1
6047	draws	4.1
6048	examined	4.1
6049	facial	4.1
6050	faithful	4.1
6051	fatal	4.1
6052	fig	4.1
6053	fitting	4.1
6054	genuinely	4.1
6055	hardest	4.1
6056	holland	4.1
6057	honored	4.1
6058	hunger	4.1
6059	hurricane	4.1
6060	implications	4.1
6061	import	4.1
6062	innovative	4.1
6063	ipad	4.1
6064	jurisdiction	4.1
6065	laughter	4.1
6066	lemon	4.1
6067	les	4.1
6068	lifted	4.1
6069	loading	4.1
6070	lung	4.1
6071	matching	4.1
6072	mighty	4.1
6073	monetary	4.1
6074	novels	4.1
6075	nutrition	4.1
6076	ore	4.1
6077	os	4.1
6078	outcomes	4.1
6079	outta	4.1
6080	pine	4.1
6081	polls	4.1
6082	poorly	4.1
6083	portugal	4.1
6084	pose	4.1
6085	pour	4.1
6086	proteins	4.1
6087	provider	4.1
6088	publish	4.1
6089	purely	4.1
6090	ralph	4.1
6091	rental	4.1
6092	resolved	4.1
6093	rewards	4.1
6094	sang	4.1
6095	seemingly	4.1
6096	senators	4.1
6097	severely	4.1
6098	shark	4.1
6099	shocking	4.1
6100	southwest	4.1
6101	ss	4.1
6102	studios	4.1
6103	survivors	4.1
6104	tales	4.1
6105	technically	4.1
6106	titled	4.1
6107	traditions	4.1
6108	unlimited	4.1
6109	washed	4.1
6110	watches	4.1
6111	advise	4.09
6112	anxious	4.09
6113	appearances	4.09
6114	bee	4.09
6115	bombing	4.09
6116	cafe	4.09
6117	carlos	4.09
6118	challenged	4.09
6119	cigarettes	4.09
6120	colin	4.09
6121	consisting	4.09
6122	cult	4.09
6123	dairy	4.09
6124	dakota	4.09
6125	darling	4.09
6126	delighted	4.09
6127	delivering	4.09
6128	destroying	4.09
6129	diary	4.09
6130	disagree	4.09
6131	disappear	4.09
6132	drill	4.09
6133	earliest	4.09
6134	edges	4.09
6135	entries	4.09
6136	euro	4.09
6137	evolved	4.09
6138	exports	4.09
6139	fixing	4.09
6140	fl	4.09
6141	flags	4.09
6142	flies	4.09
6143	forecast	4.09
6144	fr	4.09
6145	governance	4.09
6146	heated	4.09
6147	hug	4.09
6148	importantly	4.09
6149	indicating	4.09
6150	indoor	4.09
6151	influential	4.09
6152	intend	4.09
6153	invisible	4.09
6154	jeans	4.09
6155	jets	4.09
6156	julie	4.09
6157	karen	4.09
6158	lasted	4.09
6159	lawsuit	4.09
6160	leak	4.09
6161	lighter	4.09
6162	lucas	4.09
6163	marcus	4.09
6164	mentions	4.09
6165	meter	4.09
6166	mice	4.09
6167	musicians	4.09
6168	olive	4.09
6169	passionate	4.09
6170	potatoes	4.09
6171	prevented	4.09
6172	receiver	4.09
6173	recommendation	4.09
6174	riot	4.09
6175	rogers	4.09
6176	roster	4.09
6177	safer	4.09
6178	sells	4.09
6179	sentenced	4.09
6180	servant	4.09
6181	setup	4.09
6182	should've	4.09
6183	skull	4.09
6184	slot	4.09
6185	smash	4.09
6186	statue	4.09
6187	surprisingly	4.09
6188	surrender	4.09
6189	suspicious	4.09
6190	team's	4.09
6191	teenager	4.09
6192	tender	4.09
6193	thoroughly	4.09
6194	todd	4.09
6195	treatments	4.09
6196	tweeted	4.09
6197	vacuum	4.09
6198	variations	4.09
6199	vi	4.09
6200	where's	4.09
6201	wi	4.09
6202	wont	4.09
6203	acknowledged	4.08
6204	advances	4.08
6205	agrees	4.08
6206	allegations	4.08
6207	anticipated	4.08
6208	approve	4.08
6209	architect	4.08
6210	basin	4.08
6211	beneficial	4.08
6212	bleeding	4.08
6213	breed	4.08
6214	breeding	4.08
6215	bride	4.08
6216	broadway	4.08
6217	bros	4.08
6218	bud	4.08
6219	butler	4.08
6220	careers	4.08
6221	cartoon	4.08
6222	celebrities	4.08
6223	chick	4.08
6224	coke	4.08
6225	comparable	4.08
6226	confirmation	4.08
6227	console	4.08
6228	contractor	4.08
6229	contributing	4.08
6230	diameter	4.08
6231	dubai	4.08
6232	dublin	4.08
6233	dump	4.08
6234	duo	4.08
6235	dynamics	4.08
6236	elephant	4.08
6237	enhanced	4.08
6238	essays	4.08
6239	exhausted	4.08
6240	fabric	4.08
6241	fabulous	4.08
6242	fairy	4.08
6243	fathers	4.08
6244	focuses	4.08
6245	fold	4.08
6246	freak	4.08
6247	frustrated	4.08
6248	gambling	4.08
6249	gently	4.08
6250	glorious	4.08
6251	grief	4.08
6252	harrison	4.08
6253	historically	4.08
6254	hub	4.08
6255	hughes	4.08
6256	inevitable	4.08
6257	investigating	4.08
6258	kg	4.08
6259	labels	4.08
6260	lacking	4.08
6261	laughs	4.08
6262	layout	4.08
6263	lined	4.08
6264	lodge	4.08
6265	lords	4.08
6266	merchant	4.08
6267	merit	4.08
6268	micro	4.08
6269	myth	4.08
6270	nintendo	4.08
6271	objectives	4.08
6272	obsessed	4.08
6273	organised	4.08
6274	overwhelming	4.08
6275	pale	4.08
6276	particles	4.08
6277	pastor	4.08
6278	penalties	4.08
6279	permanently	4.08
6280	pets	4.08
6281	pockets	4.08
6282	poison	4.08
6283	predict	4.08
6284	presenting	4.08
6285	presidents	4.08
6286	pressing	4.08
6287	prints	4.08
6288	provincial	4.08
6289	raped	4.08
6290	realised	4.08
6291	rebel	4.08
6292	repairs	4.08
6293	rotation	4.08
6294	separately	4.08
6295	shaking	4.08
6296	shaw	4.08
6297	societies	4.08
6298	solved	4.08
6299	starring	4.08
6300	struggles	4.08
6301	subtle	4.08
6302	tastes	4.08
6303	throws	4.08
6304	toll	4.08
6305	tooth	4.08
6306	torn	4.08
6307	tragic	4.08
6308	trainer	4.08
6309	transformed	4.08
6310	unbelievable	4.08
6311	underneath	4.08
6312	variation	4.08
6313	viewing	4.08
6314	viral	4.08
6315	warehouse	4.08
6316	wears	4.08
6317	widow	4.08
6318	wives	4.08
6319	®	4.08
6320	adjust	4.07
6321	administrator	4.07
6322	affecting	4.07
6323	allied	4.07
6324	altogether	4.07
6325	animated	4.07
6326	answering	4.07
6327	assess	4.07
6328	assumption	4.07
6329	assured	4.07
6330	austria	4.07
6331	avoided	4.07
6332	avoiding	4.07
6333	basket	4.07
6334	beard	4.07
6335	bio	4.07
6336	blanket	4.07
6337	brains	4.07
6338	bucket	4.07
6339	burger	4.07
6340	capability	4.07
6341	charming	4.07
6342	chiefs	4.07
6343	commented	4.07
6344	computing	4.07
6345	concentrate	4.07
6346	conducting	4.07
6347	consequence	4.07
6348	continent	4.07
6349	cookie	4.07
6350	cruz	4.07
6351	curse	4.07
6352	displays	4.07
6353	drain	4.07
6354	emissions	4.07
6355	ethical	4.07
6356	excellence	4.07
6357	flame	4.07
6358	forests	4.07
6359	freely	4.07
6360	fruits	4.07
6361	grabbed	4.07
6362	graduation	4.07
6363	hint	4.07
6364	horizon	4.07
6365	hostile	4.07
6366	imagined	4.07
6367	inhabitants	4.07
6368	ink	4.07
6369	inn	4.07
6370	intel	4.07
6371	kicks	4.07
6372	legends	4.07
6373	lo	4.07
6374	lucy	4.07
6375	magazines	4.07
6376	matrix	4.07
6377	measuring	4.07
6378	miserable	4.07
6379	momentum	4.07
6380	monkey	4.07
6381	montreal	4.07
6382	motorcycle	4.07
6383	nationwide	4.07
6384	nest	4.07
6385	newcastle	4.07
6386	nicely	4.07
6387	ninth	4.07
6388	nomination	4.07
6389	notable	4.07
6390	obligation	4.07
6391	optical	4.07
6392	outlook	4.07
6393	penny	4.07
6394	petty	4.07
6395	phd	4.07
6396	ports	4.07
6397	preserved	4.07
6398	programmes	4.07
6399	prospects	4.07
6400	publishers	4.07
6401	quantity	4.07
6402	quantum	4.07
6403	rainbow	4.07
6404	rebels	4.07
6405	recognised	4.07
6406	reed	4.07
6407	reign	4.07
6408	responding	4.07
6409	retained	4.07
6410	rises	4.07
6411	saves	4.07
6412	scan	4.07
6413	scare	4.07
6414	sectors	4.07
6415	shorts	4.07
6416	span	4.07
6417	specialized	4.07
6418	spencer	4.07
6419	submission	4.07
6420	sunny	4.07
6421	supporter	4.07
6422	te	4.07
6423	testament	4.07
6424	toe	4.07
6425	tops	4.07
6426	tremendous	4.07
6427	valued	4.07
6428	wounds	4.07
6429	ab	4.06
6430	accommodation	4.06
6431	achievements	4.06
6432	addressing	4.06
6433	adorable	4.06
6434	allegedly	4.06
6435	ambulance	4.06
6436	ar	4.06
6437	ashamed	4.06
6438	assure	4.06
6439	bailey	4.06
6440	ballot	4.06
6441	batteries	4.06
6442	blessing	4.06
6443	btw	4.06
6444	cemetery	4.06
6445	chambers	4.06
6446	cheat	4.06
6447	cheer	4.06
6448	chile	4.06
6449	cigarette	4.06
6450	compact	4.06
6451	completing	4.06
6452	consulting	4.06
6453	cooling	4.06
6454	corners	4.06
6455	could've	4.06
6456	deficit	4.06
6457	demo	4.06
6458	demon	4.06
6459	demonstration	4.06
6460	detected	4.06
6461	detection	4.06
6462	doll	4.06
6463	donated	4.06
6464	elaborate	4.06
6465	elder	4.06
6466	encountered	4.06
6467	expertise	4.06
6468	exploring	4.06
6469	fc	4.06
6470	fiber	4.06
6471	filmed	4.06
6472	fried	4.06
6473	grocery	4.06
6474	guided	4.06
6475	guinea	4.06
6476	halfway	4.06
6477	happier	4.06
6478	heels	4.06
6479	holmes	4.06
6480	hull	4.06
6481	independently	4.06
6482	indication	4.06
6483	insisted	4.06
6484	instances	4.06
6485	intensive	4.06
6486	interactive	4.06
6487	intimate	4.06
6488	laundry	4.06
6489	lbs	4.06
6490	lifting	4.06
6491	linda	4.06
6492	martial	4.06
6493	nigerian	4.06
6494	northeast	4.06
6495	observe	4.06
6496	packing	4.06
6497	panels	4.06
6498	password	4.06
6499	pokemon	4.06
6500	politically	4.06
6501	presumably	4.06
6502	pretending	4.06
6503	priorities	4.06
6504	pronounced	4.06
6505	prosecution	4.06
6506	proves	4.06
6507	pulse	4.06
6508	purchasing	4.06
6509	qualities	4.06
6510	queens	4.06
6511	rational	4.06
6512	realm	4.06
6513	reforms	4.06
6514	revenues	4.06
6515	rides	4.06
6516	ripped	4.06
6517	rope	4.06
6518	shadows	4.06
6519	shout	4.06
6520	sierra	4.06
6521	smartphone	4.06
6522	specified	4.06
6523	spectacular	4.06
6524	stan	4.06
6525	streak	4.06
6526	subscription	4.06
6527	switching	4.06
6528	technological	4.06
6529	temporarily	4.06
6530	tolerance	4.06
6531	tourists	4.06
6532	traditionally	4.06
6533	traveled	4.06
6534	treats	4.06
6535	unhappy	4.06
6536	whites	4.06
6537	yup	4.06
6538	accomplish	4.05
6539	adequate	4.05
6540	alter	4.05
6541	apology	4.05
6542	arkansas	4.05
6543	attributed	4.05
6544	beg	4.05
6545	belonging	4.05
6546	booked	4.05
6547	bout	4.05
6548	bowling	4.05
6549	brass	4.05
6550	buzz	4.05
6551	clarke	4.05
6552	comeback	4.05
6553	cos	4.05
6554	crops	4.05
6555	declare	4.05
6556	designers	4.05
6557	detect	4.05
6558	diagnosed	4.05
6559	diesel	4.05
6560	dimensions	4.05
6561	dip	4.05
6562	disturbing	4.05
6563	doesnt	4.05
6564	dot	4.05
6565	dresses	4.05
6566	dylan	4.05
6567	effectiveness	4.05
6568	eliminated	4.05
6569	ellen	4.05
6570	embarrassed	4.05
6571	exceptional	4.05
6572	filing	4.05
6573	fled	4.05
6574	foul	4.05
6575	frankly	4.05
6576	freezing	4.05
6577	graph	4.05
6578	hack	4.05
6579	hannah	4.05
6580	hatred	4.05
6581	ignorant	4.05
6582	influences	4.05
6583	interact	4.05
6584	judging	4.05
6585	knights	4.05
6586	lamp	4.05
6587	limitations	4.05
6588	majesty	4.05
6589	measurement	4.05
6590	measurements	4.05
6591	median	4.05
6592	medieval	4.05
6593	milan	4.05
6594	mobility	4.05
6595	montana	4.05
6596	murders	4.05
6597	nc	4.05
6598	ne	4.05
6599	nyc	4.05
6600	omg	4.05
6601	orientation	4.05
6602	oven	4.05
6603	owen	4.05
6604	passport	4.05
6605	penis	4.05
6606	pills	4.05
6607	planets	4.05
6608	proceeds	4.05
6609	rabbit	4.05
6610	raises	4.05
6611	ranges	4.05
6612	rats	4.05
6613	retire	4.05
6614	rhythm	4.05
6615	ruth	4.05
6616	savage	4.05
6617	servers	4.05
6618	shook	4.05
6619	shooter	4.05
6620	siblings	4.05
6621	slim	4.05
6622	someday	4.05
6623	sophisticated	4.05
6624	spam	4.05
6625	speeds	4.05
6626	stack	4.05
6627	stance	4.05
6628	state's	4.05
6629	static	4.05
6630	subway	4.05
6631	supportive	4.05
6632	surgical	4.05
6633	symbols	4.05
6634	tablet	4.05
6635	tent	4.05
6636	thesis	4.05
6637	tide	4.05
6638	travels	4.05
6639	wallace	4.05
6640	warfare	4.05
6641	warming	4.05
6642	week's	4.05
6643	weekends	4.05
6644	withdraw	4.05
6645	withdrawal	4.05
6646	youngest	4.05
6647	aging	4.04
6648	airline	4.04
6649	alternatives	4.04
6650	anyways	4.04
6651	argues	4.04
6652	audit	4.04
6653	authentic	4.04
6654	ave	4.04
6655	backwards	4.04
6656	bi	4.04
6657	blonde	4.04
6658	blows	4.04
6659	bolt	4.04
6660	brooks	4.04
6661	bugs	4.04
6662	bust	4.04
6663	clearing	4.04
6664	clips	4.04
6665	collar	4.04
6666	columbus	4.04
6667	comply	4.04
6668	cope	4.04
6669	counted	4.04
6670	crashed	4.04
6671	creepy	4.04
6672	cum	4.04
6673	denmark	4.04
6674	divorced	4.04
6675	donate	4.04
6676	drawings	4.04
6677	dried	4.04
6678	ebay	4.04
6679	echo	4.04
6680	editors	4.04
6681	edwards	4.04
6682	emotionally	4.04
6683	enhance	4.04
6684	experiencing	4.04
6685	extending	4.04
6686	finale	4.04
6687	flavor	4.04
6688	floors	4.04
6689	freaking	4.04
6690	gloves	4.04
6691	harper	4.04
6692	hart	4.04
6693	ignorance	4.04
6694	ignoring	4.04
6695	immigrant	4.04
6696	induced	4.04
6697	inspiring	4.04
6698	intermediate	4.04
6699	invention	4.04
6700	ip	4.04
6701	jesse	4.04
6702	joins	4.04
6703	joking	4.04
6704	lgbt	4.04
6705	likewise	4.04
6706	lineup	4.04
6707	logan	4.04
6708	magnificent	4.04
6709	mathematical	4.04
6710	meantime	4.04
6711	nails	4.04
6712	nevada	4.04
6713	newest	4.04
6714	nonetheless	4.04
6715	nut	4.04
6716	o'clock	4.04
6717	opposing	4.04
6718	origins	4.04
6719	orlando	4.04
6720	person's	4.04
6721	physicians	4.04
6722	pipeline	4.04
6723	placement	4.04
6724	planted	4.04
6725	pricing	4.04
6726	pt	4.04
6727	puerto	4.04
6728	questioning	4.04
6729	recreation	4.04
6730	renewed	4.04
6731	resigned	4.04
6732	rt	4.04
6733	shallow	4.04
6734	shanghai	4.04
6735	shitty	4.04
6736	singh	4.04
6737	sins	4.04
6738	sketch	4.04
6739	smells	4.04
6740	soda	4.04
6741	spite	4.04
6742	sponsor	4.04
6743	strengthen	4.04
6744	strings	4.04
6745	sunset	4.04
6746	taiwan	4.04
6747	thanksgiving	4.04
6748	thee	4.04
6749	thermal	4.04
6750	trades	4.04
6751	transform	4.04
6752	witnessed	4.04
6753	workplace	4.04
6754	yelling	4.04
6755	yorkshire	4.04
6756	achieving	4.03
6757	aliens	4.03
6758	amsterdam	4.03
6759	analyst	4.03
6760	arabic	4.03
6761	arctic	4.03
6762	assists	4.03
6763	bennett	4.03
6764	bristol	4.03
6765	burnt	4.03
6766	buyer	4.03
6767	calories	4.03
6768	cannabis	4.03
6769	cease	4.03
6770	championships	4.03
6771	chapel	4.03
6772	cloth	4.03
6773	conferences	4.03
6774	considers	4.03
6775	container	4.03
6776	cowboys	4.03
6777	crushed	4.03
6778	deployed	4.03
6779	differ	4.03
6780	dimensional	4.03
6781	eager	4.03
6782	elect	4.03
6783	elevated	4.03
6784	essence	4.03
6785	executives	4.03
6786	family's	4.03
6787	flames	4.03
6788	fork	4.03
6789	fur	4.03
6790	gps	4.03
6791	harold	4.03
6792	harvest	4.03
6793	headline	4.03
6794	hudson	4.03
6795	hype	4.03
6796	identifying	4.03
6797	impacts	4.03
6798	insist	4.03
6799	jo	4.03
6800	junk	4.03
6801	kenny	4.03
6802	kidney	4.03
6803	king's	4.03
6804	ladder	4.03
6805	lloyd	4.03
6806	lobby	4.03
6807	marc	4.03
6808	mechanisms	4.03
6809	mineral	4.03
6810	mob	4.03
6811	modest	4.03
6812	motors	4.03
6813	mph	4.03
6814	navigation	4.03
6815	nicholas	4.03
6816	orbit	4.03
6817	paragraph	4.03
6818	passive	4.03
6819	peninsula	4.03
6820	phillips	4.03
6821	pill	4.03
6822	pork	4.03
6823	portuguese	4.03
6824	profitable	4.03
6825	provinces	4.03
6826	ranch	4.03
6827	rays	4.03
6828	reasonably	4.03
6829	reject	4.03
6830	remainder	4.03
6831	schemes	4.03
6832	screens	4.03
6833	seized	4.03
6834	semester	4.03
6835	sentiment	4.03
6836	servants	4.03
6837	shipped	4.03
6838	socks	4.03
6839	sp	4.03
6840	sr	4.03
6841	suited	4.03
6842	supplement	4.03
6843	surviving	4.03
6844	thereby	4.03
6845	threshold	4.03
6846	til	4.03
6847	tin	4.03
6848	tires	4.03
6849	tribal	4.03
6850	tribes	4.03
6851	trunk	4.03
6852	uncertainty	4.03
6853	vampire	4.03
6854	varied	4.03
6855	verdict	4.03
6856	abandon	4.02
6857	accommodate	4.02
6858	accordingly	4.02
6859	aesthetic	4.02
6860	algorithm	4.02
6861	altered	4.02
6862	anchor	4.02
6863	angela	4.02
6864	apr	4.02
6865	arch	4.02
6866	associations	4.02
6867	au	4.02
6868	audiences	4.02
6869	axis	4.02
6870	badge	4.02
6871	bernard	4.02
6872	bizarre	4.02
6873	bounce	4.02
6874	broadcasting	4.02
6875	bs	4.02
6876	bullets	4.02
6877	buses	4.02
6878	cannon	4.02
6879	carol	4.02
6880	carriers	4.02
6881	chairs	4.02
6882	cleaned	4.02
6883	complexity	4.02
6884	confusing	4.02
6885	consultation	4.02
6886	continental	4.02
6887	convenience	4.02
6888	deliberately	4.02
6889	diamonds	4.02
6890	diana	4.02
6891	dictionary	4.02
6892	dignity	4.02
6893	dimension	4.02
6894	disappointing	4.02
6895	diving	4.02
6896	doug	4.02
6897	duncan	4.02
6898	ego	4.02
6899	enthusiasm	4.02
6900	environments	4.02
6901	equation	4.02
6902	extract	4.02
6903	favorites	4.02
6904	ferry	4.02
6905	fisher	4.02
6906	flexibility	4.02
6907	flowing	4.02
6908	fm	4.02
6909	fridge	4.02
6910	functioning	4.02
6911	fusion	4.02
6912	gauge	4.02
6913	goat	4.02
6914	graduates	4.02
6915	gut	4.02
6916	heck	4.02
6917	helmet	4.02
6918	holders	4.02
6919	ideology	4.02
6920	idiots	4.02
6921	inclusion	4.02
6922	initiatives	4.02
6923	innings	4.02
6924	insects	4.02
6925	instructor	4.02
6926	isolation	4.02
6927	ive	4.02
6928	justified	4.02
6929	keeper	4.02
6930	lamb	4.02
6931	liar	4.02
6932	machinery	4.02
6933	mansion	4.02
6934	mega	4.02
6935	mercury	4.02
6936	namely	4.02
6937	nbc	4.02
6938	needing	4.02
6939	nerves	4.02
6940	nhl	4.02
6941	obama's	4.02
6942	observations	4.02
6943	ordering	4.02
6944	palmer	4.02
6945	paths	4.02
6946	peers	4.02
6947	pending	4.02
6948	platinum	4.02
6949	possess	4.02
6950	praised	4.02
6951	premises	4.02
6952	probability	4.02
6953	ps	4.02
6954	questioned	4.02
6955	refuses	4.02
6956	resignation	4.02
6957	rider	4.02
6958	ritual	4.02
6959	ruins	4.02
6960	shelf	4.02
6961	slam	4.02
6962	stakes	4.02
6963	starter	4.02
6964	sticking	4.02
6965	subscribe	4.02
6966	superman	4.02
6967	surfaces	4.02
6968	ta	4.02
6969	territories	4.02
6970	tire	4.02
6971	tl	4.02
6972	towers	4.02
6973	transfers	4.02
6974	utterly	4.02
6975	voltage	4.02
6976	warn	4.02
6977	width	4.02
6978	workout	4.02
6979	aa	4.01
6980	abu	4.01
6981	activated	4.01
6982	adaptation	4.01
6983	advisor	4.01
6984	aluminum	4.01
6985	apartments	4.01
6986	attitudes	4.01
6987	attorneys	4.01
6988	bail	4.01
6989	barriers	4.01
6990	belonged	4.01
6991	bradley	4.01
6992	brandon	4.01
6993	broader	4.01
6994	buck	4.01
6995	cal	4.01
6996	caroline	4.01
6997	characterized	4.01
6998	civilization	4.01
6999	congrats	4.01
7000	contractors	4.01
7001	creativity	4.01
7002	dealers	4.01
7003	delicate	4.01
7004	den	4.01
7005	derek	4.01
7006	desires	4.01
7007	disappointment	4.01
7008	disk	4.01
7009	enters	4.01
7010	evaluate	4.01
7011	formally	4.01
7012	frames	4.01
7013	goddess	4.01
7014	gov	4.01
7015	hampshire	4.01
7016	harassment	4.01
7017	hats	4.01
7018	hugh	4.01
7019	insert	4.01
7020	joan	4.01
7021	lebanon	4.01
7022	leeds	4.01
7023	legit	4.01
7024	leonard	4.01
7025	liquor	4.01
7026	loser	4.01
7027	malcolm	4.01
7028	massage	4.01
7029	matched	4.01
7030	messed	4.01
7031	milwaukee	4.01
7032	musician	4.01
7033	nato	4.01
7034	nephew	4.01
7035	notably	4.01
7036	orchestra	4.01
7037	oz	4.01
7038	packages	4.01
7039	pad	4.01
7040	pakistani	4.01
7041	participated	4.01
7042	precision	4.01
7043	preservation	4.01
7044	priests	4.01
7045	privately	4.01
7046	prizes	4.01
7047	pulls	4.01
7048	qualifying	4.01
7049	reasoning	4.01
7050	relaxed	4.01
7051	reporters	4.01
7052	roses	4.01
7053	rumors	4.01
7054	sail	4.01
7055	salmon	4.01
7056	secretly	4.01
7057	seller	4.01
7058	sen	4.01
7059	seo	4.01
7060	sheer	4.01
7061	shifts	4.01
7062	simpson	4.01
7063	smallest	4.01
7064	specially	4.01
7065	stark	4.01
7066	struggled	4.01
7067	sympathy	4.01
7068	tan	4.01
7069	teenagers	4.01
7070	theoretical	4.01
7071	thumb	4.01
7072	timber	4.01
7073	transparent	4.01
7074	travis	4.01
7075	trump's	4.01
7076	tweets	4.01
7077	tx	4.01
7078	upside	4.01
7079	urged	4.01
7080	visitor	4.01
7081	vitamin	4.01
7082	void	4.01
7083	voluntary	4.01
7084	wheat	4.01
7085	whip	4.01
7086	wipe	4.01
7087	wolves	4.01
7088	wrist	4.01
7089	™	4.01
7090	abused	4.0
7091	acute	4.0
7092	admiral	4.0
7093	amanda	4.0
7094	arnold	4.0
7095	arrange	4.0
7096	banana	4.0
7097	behave	4.0
7098	betting	4.0
7099	blair	4.0
7100	bo	4.0
7101	borrow	4.0
7102	camping	4.0
7103	capitol	4.0
7104	celtic	4.0
7105	chan	4.0
7106	chin	4.0
7107	civic	4.0
7108	clerk	4.0
7109	conclusions	4.0
7110	considerably	4.0
7111	contacted	4.0
7112	cottage	4.0
7113	coup	4.0
7114	criticized	4.0
7115	crude	4.0
7116	dash	4.0
7117	decreased	4.0
7118	defended	4.0
7119	demons	4.0
7120	deposits	4.0
7121	disclosure	4.0
7122	disposal	4.0
7123	distinctive	4.0
7124	documented	4.0
7125	donation	4.0
7126	dragged	4.0
7127	drone	4.0
7128	else's	4.0
7129	encounters	4.0
7130	ensuring	4.0
7131	enterprises	4.0
7132	escort	4.0
7133	exams	4.0
7134	firmly	4.0
7135	flour	4.0
7136	gdp	4.0
7137	geneva	4.0
7138	hindu	4.0
7139	holdings	4.0
7140	indie	4.0
7141	indirect	4.0
7142	inspire	4.0
7143	institutional	4.0
7144	interim	4.0
7145	interviewed	4.0
7146	java	4.0
7147	jefferson	4.0
7148	jerk	4.0
7149	karl	4.0
7150	kindly	4.0
7151	kindness	4.0
7152	leaked	4.0
7153	locals	4.0
7154	lottery	4.0
7155	louise	4.0
7156	magnitude	4.0
7157	mc	4.0
7158	minus	4.0
7159	nhs	4.0
7160	noting	4.0
7161	nude	4.0
7162	organs	4.0
7163	outlet	4.0
7164	outlets	4.0
7165	parameters	4.0
7166	pause	4.0
7167	pledge	4.0
7168	portal	4.0
7169	prescription	4.0
7170	protesters	4.0
7171	proving	4.0
7172	publicity	4.0
7173	punished	4.0
7174	puppy	4.0
7175	recruitment	4.0
7176	screwed	4.0
7177	shades	4.0
7178	shakespeare	4.0
7179	silicon	4.0
7180	slice	4.0
7181	spelling	4.0
7182	spurs	4.0
7183	subscribers	4.0
7184	surveys	4.0
7185	survivor	4.0
7186	telegraph	4.0
7187	tits	4.0
7188	vaccine	4.0
7189	vinyl	4.0
7190	westminster	4.0
7191	wished	4.0
7192	wonders	4.0
7193	accurately	3.99
7194	adelaide	3.99
7195	affiliate	3.99
7196	alfred	3.99
7197	asylum	3.99
7198	barn	3.99
7199	bent	3.99
7200	bernie	3.99
7201	brussels	3.99
7202	cathedral	3.99
7203	centered	3.99
7204	child's	3.99
7205	clause	3.99
7206	cluster	3.99
7207	complained	3.99
7208	compounds	3.99
7209	consistency	3.99
7210	cr	3.99
7211	cracked	3.99
7212	cylinder	3.99
7213	dancer	3.99
7214	deaf	3.99
7215	debts	3.99
7216	denial	3.99
7217	digging	3.99
7218	dock	3.99
7219	entrepreneur	3.99
7220	evident	3.99
7221	expectation	3.99
7222	expedition	3.99
7223	expressing	3.99
7224	extends	3.99
7225	facilitate	3.99
7226	failures	3.99
7227	feat	3.99
7228	fossil	3.99
7229	founding	3.99
7230	freight	3.99
7231	generating	3.99
7232	goddamn	3.99
7233	guides	3.99
7234	honesty	3.99
7235	inappropriate	3.99
7236	infant	3.99
7237	initiated	3.99
7238	injection	3.99
7239	instrumental	3.99
7240	insult	3.99
7241	interference	3.99
7242	interstate	3.99
7243	julian	3.99
7244	launching	3.99
7245	liking	3.99
7246	linux	3.99
7247	luis	3.99
7248	mates	3.99
7249	mediterranean	3.99
7250	nation's	3.99
7251	neat	3.99
7252	negotiate	3.99
7253	neo	3.99
7254	nicole	3.99
7255	obligations	3.99
7256	offset	3.99
7257	outbreak	3.99
7258	pal	3.99
7259	palestine	3.99
7260	perfection	3.99
7261	pigs	3.99
7262	pirates	3.99
7263	posters	3.99
7264	practicing	3.99
7265	praying	3.99
7266	probe	3.99
7267	prohibited	3.99
7268	projected	3.99
7269	propose	3.99
7270	quarterly	3.99
7271	recipes	3.99
7272	recruiting	3.99
7273	refusing	3.99
7274	rehabilitation	3.99
7275	reid	3.99
7276	remix	3.99
7277	resistant	3.99
7278	reynolds	3.99
7279	riders	3.99
7280	robots	3.99
7281	rockets	3.99
7282	roller	3.99
7283	sailing	3.99
7284	shapes	3.99
7285	skinny	3.99
7286	slipped	3.99
7287	sneak	3.99
7288	solving	3.99
7289	sore	3.99
7290	spark	3.99
7291	speculation	3.99
7292	steep	3.99
7293	stevens	3.99
7294	straw	3.99
7295	successor	3.99
7296	targeting	3.99
7297	triggered	3.99
7298	troubles	3.99
7299	uncertain	3.99
7300	upload	3.99
7301	vector	3.99
7302	violations	3.99
7303	weigh	3.99
7304	whatsoever	3.99
7305	wicked	3.99
7306	abraham	3.98
7307	absent	3.98
7308	acoustic	3.98
7309	adapt	3.98
7310	ancestors	3.98
7311	archive	3.98
7312	atomic	3.98
7313	bean	3.98
7314	bicycle	3.98
7315	bryan	3.98
7316	bump	3.98
7317	buttons	3.98
7318	cart	3.98
7319	circus	3.98
7320	claire	3.98
7321	cocaine	3.98
7322	cohen	3.98
7323	colleague	3.98
7324	compelling	3.98
7325	compiled	3.98
7326	complications	3.98
7327	construct	3.98
7328	cord	3.98
7329	crowded	3.98
7330	cyber	3.98
7331	dale	3.98
7332	debates	3.98
7333	defendant	3.98
7334	delays	3.98
7335	dense	3.98
7336	desperately	3.98
7337	doctrine	3.98
7338	expose	3.98
7339	financially	3.98
7340	freshman	3.98
7341	furious	3.98
7342	gameplay	3.98
7343	geography	3.98
7344	gig	3.98
7345	government's	3.98
7346	habitat	3.98
7347	harbour	3.98
7348	hazard	3.98
7349	hydrogen	3.98
7350	implies	3.98
7351	intact	3.98
7352	intake	3.98
7353	irrelevant	3.98
7354	jaw	3.98
7355	jin	3.98
7356	kitty	3.98
7357	lauren	3.98
7358	lawn	3.98
7359	manufacture	3.98
7360	martha	3.98
7361	medals	3.98
7362	mercedes	3.98
7363	mistaken	3.98
7364	moses	3.98
7365	nashville	3.98
7366	nebraska	3.98
7367	needle	3.98
7368	ol	3.98
7369	olds	3.98
7370	organize	3.98
7371	ottawa	3.98
7372	oval	3.98
7373	pity	3.98
7374	pond	3.98
7375	porter	3.98
7376	portions	3.98
7377	prey	3.98
7378	prophet	3.98
7379	raymond	3.98
7380	recalled	3.98
7381	reduces	3.98
7382	referendum	3.98
7383	refugee	3.98
7384	regulated	3.98
7385	rounded	3.98
7386	ruby	3.98
7387	rushed	3.98
7388	sanders	3.98
7389	satisfy	3.98
7390	scales	3.98
7391	seasonal	3.98
7392	segments	3.98
7393	sensible	3.98
7394	sequel	3.98
7395	shifted	3.98
7396	shifting	3.98
7397	shining	3.98
7398	slower	3.98
7399	spinning	3.98
7400	stanford	3.98
7401	stepping	3.98
7402	teammates	3.98
7403	touches	3.98
7404	township	3.98
7405	travelled	3.98
7406	twisted	3.98
7407	usb	3.98
7408	vienna	3.98
7409	wade	3.98
7410	whale	3.98
7411	writings	3.98
7412	admire	3.97
7413	af	3.97
7414	amber	3.97
7415	ankle	3.97
7416	armor	3.97
7417	autism	3.97
7418	bachelor	3.97
7419	berry	3.97
7420	billions	3.97
7421	brady	3.97
7422	brisbane	3.97
7423	bulls	3.97
7424	bullying	3.97
7425	capitalism	3.97
7426	caution	3.97
7427	certification	3.97
7428	characteristic	3.97
7429	clan	3.97
7430	clash	3.97
7431	columns	3.97
7432	compatible	3.97
7433	concerts	3.97
7434	condemned	3.97
7435	configuration	3.97
7436	continuously	3.97
7437	convincing	3.97
7438	coupled	3.97
7439	curiosity	3.97
7440	delight	3.97
7441	determining	3.97
7442	entities	3.97
7443	exceptions	3.97
7444	explosive	3.97
7445	flooding	3.97
7446	fortunate	3.97
7447	fortunately	3.97
7448	foundations	3.97
7449	frontier	3.97
7450	frustrating	3.97
7451	frustration	3.97
7452	geographic	3.97
7453	glenn	3.97
7454	grande	3.97
7455	grasp	3.97
7456	handy	3.97
7457	hardcore	3.97
7458	harmful	3.97
7459	headache	3.97
7460	hers	3.97
7461	hispanic	3.97
7462	incentive	3.97
7463	inclusive	3.97
7464	infections	3.97
7465	jackie	3.97
7466	joel	3.97
7467	kissing	3.97
7468	lanes	3.97
7469	licence	3.97
7470	lungs	3.97
7471	madness	3.97
7472	mandate	3.97
7473	manga	3.97
7474	memorable	3.97
7475	merger	3.97
7476	minorities	3.97
7477	nj	3.97
7478	occurring	3.97
7479	organizing	3.97
7480	performs	3.97
7481	ph	3.97
7482	po	3.97
7483	poker	3.97
7484	portable	3.97
7485	priced	3.97
7486	quebec	3.97
7487	randomly	3.97
7488	rankings	3.97
7489	realizing	3.97
7490	resign	3.97
7491	revealing	3.97
7492	rico	3.97
7493	robbery	3.97
7494	rub	3.97
7495	runners	3.97
7496	sally	3.97
7497	scattered	3.97
7498	scout	3.97
7499	searched	3.97
7500	sexuality	3.97
7501	shouting	3.97
7502	slap	3.97
7503	steak	3.97
7504	succession	3.97
7505	superintendent	3.97
7506	suspicion	3.97
7507	sweep	3.97
7508	tactical	3.97
7509	talents	3.97
7510	therapist	3.97
7511	thereafter	3.97
7512	thorough	3.97
7513	tuition	3.97
7514	tumor	3.97
7515	usd	3.97
7516	variables	3.97
7517	varying	3.97
7518	wholesale	3.97
7519	wwe	3.97
7520	administered	3.96
7521	affiliated	3.96
7522	apples	3.96
7523	architectural	3.96
7524	artillery	3.96
7525	assembled	3.96
7526	bangladesh	3.96
7527	barack	3.96
7528	beaches	3.96
7529	bees	3.96
7530	boarding	3.96
7531	bothered	3.96
7532	canvas	3.96
7533	canyon	3.96
7534	casey	3.96
7535	cheek	3.96
7536	chen	3.96
7537	cincinnati	3.96
7538	circular	3.96
7539	circulation	3.96
7540	clearance	3.96
7541	closes	3.96
7542	coincidence	3.96
7543	comedian	3.96
7544	commands	3.96
7545	commissioned	3.96
7546	concentrated	3.96
7547	conscience	3.96
7548	cooler	3.96
7549	countless	3.96
7550	curry	3.96
7551	dame	3.96
7552	deceased	3.96
7553	dedication	3.96
7554	defining	3.96
7555	detention	3.96
7556	disputes	3.96
7557	drake	3.96
7558	employ	3.96
7559	enforce	3.96
7560	explicit	3.96
7561	explicitly	3.96
7562	eyed	3.96
7563	florence	3.96
7564	flu	3.96
7565	forbidden	3.96
7566	fraction	3.96
7567	girl's	3.96
7568	hes	3.96
7569	infantry	3.96
7570	integral	3.96
7571	investor	3.96
7572	janet	3.96
7573	judged	3.96
7574	katie	3.96
7575	kidnapped	3.96
7576	lectures	3.96
7577	lightly	3.96
7578	linking	3.96
7579	maintains	3.96
7580	marble	3.96
7581	maritime	3.96
7582	melt	3.96
7583	modes	3.96
7584	monica	3.96
7585	mumbai	3.96
7586	nominee	3.96
7587	oath	3.96
7588	offence	3.96
7589	packaging	3.96
7590	patriots	3.96
7591	pee	3.96
7592	pillow	3.96
7593	pirate	3.96
7594	polar	3.96
7595	prediction	3.96
7596	preview	3.96
7597	processed	3.96
7598	pursuing	3.96
7599	puzzle	3.96
7600	rapper	3.96
7601	rebecca	3.96
7602	reconstruction	3.96
7603	renowned	3.96
7604	revelation	3.96
7605	sara	3.96
7606	scholar	3.96
7607	sharks	3.96
7608	shoots	3.96
7609	skirt	3.96
7610	socially	3.96
7611	spa	3.96
7612	spike	3.96
7613	sprint	3.96
7614	stir	3.96
7615	stuffed	3.96
7616	substantially	3.96
7617	suburbs	3.96
7618	superb	3.96
7619	supposedly	3.96
7620	tab	3.96
7621	tendency	3.96
7622	that'll	3.96
7623	theirs	3.96
7624	toast	3.96
7625	toes	3.96
7626	touchdown	3.96
7627	traits	3.96
7628	trek	3.96
7629	tricky	3.96
7630	triumph	3.96
7631	uber	3.96
7632	underwear	3.96
7633	unto	3.96
7634	viable	3.96
7635	waist	3.96
7636	welcomed	3.96
7637	wit	3.96
7638	wreck	3.96
7639	absurd	3.95
7640	accessories	3.95
7641	adrian	3.95
7642	advocates	3.95
7643	ag	3.95
7644	ambitious	3.95
7645	amid	3.95
7646	annoyed	3.95
7647	appealing	3.95
7648	appointments	3.95
7649	assumptions	3.95
7650	ballet	3.95
7651	bargain	3.95
7652	binary	3.95
7653	blend	3.95
7654	blogs	3.95
7655	brake	3.95
7656	builds	3.95
7657	businessman	3.95
7658	cab	3.95
7659	ch	3.95
7660	chi	3.95
7661	col	3.95
7662	collision	3.95
7663	colombia	3.95
7664	compassion	3.95
7665	consumed	3.95
7666	corrected	3.95
7667	correction	3.95
7668	cough	3.95
7669	cousins	3.95
7670	critic	3.95
7671	czech	3.95
7672	defenders	3.95
7673	denying	3.95
7674	depot	3.95
7675	distress	3.95
7676	documentation	3.95
7677	doubts	3.95
7678	dramatically	3.95
7679	drank	3.95
7680	dudes	3.95
7681	eats	3.95
7682	elegant	3.95
7683	elevator	3.95
7684	ellis	3.95
7685	exchanges	3.95
7686	excuses	3.95
7687	execute	3.95
7688	factories	3.95
7689	feast	3.95
7690	finland	3.95
7691	frederick	3.95
7692	friend's	3.95
7693	frost	3.95
7694	goin	3.95
7695	herald	3.95
7696	hike	3.95
7697	hollow	3.95
7698	homeland	3.95
7699	how's	3.95
7700	imported	3.95
7701	ing	3.95
7702	internationally	3.95
7703	iraqi	3.95
7704	itunes	3.95
7705	kane	3.95
7706	kissed	3.95
7707	lame	3.95
7708	licensing	3.95
7709	lily	3.95
7710	limiting	3.95
7711	locker	3.95
7712	mainland	3.95
7713	marking	3.95
7714	meditation	3.95
7715	messenger	3.95
7716	metals	3.95
7717	missiles	3.95
7718	munich	3.95
7719	norwegian	3.95
7720	pencil	3.95
7721	philosophical	3.95
7722	pierre	3.95
7723	pipes	3.95
7724	plasma	3.95
7725	plea	3.95
7726	punish	3.95
7727	purse	3.95
7728	quarterback	3.95
7729	reagan	3.95
7730	ref	3.95
7731	relieved	3.95
7732	replies	3.95
7733	reservation	3.95
7734	rhetoric	3.95
7735	rivals	3.95
7736	rushing	3.95
7737	salvation	3.95
7738	sanctions	3.95
7739	secular	3.95
7740	sensitivity	3.95
7741	shane	3.95
7742	sigh	3.95
7743	sixteen	3.95
7744	sovereign	3.95
7745	specifications	3.95
7746	spends	3.95
7747	spouse	3.95
7748	stat	3.95
7749	supervisor	3.95
7750	synthetic	3.95
7751	teaches	3.95
7752	tense	3.95
7753	terrifying	3.95
7754	toyota	3.95
7755	tracked	3.95
7756	traders	3.95
7757	troy	3.95
7758	varieties	3.95
7759	vegan	3.95
7760	waking	3.95
7761	walmart	3.95
7762	wang	3.95
7763	wilderness	3.95
7764	admits	3.94
7765	adviser	3.94
7766	aggregate	3.94
7767	anal	3.94
7768	anatomy	3.94
7769	annie	3.94
7770	announces	3.94
7771	applicants	3.94
7772	automobile	3.94
7773	barnes	3.94
7774	breasts	3.94
7775	cement	3.94
7776	chess	3.94
7777	citing	3.94
7778	colonies	3.94
7779	composite	3.94
7780	consequently	3.94
7781	consist	3.94
7782	councils	3.94
7783	cox	3.94
7784	curtis	3.94
7785	decorated	3.94
7786	delegates	3.94
7787	dreaming	3.94
7788	dull	3.94
7789	enables	3.94
7790	fare	3.94
7791	fashioned	3.94
7792	feared	3.94
7793	float	3.94
7794	generator	3.94
7795	grind	3.94
7796	grinding	3.94
7797	grove	3.94
7798	guessing	3.94
7799	gum	3.94
7800	hobby	3.94
7801	hunters	3.94
7802	idol	3.94
7803	illusion	3.94
7804	incorrect	3.94
7805	jun	3.94
7806	junction	3.94
7807	lance	3.94
7808	leap	3.94
7809	locate	3.94
7810	locks	3.94
7811	lou	3.94
7812	lynch	3.94
7813	manages	3.94
7814	masses	3.94
7815	medicare	3.94
7816	modeling	3.94
7817	motive	3.94
7818	nazis	3.94
7819	neighbourhood	3.94
7820	networking	3.94
7821	newer	3.94
7822	newton	3.94
7823	oppose	3.94
7824	optimal	3.94
7825	other's	3.94
7826	overtime	3.94
7827	packs	3.94
7828	permits	3.94
7829	playstation	3.94
7830	pops	3.94
7831	postal	3.94
7832	predictions	3.94
7833	prep	3.94
7834	president's	3.94
7835	profound	3.94
7836	prosecutor	3.94
7837	rebellion	3.94
7838	recipient	3.94
7839	refund	3.94
7840	remembering	3.94
7841	rescued	3.94
7842	risky	3.94
7843	robust	3.94
7844	scam	3.94
7845	sci	3.94
7846	sep	3.94
7847	shareholders	3.94
7848	sided	3.94
7849	simulation	3.94
7850	sober	3.94
7851	spice	3.94
7852	squeeze	3.94
7853	storms	3.94
7854	supervision	3.94
7855	suspects	3.94
7856	swap	3.94
7857	swept	3.94
7858	terrain	3.94
7859	terrified	3.94
7860	themed	3.94
7861	threaten	3.94
7862	thrilled	3.94
7863	towel	3.94
7864	trio	3.94
7865	tubes	3.94
7866	unconscious	3.94
7867	und	3.94
7868	varies	3.94
7869	vegetable	3.94
7870	verified	3.94
7871	vibe	3.94
7872	virtue	3.94
7873	wifi	3.94
7874	wishing	3.94
7875	workforce	3.94
7876	zombie	3.94
7877	acre	3.93
7878	airports	3.93
7879	alot	3.93
7880	amen	3.93
7881	andrews	3.93
7882	arise	3.93
7883	ashes	3.93
7884	automotive	3.93
7885	battlefield	3.93
7886	begging	3.93
7887	berkeley	3.93
7888	bloom	3.93
7889	bore	3.93
7890	bundle	3.93
7891	butterfly	3.93
7892	buys	3.93
7893	casualties	3.93
7894	catches	3.93
7895	chad	3.93
7896	clown	3.93
7897	committees	3.93
7898	conjunction	3.93
7899	costly	3.93
7900	cows	3.93
7901	cries	3.93
7902	cuban	3.93
7903	cycles	3.93
7904	darker	3.93
7905	davies	3.93
7906	descent	3.93
7907	desktop	3.93
7908	dial	3.93
7909	directory	3.93
7910	disabilities	3.93
7911	discharge	3.93
7912	discusses	3.93
7913	dodge	3.93
7914	downs	3.93
7915	drilling	3.93
7916	drums	3.93
7917	elimination	3.93
7918	enjoys	3.93
7919	es	3.93
7920	espn	3.93
7921	ginger	3.93
7922	governors	3.93
7923	guild	3.93
7924	halt	3.93
7925	han	3.93
7926	henderson	3.93
7927	ibm	3.93
7928	imaging	3.93
7929	implied	3.93
7930	impress	3.93
7931	inability	3.93
7932	incoming	3.93
7933	isaac	3.93
7934	jar	3.93
7935	kay	3.93
7936	lb	3.93
7937	leicester	3.93
7938	liam	3.93
7939	litigation	3.93
7940	mentor	3.93
7941	merchandise	3.93
7942	minerals	3.93
7943	miners	3.93
7944	monk	3.93
7945	neighborhoods	3.93
7946	ni	3.93
7947	noah	3.93
7948	norm	3.93
7949	obtaining	3.93
7950	occupy	3.93
7951	offended	3.93
7952	orthodox	3.93
7953	overhead	3.93
7954	pac	3.93
7955	painter	3.93
7956	party's	3.93
7957	perth	3.93
7958	pierce	3.93
7959	pistol	3.93
7960	printer	3.93
7961	prone	3.93
7962	raiders	3.93
7963	readily	3.93
7964	reflecting	3.93
7965	regiment	3.93
7966	remembers	3.93
7967	reunion	3.93
7968	revival	3.93
7969	sanctuary	3.93
7970	satan	3.93
7971	satisfying	3.93
7972	seas	3.93
7973	securing	3.93
7974	sensors	3.93
7975	seoul	3.93
7976	shells	3.93
7977	siege	3.93
7978	sixty	3.93
7979	sleeve	3.93
7980	sonic	3.93
7981	soundtrack	3.93
7982	speeches	3.93
7983	spine	3.93
7984	steering	3.93
7985	substances	3.93
7986	sullivan	3.93
7987	sustain	3.93
7988	tenure	3.93
7989	texture	3.93
7990	thankful	3.93
7991	translate	3.93
7992	treasurer	3.93
7993	triangle	3.93
7994	unclear	3.93
7995	upgraded	3.93
7996	venezuela	3.93
7997	venice	3.93
7998	vladimir	3.93
7999	wizard	3.93
8000	yankees	3.93
8001	absorbed	3.92
8002	admin	3.92
8003	affection	3.92
8004	airplane	3.92
8005	altitude	3.92
8006	athens	3.92
8007	attributes	3.92
8008	baked	3.92
8009	baking	3.92
8010	beautifully	3.92
8011	betty	3.92
8012	biblical	3.92
8013	bmw	3.92
8014	boo	3.92
8015	cardiff	3.92
8016	collapsed	3.92
8017	coloured	3.92
8018	competent	3.92
8019	countryside	3.92
8020	cracking	3.92
8021	crane	3.92
8022	debris	3.92
8023	delegation	3.92
8024	demographic	3.92
8025	descriptions	3.92
8026	donor	3.92
8027	easiest	3.92
8028	educate	3.92
8029	enabling	3.92
8030	enrolled	3.92
8031	enrollment	3.92
8032	essex	3.92
8033	exceed	3.92
8034	excluding	3.92
8035	expressions	3.92
8036	fierce	3.92
8037	forgetting	3.92
8038	gabriel	3.92
8039	garlic	3.92
8040	gaza	3.92
8041	gratitude	3.92
8042	hail	3.92
8043	heroin	3.92
8044	honda	3.92
8045	hooked	3.92
8046	illustration	3.92
8047	impose	3.92
8048	indicator	3.92
8049	inequality	3.92
8050	ins	3.92
8051	interpreted	3.92
8052	jamaica	3.92
8053	joey	3.92
8054	joshua	3.92
8055	journals	3.92
8056	leisure	3.92
8057	lend	3.92
8058	lengths	3.92
8059	leon	3.92
8060	lounge	3.92
8061	luckily	3.92
8062	manuscript	3.92
8063	marco	3.92
8064	marines	3.92
8065	mint	3.92
8066	molecules	3.92
8067	montgomery	3.92
8068	notification	3.92
8069	nova	3.92
8070	oakland	3.92
8071	outline	3.92
8072	pasta	3.92
8073	pi	3.92
8074	polite	3.92
8075	productions	3.92
8076	professors	3.92
8077	quicker	3.92
8078	randy	3.92
8079	receipt	3.92
8080	recognise	3.92
8081	reliability	3.92
8082	researcher	3.92
8083	retailers	3.92
8084	reviewing	3.92
8085	romans	3.92
8086	runway	3.92
8087	sculpture	3.92
8088	senses	3.92
8089	sensor	3.92
8090	seth	3.92
8091	sharon	3.92
8092	showcase	3.92
8093	smoked	3.92
8094	su	3.92
8095	subsidiary	3.92
8096	tampa	3.92
8097	tenth	3.92
8098	theology	3.92
8099	topped	3.92
8100	trails	3.92
8101	underwater	3.92
8102	uploaded	3.92
8103	velocity	3.92
8104	venues	3.92
8105	wax	3.92
8106	wikipedia	3.92
8107	winston	3.92
8108	yay	3.92
8109	yu	3.92
8110	♫	3.92
8111	accountability	3.91
8112	aerial	3.91
8113	albeit	3.91
8114	alcoholic	3.91
8115	amazed	3.91
8116	ambition	3.91
8117	ammunition	3.91
8118	anthem	3.91
8119	architects	3.91
8120	automated	3.91
8121	bake	3.91
8122	batch	3.91
8123	borrowed	3.91
8124	carson	3.91
8125	catalog	3.91
8126	catalogue	3.91
8127	charitable	3.91
8128	christine	3.91
8129	clicking	3.91
8130	club's	3.91
8131	collector	3.91
8132	compliment	3.91
8133	consisted	3.91
8134	continually	3.91
8135	coordinator	3.91
8136	damaging	3.91
8137	danish	3.91
8138	def	3.91
8139	deployment	3.91
8140	drafted	3.91
8141	enjoyable	3.91
8142	exotic	3.91
8143	exterior	3.91
8144	feminine	3.91
8145	firearms	3.91
8146	fountain	3.91
8147	fury	3.91
8148	gb	3.91
8149	genocide	3.91
8150	glance	3.91
8151	glow	3.91
8152	hay	3.91
8153	headlines	3.91
8154	hebrew	3.91
8155	hometown	3.91
8156	humanitarian	3.91
8157	hungary	3.91
8158	idaho	3.91
8159	immunity	3.91
8160	implementing	3.91
8161	inherited	3.91
8162	killers	3.91
8163	l.a	3.91
8164	labeled	3.91
8165	lebron	3.91
8166	liberation	3.91
8167	likelihood	3.91
8168	lone	3.91
8169	massacre	3.91
8170	meme	3.91
8171	mitch	3.91
8172	mod	3.91
8173	nationalist	3.91
8174	nationals	3.91
8175	necessity	3.91
8176	nickname	3.91
8177	nixon	3.91
8178	observer	3.91
8179	offshore	3.91
8180	optional	3.91
8181	papa	3.91
8182	parked	3.91
8183	paste	3.91
8184	ph.d	3.91
8185	pioneer	3.91
8186	plaza	3.91
8187	prescribed	3.91
8188	pressures	3.91
8189	prosperity	3.91
8190	ps4	3.91
8191	recreational	3.91
8192	reds	3.91
8193	refuge	3.91
8194	religions	3.91
8195	renewable	3.91
8196	richardson	3.91
8197	ricky	3.91
8198	rode	3.91
8199	ronald	3.91
8200	sack	3.91
8201	settlements	3.91
8202	sheffield	3.91
8203	shortage	3.91
8204	skies	3.91
8205	smarter	3.91
8206	smiles	3.91
8207	sophie	3.91
8208	sphere	3.91
8209	sponsors	3.91
8210	stamps	3.91
8211	stare	3.91
8212	suburban	3.91
8213	sung	3.91
8214	suppliers	3.91
8215	tablets	3.91
8216	terribly	3.91
8217	territorial	3.91
8218	thirds	3.91
8219	thriller	3.91
8220	toss	3.91
8221	transgender	3.91
8222	troubled	3.91
8223	turtle	3.91
8224	ur	3.91
8225	verbal	3.91
8226	violated	3.91
8227	vocals	3.91
8228	wool	3.91
8229	yang	3.91
8230	accountable	3.9
8231	advocacy	3.9
8232	aftermath	3.9
8233	aggression	3.9
8234	analyzed	3.9
8235	angles	3.9
8236	arguably	3.9
8237	armies	3.9
8238	armstrong	3.9
8239	assessed	3.9
8240	attractions	3.9
8241	balloon	3.9
8242	beers	3.9
8243	bells	3.9
8244	blamed	3.9
8245	blunt	3.9
8246	boobs	3.9
8247	bosses	3.9
8248	brakes	3.9
8249	brigade	3.9
8250	bulgaria	3.9
8251	burial	3.9
8252	canceled	3.9
8253	cardinal	3.9
8254	champ	3.9
8255	champagne	3.9
8256	cheated	3.9
8257	china's	3.9
8258	chorus	3.9
8259	chrome	3.9
8260	clarity	3.9
8261	classics	3.9
8262	cleaner	3.9
8263	combining	3.9
8264	conclude	3.9
8265	confidential	3.9
8266	coordination	3.9
8267	cracks	3.9
8268	cs	3.9
8269	dancers	3.9
8270	delaware	3.9
8271	directing	3.9
8272	discretion	3.9
8273	ditch	3.9
8274	dome	3.9
8275	dope	3.9
8276	drought	3.9
8277	ducks	3.9
8278	dumped	3.9
8279	elevation	3.9
8280	entrepreneurs	3.9
8281	epa	3.9
8282	esteem	3.9
8283	eva	3.9
8284	explored	3.9
8285	fe	3.9
8286	finances	3.9
8287	finishes	3.9
8288	fog	3.9
8289	framed	3.9
8290	fucks	3.9
8291	gesture	3.9
8292	ghana	3.9
8293	gibson	3.9
8294	gif	3.9
8295	gilbert	3.9
8296	gosh	3.9
8297	griffin	3.9
8298	historian	3.9
8299	horizontal	3.9
8300	hospitality	3.9
8301	hostage	3.9
8302	hottest	3.9
8303	individually	3.9
8304	inevitably	3.9
8305	jeffrey	3.9
8306	kenneth	3.9
8307	lad	3.9
8308	lakers	3.9
8309	lasts	3.9
8310	leagues	3.9
8311	leslie	3.9
8312	listings	3.9
8313	literacy	3.9
8314	marriages	3.9
8315	mcdonald's	3.9
8316	migrants	3.9
8317	mins	3.9
8318	misleading	3.9
8319	moisture	3.9
8320	monument	3.9
8321	mortality	3.9
8322	ng	3.9
8323	notices	3.9
8324	obsession	3.9
8325	opt	3.9
8326	particle	3.9
8327	peanut	3.9
8328	penn	3.9
8329	persistent	3.9
8330	personalities	3.9
8331	petroleum	3.9
8332	pharmaceutical	3.9
8333	progression	3.9
8334	quinn	3.9
8335	ra	3.9
8336	rack	3.9
8337	rebuild	3.9
8338	recordings	3.9
8339	rejection	3.9
8340	relaxing	3.9
8341	reservoir	3.9
8342	respects	3.9
8343	riley	3.9
8344	scrap	3.9
8345	sebastian	3.9
8346	sensation	3.9
8347	shaft	3.9
8348	shepherd	3.9
8349	shuttle	3.9
8350	slope	3.9
8351	snack	3.9
8352	sounding	3.9
8353	specialists	3.9
8354	spotlight	3.9
8355	stabbed	3.9
8356	stern	3.9
8357	stiff	3.9
8358	striker	3.9
8359	sudan	3.9
8360	sued	3.9
8361	sums	3.9
8362	sworn	3.9
8363	tel	3.9
8364	terrific	3.9
8365	theres	3.9
8366	titans	3.9
8367	tomatoes	3.9
8368	tory	3.9
8369	trafficking	3.9
8370	transparency	3.9
8371	trinity	3.9
8372	unemployed	3.9
8373	unite	3.9
8374	unlock	3.9
8375	vault	3.9
8376	vet	3.9
8377	vince	3.9
8378	wagon	3.9
8379	walt	3.9
8380	withdrawn	3.9
8381	accessed	3.89
8382	adverse	3.89
8383	aiming	3.89
8384	allah	3.89
8385	alumni	3.89
8386	ana	3.89
8387	awhile	3.89
8388	aye	3.89
8389	bastard	3.89
8390	behaviors	3.89
8391	bikes	3.89
8392	biography	3.89
8393	br	3.89
8394	broker	3.89
8395	browser	3.89
8396	bury	3.89
8397	cellular	3.89
8398	cocktail	3.89
8399	cod	3.89
8400	conditioning	3.89
8401	consuming	3.89
8402	contracted	3.89
8403	costumes	3.89
8404	counseling	3.89
8405	crews	3.89
8406	cubs	3.89
8407	cuz	3.89
8408	dangers	3.89
8409	designing	3.89
8410	destructive	3.89
8411	develops	3.89
8412	dislike	3.89
8413	doubled	3.89
8414	doubles	3.89
8415	economies	3.89
8416	embedded	3.89
8417	emerge	3.89
8418	excluded	3.89
8419	expects	3.89
8420	f1	3.89
8421	farewell	3.89
8422	feeds	3.89
8423	fist	3.89
8424	fond	3.89
8425	foolish	3.89
8426	frog	3.89
8427	fry	3.89
8428	garcia	3.89
8429	gifted	3.89
8430	hacking	3.89
8431	hawks	3.89
8432	heir	3.89
8433	highlighted	3.89
8434	holocaust	3.89
8435	homer	3.89
8436	hon	3.89
8437	hopkins	3.89
8438	imprisonment	3.89
8439	indonesian	3.89
8440	irs	3.89
8441	isnt	3.89
8442	jenny	3.89
8443	ji	3.89
8444	lacks	3.89
8445	landlord	3.89
8446	landmark	3.89
8447	lanka	3.89
8448	launches	3.89
8449	leaning	3.89
8450	liable	3.89
8451	life's	3.89
8452	memphis	3.89
8453	midst	3.89
8454	misery	3.89
8455	module	3.89
8456	mommy	3.89
8457	monroe	3.89
8458	mosque	3.89
8459	moss	3.89
8460	museums	3.89
8461	mvp	3.89
8462	nursery	3.89
8463	obamacare	3.89
8464	onion	3.89
8465	perspectives	3.89
8466	peru	3.89
8467	phrases	3.89
8468	plague	3.89
8469	plains	3.89
8470	positively	3.89
8471	powell	3.89
8472	prevents	3.89
8473	profiles	3.89
8474	pursued	3.89
8475	raids	3.89
8476	recruit	3.89
8477	resting	3.89
8478	rex	3.89
8479	rogue	3.89
8480	roosevelt	3.89
8481	salaries	3.89
8482	sd	3.89
8483	seated	3.89
8484	sharply	3.89
8485	showers	3.89
8486	sincerely	3.89
8487	sings	3.89
8488	solidarity	3.89
8489	specialty	3.89
8490	supernatural	3.89
8491	surprises	3.89
8492	td	3.89
8493	tens	3.89
8494	thirteen	3.89
8495	tomb	3.89
8496	touring	3.89
8497	traces	3.89
8498	trademark	3.89
8499	trim	3.89
8500	umbrella	3.89
8501	utilities	3.89
8502	voyage	3.89
8503	weaker	3.89
8504	willie	3.89
8505	yields	3.89
8506	abbey	3.88
8507	accepts	3.88
8508	adjustment	3.88
8509	andrea	3.88
8510	assignments	3.88
8511	attachment	3.88
8512	baron	3.88
8513	beatles	3.88
8514	belfast	3.88
8515	blah	3.88
8516	blaming	3.88
8517	bomber	3.88
8518	bt	3.88
8519	bunny	3.88
8520	candle	3.88
8521	carved	3.88
8522	choir	3.88
8523	clutch	3.88
8524	coconut	3.88
8525	committing	3.88
8526	comprising	3.88
8527	confession	3.88
8528	consume	3.88
8529	corridor	3.88
8530	credibility	3.88
8531	credited	3.88
8532	critically	3.88
8533	dem	3.88
8534	distracted	3.88
8535	dm	3.88
8536	dolphins	3.88
8537	estates	3.88
8538	ferguson	3.88
8539	ferrari	3.88
8540	filters	3.88
8541	fools	3.88
8542	fourteen	3.88
8543	fu	3.88
8544	geometry	3.88
8545	gf	3.88
8546	ghosts	3.88
8547	gossip	3.88
8548	gp	3.88
8549	grandparents	3.88
8550	group's	3.88
8551	haul	3.88
8552	header	3.88
8553	headphones	3.88
8554	highways	3.88
8555	holly	3.88
8556	immense	3.88
8557	imports	3.88
8558	incentives	3.88
8559	interfere	3.88
8560	intersection	3.88
8561	investigators	3.88
8562	juvenile	3.88
8563	karma	3.88
8564	ki	3.88
8565	knocking	3.88
8566	kurt	3.88
8567	leaks	3.88
8568	leverage	3.88
8569	lil	3.88
8570	lining	3.88
8571	luther	3.88
8572	manila	3.88
8573	mankind	3.88
8574	mapping	3.88
8575	masks	3.88
8576	med	3.88
8577	metric	3.88
8578	militia	3.88
8579	naming	3.88
8580	ncaa	3.88
8581	night's	3.88
8582	nike	3.88
8583	node	3.88
8584	obstacles	3.88
8585	opener	3.88
8586	overwhelmed	3.88
8587	performers	3.88
8588	pg	3.88
8589	pl	3.88
8590	pointless	3.88
8591	poles	3.88
8592	preferences	3.88
8593	prompted	3.88
8594	proximity	3.88
8595	qualification	3.88
8596	qualifications	3.88
8597	ranger	3.88
8598	rendered	3.88
8599	rented	3.88
8600	reversed	3.88
8601	robbed	3.88
8602	sadness	3.88
8603	scenarios	3.88
8604	selective	3.88
8605	seniors	3.88
8606	sf	3.88
8607	shiny	3.88
8608	socialism	3.88
8609	son's	3.88
8610	sour	3.88
8611	spoon	3.88
8612	stressful	3.88
8613	stretched	3.88
8614	sucking	3.88
8615	teddy	3.88
8616	tenants	3.88
8617	terrace	3.88
8618	thief	3.88
8619	transported	3.88
8620	tribunal	3.88
8621	undoubtedly	3.88
8622	uniforms	3.88
8623	verify	3.88
8624	villain	3.88
8625	whats	3.88
8626	whistle	3.88
8627	wife's	3.88
8628	workshops	3.88
8629	yale	3.88
8630	yearly	3.88
8631	yemen	3.88
8632	⠀	3.88
8633	abusive	3.87
8634	alley	3.87
8635	announcing	3.87
8636	appetite	3.87
8637	backyard	3.87
8638	beth	3.87
8639	beverly	3.87
8640	bids	3.87
8641	billboard	3.87
8642	blades	3.87
8643	boris	3.87
8644	bully	3.87
8645	burke	3.87
8646	cables	3.87
8647	calculate	3.87
8648	calculations	3.87
8649	chicks	3.87
8650	conceived	3.87
8651	consult	3.87
8652	crashes	3.87
8653	crowds	3.87
8654	cunt	3.87
8655	damned	3.87
8656	dissolved	3.87
8657	distinguish	3.87
8658	dominate	3.87
8659	dynasty	3.87
8660	economist	3.87
8661	endorsed	3.87
8662	europeans	3.87
8663	examining	3.87
8664	extensively	3.87
8665	fda	3.87
8666	festivals	3.87
8667	forehead	3.87
8668	foreigners	3.87
8669	forgiveness	3.87
8670	gem	3.87
8671	glen	3.87
8672	graves	3.87
8673	gregory	3.87
8674	haunted	3.87
8675	hayes	3.87
8676	heather	3.87
8677	hiking	3.87
8678	hypothesis	3.87
8679	illegally	3.87
8680	illustrations	3.87
8681	inclined	3.87
8682	informal	3.87
8683	jew	3.87
8684	learnt	3.87
8685	lending	3.87
8686	marker	3.87
8687	marsh	3.87
8688	marshal	3.87
8689	maturity	3.87
8690	maya	3.87
8691	messy	3.87
8692	mia	3.87
8693	minneapolis	3.87
8694	molly	3.87
8695	morrison	3.87
8696	mtv	3.87
8697	muhammad	3.87
8698	neighboring	3.87
8699	neighbours	3.87
8700	ninja	3.87
8701	optimistic	3.87
8702	outlined	3.87
8703	owl	3.87
8704	parenting	3.87
8705	peaks	3.87
8706	pharmacy	3.87
8707	pools	3.87
8708	preparations	3.87
8709	problematic	3.87
8710	proceeded	3.87
8711	processor	3.87
8712	promotional	3.87
8713	pros	3.87
8714	prospective	3.87
8715	psychiatric	3.87
8716	regulate	3.87
8717	renaissance	3.87
8718	repeal	3.87
8719	reuters	3.87
8720	riots	3.87
8721	roast	3.87
8722	robertson	3.87
8723	rubbish	3.87
8724	saga	3.87
8725	salon	3.87
8726	seventeen	3.87
8727	shields	3.87
8728	sliding	3.87
8729	sodium	3.87
8730	surplus	3.87
8731	swallow	3.87
8732	systematic	3.87
8733	theaters	3.87
8734	transmitted	3.87
8735	tuned	3.87
8736	unacceptable	3.87
8737	unaware	3.87
8738	uncommon	3.87
8739	underway	3.87
8740	unified	3.87
8741	unstable	3.87
8742	upstairs	3.87
8743	vague	3.87
8744	wee	3.87
8745	woo	3.87
8746	xd	3.87
8747	zip	3.87
8748	a00	3.86
8749	abs	3.86
8750	abundance	3.86
8751	advancing	3.86
8752	ahh	3.86
8753	alberta	3.86
8754	ant	3.86
8755	antique	3.86
8756	autonomy	3.86
8757	baptist	3.86
8758	behavioral	3.86
8759	biden	3.86
8760	booking	3.86
8761	breeze	3.86
8762	brett	3.86
8763	browns	3.86
8764	canadians	3.86
8765	carnival	3.86
8766	commodity	3.86
8767	congressman	3.86
8768	containers	3.86
8769	cooperative	3.86
8770	coral	3.86
8771	correlation	3.86
8772	correspondent	3.86
8773	coupon	3.86
8774	covid	3.86
8775	crosses	3.86
8776	curtain	3.86
8777	curves	3.86
8778	defines	3.86
8779	delivers	3.86
8780	demonstrates	3.86
8781	dentist	3.86
8782	dodgers	3.86
8783	dough	3.86
8784	dug	3.86
8785	endangered	3.86
8786	envelope	3.86
8787	exhibited	3.86
8788	fade	3.86
8789	fatigue	3.86
8790	fellowship	3.86
8791	fictional	3.86
8792	fragile	3.86
8793	fringe	3.86
8794	fulfill	3.86
8795	gaps	3.86
8796	granite	3.86
8797	greens	3.86
8798	handbook	3.86
8799	hardy	3.86
8800	honors	3.86
8801	india's	3.86
8802	insights	3.86
8803	instinct	3.86
8804	inviting	3.86
8805	irony	3.86
8806	ivan	3.86
8807	joyce	3.86
8808	judgement	3.86
8809	judiciary	3.86
8810	jumps	3.86
8811	lads	3.86
8812	legion	3.86
8813	lethal	3.86
8814	lime	3.86
8815	lively	3.86
8816	logistics	3.86
8817	lowered	3.86
8818	lynn	3.86
8819	maid	3.86
8820	manning	3.86
8821	manuel	3.86
8822	maple	3.86
8823	mickey	3.86
8824	midfielder	3.86
8825	mindset	3.86
8826	mistress	3.86
8827	moms	3.86
8828	mon	3.86
8829	monkeys	3.86
8830	morality	3.86
8831	mortal	3.86
8832	mounting	3.86
8833	nonprofit	3.86
8834	nsa	3.86
8835	oils	3.86
8836	operative	3.86
8837	outs	3.86
8838	owed	3.86
8839	panama	3.86
8840	patches	3.86
8841	pickup	3.86
8842	portraits	3.86
8843	pouring	3.86
8844	prestigious	3.86
8845	prompt	3.86
8846	quantities	3.86
8847	radius	3.86
8848	referee	3.86
8849	relay	3.86
8850	rig	3.86
8851	risen	3.86
8852	rows	3.86
8853	sacramento	3.86
8854	scroll	3.86
8855	searches	3.86
8856	sh	3.86
8857	smiled	3.86
8858	snacks	3.86
8859	snakes	3.86
8860	sovereignty	3.86
8861	strips	3.86
8862	stunt	3.86
8863	subjected	3.86
8864	sucked	3.86
8865	sunlight	3.86
8866	surf	3.86
8867	symbolic	3.86
8868	sync	3.86
8869	taxpayer	3.86
8870	tempted	3.86
8871	thrust	3.86
8872	trevor	3.86
8873	trilogy	3.86
8874	url	3.86
8875	weights	3.86
8876	wheelchair	3.86
8877	whore	3.86
8878	wiped	3.86
8879	yahoo	3.86
8880	youre	3.86
8881	yourselves	3.86
8882	accompanying	3.85
8883	accusations	3.85
8884	acids	3.85
8885	administrators	3.85
8886	aired	3.85
8887	allowance	3.85
8888	andre	3.85
8889	apologies	3.85
8890	arbitrary	3.85
8891	atm	3.85
8892	autonomous	3.85
8893	averaged	3.85
8894	bait	3.85
8895	bark	3.85
8896	bets	3.85
8897	blogger	3.85
8898	bra	3.85
8899	brighton	3.85
8900	brotherhood	3.85
8901	buddhist	3.85
8902	builder	3.85
8903	cakes	3.85
8904	carriage	3.85
8905	celebrations	3.85
8906	censorship	3.85
8907	cf	3.85
8908	cl	3.85
8909	clarify	3.85
8910	climbed	3.85
8911	comp	3.85
8912	compilation	3.85
8913	composer	3.85
8914	comprises	3.85
8915	constitute	3.85
8916	correspondence	3.85
8917	cowboy	3.85
8918	defendants	3.85
8919	desirable	3.85
8920	devastating	3.85
8921	diagram	3.85
8922	dismiss	3.85
8923	editions	3.85
8924	erected	3.85
8925	explorer	3.85
8926	farther	3.85
8927	favorable	3.85
8928	feminism	3.85
8929	flaws	3.85
8930	forums	3.85
8931	freed	3.85
8932	galleries	3.85
8933	gasoline	3.85
8934	genesis	3.85
8935	geographical	3.85
8936	governed	3.85
8937	governmental	3.85
8938	grandson	3.85
8939	guy's	3.85
8940	halls	3.85
8941	handles	3.85
8942	heavier	3.85
8943	herbert	3.85
8944	hints	3.85
8945	husband's	3.85
8946	incomplete	3.85
8947	incorporate	3.85
8948	interrupted	3.85
8949	ivory	3.85
8950	kerry	3.85
8951	kirk	3.85
8952	lang	3.85
8953	lengthy	3.85
8954	levy	3.85
8955	lp	3.85
8956	manipulation	3.85
8957	merchants	3.85
8958	misses	3.85
8959	mlb	3.85
8960	mock	3.85
8961	necklace	3.85
8962	niche	3.85
8963	nina	3.85
8964	o'brien	3.85
8965	obscure	3.85
8966	ot	3.85
8967	para	3.85
8968	peterson	3.85
8969	popped	3.85
8970	porch	3.85
8971	portrayed	3.85
8972	possessed	3.85
8973	princeton	3.85
8974	proposition	3.85
8975	railways	3.85
8976	readings	3.85
8977	recession	3.85
8978	richards	3.85
8979	rim	3.85
8980	seals	3.85
8981	secondly	3.85
8982	sequences	3.85
8983	settling	3.85
8984	sherman	3.85
8985	spinal	3.85
8986	spiral	3.85
8987	spit	3.85
8988	splash	3.85
8989	stretching	3.85
8990	successive	3.85
8991	superhero	3.85
8992	taxpayers	3.85
8993	therapeutic	3.85
8994	threads	3.85
8995	ti	3.85
8996	timely	3.85
8997	tomato	3.85
8998	tub	3.85
8999	ufc	3.85
9000	undergraduate	3.85
9001	undertaken	3.85
9002	uranium	3.85
9003	utter	3.85
9004	vietnamese	3.85
9005	volleyball	3.85
9006	walsh	3.85
9007	wires	3.85
9008	yell	3.85
9009	2d	3.84
9010	advertisement	3.84
9011	analysts	3.84
9012	analyze	3.84
9013	atmospheric	3.84
9014	bangkok	3.84
9015	batting	3.84
9016	bb	3.84
9017	bitches	3.84
9018	bracket	3.84
9019	branded	3.84
9020	bryant	3.84
9021	cairo	3.84
9022	cardiac	3.84
9023	catholics	3.84
9024	commanding	3.84
9025	confirms	3.84
9026	confronted	3.84
9027	crashing	3.84
9028	crawford	3.84
9029	creep	3.84
9030	daylight	3.84
9031	dee	3.84
9032	dems	3.84
9033	devon	3.84
9034	disclose	3.84
9035	doe	3.84
9036	donna	3.84
9037	elbow	3.84
9038	encourages	3.84
9039	enthusiastic	3.84
9040	envy	3.84
9041	establishments	3.84
9042	exile	3.84
9043	exploitation	3.84
9044	felix	3.84
9045	futures	3.84
9046	gel	3.84
9047	genetics	3.84
9048	goose	3.84
9049	grill	3.84
9050	grounded	3.84
9051	hating	3.84
9052	heel	3.84
9053	heroic	3.84
9054	hut	3.84
9055	inmates	3.84
9056	instructed	3.84
9057	ira	3.84
9058	jenkins	3.84
9059	johns	3.84
9060	knives	3.84
9061	louisville	3.84
9062	malaysian	3.84
9063	margins	3.84
9064	marina	3.84
9065	mat	3.84
9066	melissa	3.84
9067	milton	3.84
9068	miranda	3.84
9069	ml	3.84
9070	monopoly	3.84
9071	nash	3.84
9072	nationally	3.84
9073	nobel	3.84
9074	norfolk	3.84
9075	outrage	3.84
9076	owning	3.84
9077	pains	3.84
9078	paperwork	3.84
9079	pdf	3.84
9080	pitched	3.84
9081	poets	3.84
9082	poisoning	3.84
9083	promptly	3.84
9084	que	3.84
9085	rains	3.84
9086	recovering	3.84
9087	renewal	3.84
9088	repeating	3.84
9089	rifles	3.84
9090	robbie	3.84
9091	ruler	3.84
9092	school's	3.84
9093	screams	3.84
9094	sellers	3.84
9095	sights	3.84
9096	sincere	3.84
9097	skating	3.84
9098	skiing	3.84
9099	slaughter	3.84
9100	smashed	3.84
9101	sox	3.84
9102	sperm	3.84
9103	spill	3.84
9104	steadily	3.84
9105	stripped	3.84
9106	supplier	3.84
9107	swamp	3.84
9108	swan	3.84
9109	switches	3.84
9110	synthesis	3.84
9111	tasty	3.84
9112	tattoos	3.84
9113	teammate	3.84
9114	testify	3.84
9115	tolerate	3.84
9116	tournaments	3.84
9117	travelers	3.84
9118	treason	3.84
9119	trustees	3.84
9120	typing	3.84
9121	urine	3.84
9122	vanilla	3.84
9123	vermont	3.84
9124	vic	3.84
9125	vii	3.84
9126	violet	3.84
9127	weighing	3.84
9128	wendy	3.84
9129	activation	3.83
9130	afghan	3.83
9131	afterward	3.83
9132	agreeing	3.83
9133	ahmed	3.83
9134	allocated	3.83
9135	appealed	3.83
9136	applause	3.83
9137	bald	3.83
9138	barrels	3.83
9139	boil	3.83
9140	borough	3.83
9141	boyd	3.83
9142	bp	3.83
9143	breakthrough	3.83
9144	calif	3.83
9145	ce	3.83
9146	charities	3.83
9147	cheering	3.83
9148	chooses	3.83
9149	churchill	3.83
9150	combinations	3.83
9151	commenting	3.83
9152	competitions	3.83
9153	cone	3.83
9154	connects	3.83
9155	convey	3.83
9156	critique	3.83
9157	crushing	3.83
9158	curved	3.83
9159	cyrus	3.83
9160	decay	3.83
9161	declining	3.83
9162	depressing	3.83
9163	dessert	3.83
9164	destinations	3.83
9165	diagnostic	3.83
9166	diane	3.83
9167	differential	3.83
9168	discourse	3.83
9169	distances	3.83
9170	dominance	3.83
9171	donors	3.83
9172	downloaded	3.83
9173	earth's	3.83
9174	economically	3.83
9175	entertain	3.83
9176	evaluated	3.83
9177	exploit	3.83
9178	fireworks	3.83
9179	flown	3.83
9180	floyd	3.83
9181	founders	3.83
9182	freeman	3.83
9183	game's	3.83
9184	gandhi	3.83
9185	gateway	3.83
9186	ge	3.83
9187	guarantees	3.83
9188	humidity	3.83
9189	humour	3.83
9190	imagery	3.83
9191	imply	3.83
9192	indicators	3.83
9193	inherent	3.83
9194	inland	3.83
9195	inning	3.83
9196	innocence	3.83
9197	investigator	3.83
9198	isle	3.83
9199	ivy	3.83
9200	justification	3.83
9201	ka	3.83
9202	katherine	3.83
9203	lego	3.83
9204	licenses	3.83
9205	livestock	3.83
9206	liz	3.83
9207	llc	3.83
9208	mafia	3.83
9209	manners	3.83
9210	merry	3.83
9211	mick	3.83
9212	missionary	3.83
9213	nationalism	3.83
9214	naughty	3.83
9215	nepal	3.83
9216	newman	3.83
9217	notified	3.83
9218	notorious	3.83
9219	obey	3.83
9220	olivia	3.83
9221	organizational	3.83
9222	outfits	3.83
9223	outright	3.83
9224	overly	3.83
9225	oversight	3.83
9226	panthers	3.83
9227	persian	3.83
9228	phases	3.83
9229	photographers	3.83
9230	polling	3.83
9231	popping	3.83
9232	prisons	3.83
9233	prototype	3.83
9234	pumpkin	3.83
9235	pumps	3.83
9236	punched	3.83
9237	ramp	3.83
9238	rand	3.83
9239	reactor	3.83
9240	reef	3.83
9241	refined	3.83
9242	refreshing	3.83
9243	refusal	3.83
9244	reinforced	3.83
9245	remedies	3.83
9246	reset	3.83
9247	sage	3.83
9248	shave	3.83
9249	sickness	3.83
9250	simpler	3.83
9251	sinking	3.83
9252	slots	3.83
9253	sorted	3.83
9254	sq	3.83
9255	staged	3.83
9256	startup	3.83
9257	statute	3.83
9258	stems	3.83
9259	straightforward	3.83
9260	strengths	3.83
9261	suffers	3.83
9262	superstar	3.83
9263	telecommunications	3.83
9264	thieves	3.83
9265	thoughtful	3.83
9266	thru	3.83
9267	tissues	3.83
9268	toddler	3.83
9269	utilized	3.83
9270	vicious	3.83
9271	victories	3.83
9272	vikings	3.83
9273	vodka	3.83
9274	vr	3.83
9275	wholly	3.83
9276	zoom	3.83
9277	accidental	3.82
9278	accounted	3.82
9279	addicted	3.82
9280	adjustments	3.82
9281	apollo	3.82
9282	archbishop	3.82
9283	assassination	3.82
9284	athletics	3.82
9285	basics	3.82
9286	bats	3.82
9287	belgian	3.82
9288	bibliography	3.82
9289	bot	3.82
9290	broadly	3.82
9291	calcium	3.82
9292	calvin	3.82
9293	candles	3.82
9294	capita	3.82
9295	certainty	3.82
9296	cheeks	3.82
9297	chickens	3.82
9298	christina	3.82
9299	citation	3.82
9300	clues	3.82
9301	collectively	3.82
9302	commercials	3.82
9303	commissions	3.82
9304	compression	3.82
9305	comprised	3.82
9306	confess	3.82
9307	confined	3.82
9308	congregation	3.82
9309	consolidated	3.82
9310	coordinate	3.82
9311	coordinates	3.82
9312	cube	3.82
9313	dana	3.82
9314	declaring	3.82
9315	decoration	3.82
9316	decree	3.82
9317	definitions	3.82
9318	deliberate	3.82
9319	despair	3.82
9320	discovering	3.82
9321	dividend	3.82
9322	dragging	3.82
9323	drift	3.82
9324	dye	3.82
9325	eden	3.82
9326	educators	3.82
9327	electron	3.82
9328	endure	3.82
9329	enzyme	3.82
9330	evolutionary	3.82
9331	exhibits	3.82
9332	extensions	3.82
9333	fellows	3.82
9334	fragments	3.82
9335	fraser	3.82
9336	fuels	3.82
9337	geological	3.82
9338	globally	3.82
9339	grams	3.82
9340	guru	3.82
9341	hacked	3.82
9342	hans	3.82
9343	hatch	3.82
9344	hindi	3.82
9345	historians	3.82
9346	hm	3.82
9347	hormone	3.82
9348	inadequate	3.82
9349	indianapolis	3.82
9350	infinity	3.82
9351	intentionally	3.82
9352	joints	3.82
9353	kilometers	3.82
9354	labs	3.82
9355	lace	3.82
9356	libya	3.82
9357	losers	3.82
9358	louder	3.82
9359	maiden	3.82
9360	marching	3.82
9361	marketplace	3.82
9362	membrane	3.82
9363	messing	3.82
9364	metallic	3.82
9365	methodology	3.82
9366	modifications	3.82
9367	monitors	3.82
9368	murderer	3.82
9369	nap	3.82
9370	nickel	3.82
9371	niece	3.82
9372	nm	3.82
9373	nominations	3.82
9374	numbered	3.82
9375	offerings	3.82
9376	overlooked	3.82
9377	pardon	3.82
9378	partnerships	3.82
9379	persuade	3.82
9380	pier	3.82
9381	poured	3.82
9382	practiced	3.82
9383	predecessor	3.82
9384	premise	3.82
9385	quiz	3.82
9386	rainfall	3.82
9387	recipients	3.82
9388	reckless	3.82
9389	redemption	3.82
9390	relates	3.82
9391	relied	3.82
9392	remedy	3.82
9393	replay	3.82
9394	revision	3.82
9395	rooted	3.82
9396	scent	3.82
9397	slate	3.82
9398	spells	3.82
9399	stimulus	3.82
9400	strengthening	3.82
9401	structured	3.82
9402	sunrise	3.82
9403	surge	3.82
9404	tagged	3.82
9405	tags	3.82
9406	tapes	3.82
9407	tee	3.82
9408	testified	3.82
9409	timothy	3.82
9410	token	3.82
9411	tornado	3.82
9412	tracy	3.82
9413	tunes	3.82
9414	tunnels	3.82
9415	twilight	3.82
9416	unprecedented	3.82
9417	vagina	3.82
9418	verses	3.82
9419	vocabulary	3.82
9420	wellington	3.82
9421	whoa	3.82
9422	willingness	3.82
9423	woody	3.82
9424	worthless	3.82
9425	yacht	3.82
9426	a000	3.81
9427	aberdeen	3.81
9428	absorb	3.81
9429	accompany	3.81
9430	accord	3.81
9431	advancement	3.81
9432	albany	3.81
9433	algorithms	3.81
9434	alt	3.81
9435	alternatively	3.81
9436	anglo	3.81
9437	archer	3.81
9438	asap	3.81
9439	assurance	3.81
9440	barber	3.81
9441	bash	3.81
9442	battalion	3.81
9443	bidding	3.81
9444	boycott	3.81
9445	bricks	3.81
9446	bruno	3.81
9447	buddies	3.81
9448	bulgarian	3.81
9449	carpenter	3.81
9450	ceased	3.81
9451	chester	3.81
9452	coding	3.81
9453	competitor	3.81
9454	creators	3.81
9455	cuisine	3.81
9456	detained	3.81
9457	dioxide	3.81
9458	dolls	3.81
9459	doom	3.81
9460	dubbed	3.81
9461	ea	3.81
9462	eclipse	3.81
9463	eighteen	3.81
9464	eleanor	3.81
9465	elephants	3.81
9466	enjoyment	3.81
9467	exhaust	3.81
9468	expired	3.81
9469	flee	3.81
9470	forbes	3.81
9471	forwards	3.81
9472	fries	3.81
9473	fundraising	3.81
9474	gal	3.81
9475	glimpse	3.81
9476	hahaha	3.81
9477	hawk	3.81
9478	healthier	3.81
9479	homemade	3.81
9480	honorable	3.81
9481	infectious	3.81
9482	inferior	3.81
9483	injustice	3.81
9484	inquiries	3.81
9485	insulin	3.81
9486	interpret	3.81
9487	intro	3.81
9488	jackets	3.81
9489	jill	3.81
9490	kindle	3.81
9491	lid	3.81
9492	lindsay	3.81
9493	logs	3.81
9494	manor	3.81
9495	masterpiece	3.81
9496	melody	3.81
9497	memo	3.81
9498	mic	3.81
9499	mirrors	3.81
9500	mom's	3.81
9501	myanmar	3.81
9502	narrator	3.81
9503	nate	3.81
9504	nets	3.81
9505	nsw	3.81
9506	obesity	3.81
9507	partisan	3.81
9508	planting	3.81
9509	pony	3.81
9510	posed	3.81
9511	possessions	3.81
9512	privileged	3.81
9513	prolonged	3.81
9514	promo	3.81
9515	protestant	3.81
9516	pumping	3.81
9517	pupil	3.81
9518	qb	3.81
9519	recruited	3.81
9520	reliance	3.81
9521	relies	3.81
9522	reluctant	3.81
9523	relying	3.81
9524	respiratory	3.81
9525	retention	3.81
9526	rewarded	3.81
9527	ribbon	3.81
9528	rochester	3.81
9529	rodgers	3.81
9530	roommate	3.81
9531	rotten	3.81
9532	sands	3.81
9533	schedules	3.81
9534	selecting	3.81
9535	shah	3.81
9536	shawn	3.81
9537	shotgun	3.81
9538	singers	3.81
9539	snapped	3.81
9540	sofa	3.81
9541	solomon	3.81
9542	southampton	3.81
9543	spoil	3.81
9544	spoiled	3.81
9545	stephanie	3.81
9546	submarine	3.81
9547	suburb	3.81
9548	surgeons	3.81
9549	sympathetic	3.81
9550	taxation	3.81
9551	temper	3.81
9552	undergo	3.81
9553	venus	3.81
9554	weighed	3.81
9555	wu	3.81
9556	acquiring	3.8
9557	additions	3.8
9558	admitting	3.8
9559	afl	3.8
9560	aligned	3.8
9561	allan	3.8
9562	altar	3.8
9563	amp	3.8
9564	arrows	3.8
9565	atlas	3.8
9566	austrian	3.8
9567	automation	3.8
9568	awe	3.8
9569	balancing	3.8
9570	banning	3.8
9571	bishops	3.8
9572	boeing	3.8
9573	broncos	3.8
9574	builders	3.8
9575	burton	3.8
9576	caesar	3.8
9577	canada's	3.8
9578	cans	3.8
9579	carroll	3.8
9580	cavalry	3.8
9581	clara	3.8
9582	coffin	3.8
9583	collectors	3.8
9584	colorful	3.8
9585	combo	3.8
9586	communism	3.8
9587	conductor	3.8
9588	confront	3.8
9589	constraints	3.8
9590	crow	3.8
9591	dad's	3.8
9592	davidson	3.8
9593	decisive	3.8
9594	decorative	3.8
9595	definitive	3.8
9596	disclosed	3.8
9597	displaced	3.8
9598	disturbed	3.8
9599	diy	3.8
9600	doin	3.8
9601	epidemic	3.8
9602	eternity	3.8
9603	eugene	3.8
9604	evolve	3.8
9605	explode	3.8
9606	extraction	3.8
9607	fatty	3.8
9608	filthy	3.8
9609	fletcher	3.8
9610	flush	3.8
9611	font	3.8
9612	freestyle	3.8
9613	glue	3.8
9614	grandpa	3.8
9615	hairy	3.8
9616	homicide	3.8
9617	horns	3.8
9618	ie	3.8
9619	inheritance	3.8
9620	introduces	3.8
9621	ironic	3.8
9622	lacked	3.8
9623	lin	3.8
9624	luggage	3.8
9625	lyon	3.8
9626	m00	3.8
9627	madame	3.8
9628	maggie	3.8
9629	marion	3.8
9630	mel	3.8
9631	melting	3.8
9632	messaging	3.8
9633	microwave	3.8
9634	midwest	3.8
9635	minimize	3.8
9636	modi	3.8
9637	morocco	3.8
9638	natalie	3.8
9639	ops	3.8
9640	organisms	3.8
9641	originated	3.8
9642	ounce	3.8
9643	pablo	3.8
9644	peel	3.8
9645	pensions	3.8
9646	performer	3.8
9647	picnic	3.8
9648	pins	3.8
9649	practitioners	3.8
9650	predominantly	3.8
9651	primitive	3.8
9652	providence	3.8
9653	psychic	3.8
9654	psychologist	3.8
9655	puppet	3.8
9656	reproductive	3.8
9657	requesting	3.8
9658	responds	3.8
9659	restrict	3.8
9660	retiring	3.8
9661	retrieved	3.8
9662	ribs	3.8
9663	righteous	3.8
9664	rivalry	3.8
9665	rosa	3.8
9666	royalty	3.8
9667	sandra	3.8
9668	sausage	3.8
9669	seize	3.8
9670	sim	3.8
9671	skeleton	3.8
9672	spicy	3.8
9673	sticky	3.8
9674	sting	3.8
9675	sufficiently	3.8
9676	thankfully	3.8
9677	thrones	3.8
9678	tick	3.8
9679	traced	3.8
9680	trent	3.8
9681	trusts	3.8
9682	tutorial	3.8
9683	twentieth	3.8
9684	unpleasant	3.8
9685	unrelated	3.8
9686	ussr	3.8
9687	vacant	3.8
9688	vent	3.8
9689	vicinity	3.8
9690	wan	3.8
9691	wandering	3.8
9692	wardrobe	3.8
9693	warmth	3.8
9694	weaknesses	3.8
9695	wines	3.8
9696	wired	3.8
9697	amendments	3.79
9698	analyses	3.79
9699	asses	3.79
9700	assessments	3.79
9701	assisting	3.79
9702	australia's	3.79
9703	axe	3.79
9704	backgrounds	3.79
9705	baldwin	3.79
9706	belle	3.79
9707	bf	3.79
9708	bites	3.79
9709	bombers	3.79
9710	bonuses	3.79
9711	bred	3.79
9712	brexit	3.79
9713	bubbles	3.79
9714	buddha	3.79
9715	bulletin	3.79
9716	capitalist	3.79
9717	cautious	3.79
9718	clinics	3.79
9719	commitments	3.79
9720	companions	3.79
9721	comparisons	3.79
9722	constable	3.79
9723	cooperate	3.79
9724	coordinated	3.79
9725	copied	3.79
9726	counselor	3.79
9727	cp	3.79
9728	curb	3.79
9729	dances	3.79
9730	darren	3.79
9731	deeds	3.79
9732	destined	3.79
9733	detached	3.79
9734	devils	3.79
9735	discounts	3.79
9736	distribute	3.79
9737	dong	3.79
9738	edgar	3.79
9739	efficiently	3.79
9740	eliminating	3.79
9741	elliott	3.79
9742	encouragement	3.79
9743	enforced	3.79
9744	evan	3.79
9745	explosives	3.79
9746	faction	3.79
9747	fascist	3.79
9748	feathers	3.79
9749	fixtures	3.79
9750	flooded	3.79
9751	fuller	3.79
9752	gamble	3.79
9753	goalkeeper	3.79
9754	grandchildren	3.79
9755	gt	3.79
9756	guardians	3.79
9757	harmless	3.79
9758	hearings	3.79
9759	hesitate	3.79
9760	hid	3.79
9761	hips	3.79
9762	hopeful	3.79
9763	horny	3.79
9764	hungarian	3.79
9765	hygiene	3.79
9766	iceland	3.79
9767	imaginary	3.79
9768	imprisoned	3.79
9769	inconsistent	3.79
9770	int	3.79
9771	iso	3.79
9772	jared	3.79
9773	johnston	3.79
9774	judy	3.79
9775	kindergarten	3.79
9776	latino	3.79
9777	lopez	3.79
9778	loudly	3.79
9779	master's	3.79
9780	mechanic	3.79
9781	megan	3.79
9782	mls	3.79
9783	modify	3.79
9784	neglect	3.79
9785	northwestern	3.79
9786	nz	3.79
9787	offenders	3.79
9788	oppression	3.79
9789	patriotic	3.79
9790	phillip	3.79
9791	pictured	3.79
9792	pitcher	3.79
9793	playground	3.79
9794	populated	3.79
9795	poses	3.79
9796	positioned	3.79
9797	prejudice	3.79
9798	preston	3.79
9799	probable	3.79
9800	probation	3.79
9801	projection	3.79
9802	promotes	3.79
9803	pumped	3.79
9804	rails	3.79
9805	raven	3.79
9806	receptor	3.79
9807	rehab	3.79
9808	remake	3.79
9809	rendering	3.79
9810	reproduction	3.79
9811	res	3.79
9812	reservations	3.79
9813	rey	3.79
9814	rhode	3.79
9815	shrimp	3.79
9816	similarities	3.79
9817	skins	3.79
9818	slopes	3.79
9819	spelled	3.79
9820	spokesman	3.79
9821	springfield	3.79
9822	stained	3.79
9823	stall	3.79
9824	starving	3.79
9825	strap	3.79
9826	subjective	3.79
9827	surround	3.79
9828	surroundings	3.79
9829	sweeping	3.79
9830	swinging	3.79
9831	tearing	3.79
9832	traumatic	3.79
9833	trillion	3.79
9834	tucker	3.79
9835	vatican	3.79
9836	vendor	3.79
9837	watts	3.79
9838	yr	3.79
9839	♪	3.79
9840	abbott	3.78
9841	aboriginal	3.78
9842	academics	3.78
9843	adopting	3.78
9844	alignment	3.78
9845	allergic	3.78
9846	allison	3.78
9847	amended	3.78
9848	apparatus	3.78
9849	assumes	3.78
9850	avengers	3.78
9851	backpack	3.78
9852	balcony	3.78
9853	banker	3.78
9854	bliss	3.78
9855	bodily	3.78
9856	buffer	3.78
9857	calgary	3.78
9858	chapman	3.78
9859	chopped	3.78
9860	collaborative	3.78
9861	commenced	3.78
9862	compensate	3.78
9863	compromised	3.78
9864	constructive	3.78
9865	conventions	3.78
9866	cosmic	3.78
9867	crystals	3.78
9868	daisy	3.78
9869	daughter's	3.78
9870	definite	3.78
9871	demonstrations	3.78
9872	departed	3.78
9873	depths	3.78
9874	developmental	3.78
9875	disco	3.78
9876	distraction	3.78
9877	dom	3.78
9878	dorothy	3.78
9879	doses	3.78
9880	drawer	3.78
9881	driver's	3.78
9882	drones	3.78
9883	durham	3.78
9884	ecological	3.78
9885	ecosystem	3.78
9886	elvis	3.78
9887	euros	3.78
9888	exclude	3.78
9889	exempt	3.78
9890	exposing	3.78
9891	faint	3.78
9892	fertility	3.78
9893	ff	3.78
9894	fines	3.78
9895	finn	3.78
9896	floods	3.78
9897	flynn	3.78
9898	foam	3.78
9899	folded	3.78
9900	foremost	3.78
9901	forge	3.78
9902	greenhouse	3.78
9903	hears	3.78
9904	hierarchy	3.78
9905	ideals	3.78
9906	identities	3.78
9907	installations	3.78
9908	invalid	3.78
9909	jade	3.78
9910	jointly	3.78
9911	jung	3.78
9912	kits	3.78
9913	lancaster	3.78
9914	lightweight	3.78
9915	lowering	3.78
9916	mb	3.78
9917	melted	3.78
9918	metabolism	3.78
9919	neglected	3.78
9920	negotiated	3.78
9921	negotiating	3.78
9922	negotiation	3.78
9923	newborn	3.78
9924	newport	3.78
9925	nodes	3.78
9926	notch	3.78
9927	omega	3.78
9928	onions	3.78
9929	packers	3.78
9930	paired	3.78
9931	parental	3.78
9932	parody	3.78
9933	parole	3.78
9934	participant	3.78
9935	penguin	3.78
9936	phantom	3.78
9937	photoshop	3.78
9938	pitt	3.78
9939	precedent	3.78
9940	prevalent	3.78
9941	prom	3.78
9942	promotions	3.78
9943	python	3.78
9944	qatar	3.78
9945	questionable	3.78
9946	queue	3.78
9947	quo	3.78
9948	regrets	3.78
9949	render	3.78
9950	respondents	3.78
9951	retaining	3.78
9952	romania	3.78
9953	sailor	3.78
9954	seventy	3.78
9955	shouted	3.78
9956	show's	3.78
9957	simmons	3.78
9958	sims	3.78
9959	slides	3.78
9960	sociology	3.78
9961	somerset	3.78
9962	soo	3.78
9963	specify	3.78
9964	splitting	3.78
9965	stab	3.78
9966	supermarket	3.78
9967	sweater	3.78
9968	tenant	3.78
9969	tensions	3.78
9970	thomson	3.78
9971	tortured	3.78
9972	traction	3.78
9973	tractor	3.78
9974	trout	3.78
9975	turnover	3.78
9976	uganda	3.78
9977	university's	3.78
9978	unwanted	3.78
9979	upgrades	3.78
9980	valentine's	3.78
9981	variant	3.78
9982	vegetarian	3.78
9983	vernon	3.78
9984	visibility	3.78
9985	warnings	3.78
9986	wherein	3.78
9987	whiskey	3.78
9988	worms	3.78
9989	wyoming	3.78
9990	aaa	3.77
9991	abundant	3.77
9992	africans	3.77
9993	alexandria	3.77
9994	algebra	3.77
9995	analytics	3.77
9996	antenna	3.77
9997	attribute	3.77
9998	audition	3.77
9999	bankers	3.77
10000	biting	3.77
10001	branding	3.77
10002	bravo	3.77
10003	busted	3.77
10004	cardinals	3.77
10005	carrie	3.77
10006	certificates	3.77
10007	charleston	3.77
10008	chatting	3.77
10009	chop	3.77
10010	circuits	3.77
10011	clifford	3.77
10012	co2	3.77
10013	cody	3.77
10014	coleman	3.77
10015	commanded	3.77
10016	commissioners	3.77
10017	communicating	3.77
10018	comparative	3.77
10019	complement	3.77
10020	connor	3.77
10021	conquer	3.77
10022	conquest	3.77
10023	contested	3.77
10024	continuity	3.77
10025	cornwall	3.77
10026	crawl	3.77
10027	credible	3.77
10028	cursed	3.77
10029	day's	3.77
10030	db	3.77
10031	deepest	3.77
10032	defects	3.77
10033	delightful	3.77
10034	depicted	3.77
10035	determines	3.77
10036	digit	3.77
10037	dinosaur	3.77
10038	doomed	3.77
10039	drainage	3.77
10040	drowning	3.77
10041	embarrassment	3.77
10042	equations	3.77
10043	evolving	3.77
10044	exploded	3.77
10045	fairness	3.77
10046	favored	3.77
10047	felony	3.77
10048	flats	3.77
10049	flint	3.77
10050	floral	3.77
10051	fortress	3.77
10052	fulfilled	3.77
10053	fundamentally	3.77
10054	grabbing	3.77
10055	guts	3.77
10056	hairs	3.77
10057	hammond	3.77
10058	handing	3.77
10059	hearted	3.77
10060	herb	3.77
10061	herd	3.77
10062	husbands	3.77
10063	ideological	3.77
10064	immortal	3.77
10065	incumbent	3.77
10066	insider	3.77
10067	insufficient	3.77
10068	interval	3.77
10069	jelly	3.77
10070	kai	3.77
10071	kanye	3.77
10072	kidnapping	3.77
10073	kilometres	3.77
10074	ky	3.77
10075	lenses	3.77
10076	lick	3.77
10077	literal	3.77
10078	lunar	3.77
10079	maternal	3.77
10080	matthews	3.77
10081	maxwell	3.77
10082	mccain	3.77
10083	mcdonald	3.77
10084	medicines	3.77
10085	memoir	3.77
10086	messi	3.77
10087	miguel	3.77
10088	modification	3.77
10089	mold	3.77
10090	nailed	3.77
10091	napoleon	3.77
10092	neighbouring	3.77
10093	nigel	3.77
10094	objection	3.77
10095	obliged	3.77
10096	observers	3.77
10097	occurrence	3.77
10098	offspring	3.77
10099	ou	3.77
10100	outrageous	3.77
10101	packet	3.77
10102	pads	3.77
10103	patents	3.77
10104	pathway	3.77
10105	peach	3.77
10106	persuaded	3.77
10107	plots	3.77
10108	polo	3.77
10109	presenter	3.77
10110	proclaimed	3.77
10111	prohibition	3.77
10112	prop	3.77
10113	queen's	3.77
10114	recognizing	3.77
10115	recommends	3.77
10116	registry	3.77
10117	relieve	3.77
10118	remarkably	3.77
10119	repaired	3.77
10120	rotating	3.77
10121	sanchez	3.77
10122	sandwiches	3.77
10123	satellites	3.77
10124	scar	3.77
10125	scouts	3.77
10126	scripture	3.77
10127	seating	3.77
10128	seminar	3.77
10129	shores	3.77
10130	silva	3.77
10131	simplicity	3.77
10132	slightest	3.77
10133	softly	3.77
10134	specimens	3.77
10135	starbucks	3.77
10136	stereo	3.77
10137	supplements	3.77
10138	surrey	3.77
10139	sustainability	3.77
10140	symphony	3.77
10141	tesla	3.77
10142	textbook	3.77
10143	theological	3.77
10144	trader	3.77
10145	undercover	3.77
10146	valentine	3.77
10147	vegetation	3.77
10148	vein	3.77
10149	velvet	3.77
10150	vendors	3.77
10151	viewer	3.77
10152	webb	3.77
10153	welcoming	3.77
10154	whales	3.77
10155	wheeler	3.77
10156	worm	3.77
10157	zombies	3.77
10158	accountant	3.76
10159	activate	3.76
10160	admissions	3.76
10161	alison	3.76
10162	amusing	3.76
10163	arabs	3.76
10164	beams	3.76
10165	behold	3.76
10166	betrayed	3.76
10167	biased	3.76
10168	billionaire	3.76
10169	bloggers	3.76
10170	brewing	3.76
10171	brooke	3.76
10172	bypass	3.76
10173	calculation	3.76
10174	cancellation	3.76
10175	cane	3.76
10176	capturing	3.76
10177	catalyst	3.76
10178	cedar	3.76
10179	celebrates	3.76
10180	claude	3.76
10181	concentrations	3.76
10182	concludes	3.76
10183	cons	3.76
10184	corpse	3.76
10185	crab	3.76
10186	cruelty	3.76
10187	darwin	3.76
10188	dawson	3.76
10189	decorations	3.76
10190	dementia	3.76
10191	demonstrating	3.76
10192	designation	3.76
10193	dev	3.76
10194	dice	3.76
10195	diploma	3.76
10196	disasters	3.76
10197	discharged	3.76
10198	dispatch	3.76
10199	disputed	3.76
10200	dots	3.76
10201	ds	3.76
10202	duchess	3.76
10203	dunno	3.76
10204	economists	3.76
10205	eds	3.76
10206	elders	3.76
10207	exceeded	3.76
10208	explanations	3.76
10209	extinction	3.76
10210	factions	3.76
10211	fb	3.76
10212	foil	3.76
10213	formats	3.76
10214	freddie	3.76
10215	gardner	3.76
10216	geology	3.76
10217	gerald	3.76
10218	graduating	3.76
10219	gram	3.76
10220	greene	3.76
10221	heath	3.76
10222	heavenly	3.76
10223	hormones	3.76
10224	horrific	3.76
10225	hugo	3.76
10226	infants	3.76
10227	insect	3.76
10228	iris	3.76
10229	issuing	3.76
10230	lifts	3.76
10231	locking	3.76
10232	logging	3.76
10233	lookin	3.76
10234	maurice	3.76
10235	medications	3.76
10236	mentality	3.76
10237	metre	3.76
10238	minecraft	3.76
10239	miracles	3.76
10240	nascar	3.76
10241	neural	3.76
10242	newsletter	3.76
10243	nineteenth	3.76
10244	nitrogen	3.76
10245	norms	3.76
10246	oceans	3.76
10247	ooh	3.76
10248	patricia	3.76
10249	paulo	3.76
10250	payroll	3.76
10251	phenomenal	3.76
10252	philippine	3.76
10253	photographic	3.76
10254	pinch	3.76
10255	ping	3.76
10256	polished	3.76
10257	pots	3.76
10258	predictable	3.76
10259	privileges	3.76
10260	prix	3.76
10261	professionally	3.76
10262	protesting	3.76
10263	protocols	3.76
10264	pushes	3.76
10265	queer	3.76
10266	rebounds	3.76
10267	reckon	3.76
10268	recycling	3.76
10269	restriction	3.76
10270	resumed	3.76
10271	resurrection	3.76
10272	rover	3.76
10273	scars	3.76
10274	scholarships	3.76
10275	shannon	3.76
10276	shelves	3.76
10277	shipment	3.76
10278	slut	3.76
10279	sparks	3.76
10280	spatial	3.76
10281	stainless	3.76
10282	statutory	3.76
10283	stellar	3.76
10284	stockholm	3.76
10285	stripes	3.76
10286	stubborn	3.76
10287	summoned	3.76
10288	sussex	3.76
10289	swords	3.76
10290	syrup	3.76
10291	tackles	3.76
10292	tamil	3.76
10293	tapping	3.76
10294	teachings	3.76
10295	tightly	3.76
10296	tina	3.76
10297	tones	3.76
10298	tories	3.76
10299	transplant	3.76
10300	traps	3.76
10301	tu	3.76
10302	turf	3.76
10303	twitch	3.76
10304	unlocked	3.76
10305	unusually	3.76
10306	unveiled	3.76
10307	username	3.76
10308	vaccines	3.76
10309	veins	3.76
10310	ventures	3.76
10311	vip	3.76
10312	visions	3.76
10313	voiced	3.76
10314	volcano	3.76
10315	warmer	3.76
10316	webster	3.76
10317	weddings	3.76
10318	yelled	3.76
10319	zach	3.76
10320	accelerated	3.75
10321	accomplishments	3.75
10322	advertised	3.75
10323	advertisements	3.75
10324	ark	3.75
10325	armour	3.75
10326	assaulted	3.75
10327	atoms	3.75
10328	attach	3.75
10329	awaiting	3.75
10330	bayern	3.75
10331	bind	3.75
10332	blessings	3.75
10333	blu	3.75
10334	bluetooth	3.75
10335	boiling	3.75
10336	borrowing	3.75
10337	bowls	3.75
10338	bradford	3.75
10339	bum	3.75
10340	butcher	3.75
10341	c'mon	3.75
10342	café	3.75
10343	chandler	3.75
10344	cheapest	3.75
10345	chloe	3.75
10346	communists	3.75
10347	compares	3.75
10348	conception	3.75
10349	congo	3.75
10350	counterparts	3.75
10351	cue	3.75
10352	deed	3.75
10353	disciplinary	3.75
10354	dreamed	3.75
10355	dwarf	3.75
10356	eighty	3.75
10357	elena	3.75
10358	eligibility	3.75
10359	embraced	3.75
10360	enacted	3.75
10361	endorsement	3.75
10362	enlisted	3.75
10363	eyebrows	3.75
10364	fcc	3.75
10365	finite	3.75
10366	flagship	3.75
10367	forensic	3.75
10368	forthcoming	3.75
10369	gallon	3.75
10370	gems	3.75
10371	glowing	3.75
10372	glucose	3.75
10373	gore	3.75
10374	govt	3.75
10375	gown	3.75
10376	greedy	3.75
10377	halo	3.75
10378	hilton	3.75
10379	ideally	3.75
10380	identifies	3.75
10381	improves	3.75
10382	infamous	3.75
10383	inspirational	3.75
10384	internally	3.75
10385	kashmir	3.75
10386	knox	3.75
10387	lateral	3.75
10388	leigh	3.75
10389	lent	3.75
10390	lib	3.75
10391	lifelong	3.75
10392	limestone	3.75
10393	liner	3.75
10394	majors	3.75
10395	marched	3.75
10396	marrying	3.75
10397	maths	3.75
10398	memes	3.75
10399	mentioning	3.75
10400	merge	3.75
10401	mesh	3.75
10402	migrant	3.75
10403	mohammed	3.75
10404	monitored	3.75
10405	moron	3.75
10406	mortar	3.75
10407	myths	3.75
10408	naive	3.75
10409	nat	3.75
10410	noises	3.75
10411	norton	3.75
10412	noticeable	3.75
10413	nt	3.75
10414	observing	3.75
10415	omar	3.75
10416	opted	3.75
10417	palestinians	3.75
10418	paula	3.75
10419	paypal	3.75
10420	pedro	3.75
10421	pens	3.75
10422	perfume	3.75
10423	pitching	3.75
10424	pleasing	3.75
10425	premiums	3.75
10426	prestige	3.75
10427	protects	3.75
10428	pyramid	3.75
10429	realizes	3.75
10430	relevance	3.75
10431	remotely	3.75
10432	resorts	3.75
10433	retailer	3.75
10434	rica	3.75
10435	rigid	3.75
10436	rita	3.75
10437	rm	3.75
10438	rom	3.75
10439	ronaldo	3.75
10440	sailors	3.75
10441	samantha	3.75
10442	sampling	3.75
10443	screenshot	3.75
10444	selfie	3.75
10445	settlers	3.75
10446	shattered	3.75
10447	signatures	3.75
10448	spacecraft	3.75
10449	specification	3.75
10450	spiders	3.75
10451	splendid	3.75
10452	strokes	3.75
10453	successes	3.75
10454	summers	3.75
10455	sundays	3.75
10456	supplying	3.75
10457	t00	3.75
10458	telescope	3.75
10459	temp	3.75
10460	tended	3.75
10461	terminated	3.75
10462	textile	3.75
10463	that'd	3.75
10464	thickness	3.75
10465	threatens	3.75
10466	tossed	3.75
10467	tray	3.75
10468	uae	3.75
10469	ucla	3.75
10470	unreasonable	3.75
10471	unsure	3.75
10472	upwards	3.75
10473	utilize	3.75
10474	valuation	3.75
10475	veterinary	3.75
10476	villagers	3.75
10477	violate	3.75
10478	vivid	3.75
10479	waving	3.75
10480	accusing	3.74
10481	aided	3.74
10482	alexis	3.74
10483	allocation	3.74
10484	americas	3.74
10485	amusement	3.74
10486	antibiotics	3.74
10487	anticipation	3.74
10488	anyone's	3.74
10489	appropriately	3.74
10490	arrests	3.74
10491	arrogant	3.74
10492	assessing	3.74
10493	authorization	3.74
10494	auxiliary	3.74
10495	b.c	3.74
10496	baggage	3.74
10497	beacon	3.74
10498	bella	3.74
10499	belts	3.74
10500	bounty	3.74
10501	boxer	3.74
10502	briefing	3.74
10503	brook	3.74
10504	budgets	3.74
10505	canterbury	3.74
10506	cartoons	3.74
10507	ceramic	3.74
10508	cereal	3.74
10509	challenger	3.74
10510	chased	3.74
10511	clergy	3.74
10512	coats	3.74
10513	cola	3.74
10514	coma	3.74
10515	comfortably	3.74
10516	commanders	3.74
10517	compass	3.74
10518	considerations	3.74
10519	consultants	3.74
10520	contempt	3.74
10521	contributes	3.74
10522	credentials	3.74
10523	croatia	3.74
10524	cured	3.74
10525	descended	3.74
10526	disappearance	3.74
10527	doyle	3.74
10528	drowned	3.74
10529	drying	3.74
10530	dwelling	3.74
10531	dwight	3.74
10532	ecology	3.74
10533	einstein	3.74
10534	eli	3.74
10535	elliot	3.74
10536	emergence	3.74
10537	enclosed	3.74
10538	endurance	3.74
10539	equals	3.74
10540	erotic	3.74
10541	evacuation	3.74
10542	exceptionally	3.74
10543	exchanged	3.74
10544	expenditure	3.74
10545	falcon	3.74
10546	favors	3.74
10547	fernando	3.74
10548	folder	3.74
10549	frequencies	3.74
10550	frightened	3.74
10551	gavin	3.74
10552	groove	3.74
10553	hbo	3.74
10554	hedge	3.74
10555	homosexuality	3.74
10556	icons	3.74
10557	ingredient	3.74
10558	initiate	3.74
10559	inserted	3.74
10560	interventions	3.74
10561	invaded	3.74
10562	ironically	3.74
10563	istanbul	3.74
10564	jacobs	3.74
10565	jealousy	3.74
10566	jewellery	3.74
10567	joker	3.74
10568	jonas	3.74
10569	kingston	3.74
10570	kisses	3.74
10571	laden	3.74
10572	learns	3.74
10573	limbs	3.74
10574	lionel	3.74
10575	liu	3.74
10576	mccarthy	3.74
10577	medicaid	3.74
10578	meta	3.74
10579	mil	3.74
10580	mit	3.74
10581	newark	3.74
10582	nod	3.74
10583	notebook	3.74
10584	offline	3.74
10585	offs	3.74
10586	overweight	3.74
10587	palette	3.74
10588	payne	3.74
10589	phenomena	3.74
10590	pneumonia	3.74
10591	policeman	3.74
10592	postponed	3.74
10593	potent	3.74
10594	preceding	3.74
10595	predators	3.74
10596	psycho	3.74
10597	rainy	3.74
10598	rams	3.74
10599	ranged	3.74
10600	recognizes	3.74
10601	renovation	3.74
10602	reverend	3.74
10603	rewarding	3.74
10604	rust	3.74
10605	salty	3.74
10606	scots	3.74
10607	scrutiny	3.74
10608	seizure	3.74
10609	serum	3.74
10610	singular	3.74
10611	skate	3.74
10612	sofia	3.74
10613	storyline	3.74
10614	stray	3.74
10615	stud	3.74
10616	subsidies	3.74
10617	sunk	3.74
10618	supper	3.74
10619	sweetheart	3.74
10620	systemic	3.74
10621	tempo	3.74
10622	thereof	3.74
10623	thirsty	3.74
10624	torch	3.74
10625	transferring	3.74
10626	tumblr	3.74
10627	turbo	3.74
10628	unchanged	3.74
10629	understandable	3.74
10630	upright	3.74
10631	uprising	3.74
10632	vain	3.74
10633	vanity	3.74
10634	violin	3.74
10635	wh	3.74
10636	whereby	3.74
10637	whisper	3.74
10638	worthwhile	3.74
10639	xx	3.74
10640	acceleration	3.73
10641	aerospace	3.73
10642	ak	3.73
10643	aluminium	3.73
10644	analog	3.73
10645	analytical	3.73
10646	anticipate	3.73
10647	arcade	3.73
10648	arlington	3.73
10649	arose	3.73
10650	asthma	3.73
10651	aurora	3.73
10652	averaging	3.73
10653	bacterial	3.73
10654	bankrupt	3.73
10655	blink	3.73
10656	brighter	3.73
10657	brother's	3.73
10658	carey	3.73
10659	castro	3.73
10660	ceremonies	3.73
10661	chang	3.73
10662	childish	3.73
10663	chili	3.73
10664	clayton	3.73
10665	clearer	3.73
10666	coil	3.73
10667	combines	3.73
10668	commodities	3.73
10669	confessed	3.73
10670	constituents	3.73
10671	contention	3.73
10672	converting	3.73
10673	covenant	3.73
10674	crafts	3.73
10675	das	3.73
10676	denies	3.73
10677	devotion	3.73
10678	dilemma	3.73
10679	dis	3.73
10680	discoveries	3.73
10681	disgrace	3.73
10682	dixon	3.73
10683	emirates	3.73
10684	emmy	3.73
10685	employing	3.73
10686	employs	3.73
10687	escaping	3.73
10688	ethiopia	3.73
10689	ethnicity	3.73
10690	eventual	3.73
10691	excel	3.73
10692	exercising	3.73
10693	faded	3.73
10694	firstly	3.73
10695	flavour	3.73
10696	flex	3.73
10697	fluids	3.73
10698	franco	3.73
10699	gangs	3.73
10700	gases	3.73
10701	genus	3.73
10702	gloria	3.73
10703	glove	3.73
10704	grabs	3.73
10705	grammy	3.73
10706	grapes	3.73
10707	greed	3.73
10708	greet	3.73
10709	hank	3.73
10710	hose	3.73
10711	hq	3.73
10712	impacted	3.73
10713	imposing	3.73
10714	inflammation	3.73
10715	innovations	3.73
10716	john's	3.73
10717	ko	3.73
10718	lambert	3.73
10719	lamps	3.73
10720	lava	3.73
10721	ln	3.73
10722	longtime	3.73
10723	madonna	3.73
10724	magnet	3.73
10725	mann	3.73
10726	metaphor	3.73
10727	millionaire	3.73
10728	mn	3.73
10729	motives	3.73
10730	myers	3.73
10731	mysteries	3.73
10732	negro	3.73
10733	nightmares	3.73
10734	notify	3.73
10735	null	3.73
10736	ole	3.73
10737	oops	3.73
10738	oriental	3.73
10739	owing	3.73
10740	pact	3.73
10741	paramount	3.73
10742	paranoid	3.73
10743	patriot	3.73
10744	patron	3.73
10745	pearson	3.73
10746	popcorn	3.73
10747	positioning	3.73
10748	preserving	3.73
10749	proxy	3.73
10750	quantitative	3.73
10751	regain	3.73
10752	reminding	3.73
10753	renew	3.73
10754	resemble	3.73
10755	retarded	3.73
10756	retro	3.73
10757	revolt	3.73
10758	rightly	3.73
10759	roasted	3.73
10760	ruining	3.73
10761	rumor	3.73
10762	sacked	3.73
10763	saddle	3.73
10764	schmidt	3.73
10765	schooling	3.73
10766	sherlock	3.73
10767	shirley	3.73
10768	shrine	3.73
10769	shrink	3.73
10770	sniper	3.73
10771	solitary	3.73
10772	sorrow	3.73
10773	squares	3.73
10774	starters	3.73
10775	stoke	3.73
10776	sutton	3.73
10777	talkin	3.73
10778	taller	3.73
10779	termination	3.73
10780	thames	3.73
10781	thigh	3.73
10782	thrive	3.73
10783	tr	3.73
10784	troll	3.73
10785	ty	3.73
10786	uncovered	3.73
10787	undertake	3.73
10788	unpaid	3.73
10789	unsuccessful	3.73
10790	usc	3.73
10791	vest	3.73
10792	vine	3.73
10793	violating	3.73
10794	viruses	3.73
10795	warns	3.73
10796	warranty	3.73
10797	weakened	3.73
10798	windsor	3.73
10799	xxx	3.73
10800	yen	3.73
10801	zimbabwe	3.73
10802	admired	3.72
10803	airways	3.72
10804	aisle	3.72
10805	almighty	3.72
10806	amino	3.72
10807	ants	3.72
10808	apparel	3.72
10809	arbitration	3.72
10810	arising	3.72
10811	artifacts	3.72
10812	ashton	3.72
10813	atom	3.72
10814	auburn	3.72
10815	awakening	3.72
10816	bedrooms	3.72
10817	bilateral	3.72
10818	bleed	3.72
10819	boy's	3.72
10820	brace	3.72
10821	burgers	3.72
10822	caption	3.72
10823	captures	3.72
10824	choke	3.72
10825	cholesterol	3.72
10826	classy	3.72
10827	clicks	3.72
10828	clyde	3.72
10829	compelled	3.72
10830	concealed	3.72
10831	condemn	3.72
10832	confrontation	3.72
10833	constitutes	3.72
10834	contributor	3.72
10835	cpu	3.72
10836	damon	3.72
10837	deluxe	3.72
10838	devastated	3.72
10839	dinosaurs	3.72
10840	disguise	3.72
10841	dismissal	3.72
10842	domains	3.72
10843	downstairs	3.72
10844	empathy	3.72
10845	ensemble	3.72
10846	ernest	3.72
10847	feasible	3.72
10848	flawed	3.72
10849	forged	3.72
10850	generals	3.72
10851	genres	3.72
10852	gettin	3.72
10853	gi	3.72
10854	goats	3.72
10855	grease	3.72
10856	greeks	3.72
10857	guessed	3.72
10858	haiti	3.72
10859	hallway	3.72
10860	harley	3.72
10861	heavens	3.72
10862	helicopters	3.72
10863	homosexual	3.72
10864	hulk	3.72
10865	hydraulic	3.72
10866	impulse	3.72
10867	incapable	3.72
10868	indies	3.72
10869	inflammatory	3.72
10870	insanity	3.72
10871	insecure	3.72
10872	institutes	3.72
10873	integrate	3.72
10874	intentional	3.72
10875	ish	3.72
10876	jeep	3.72
10877	knot	3.72
10878	laboratories	3.72
10879	landscapes	3.72
10880	lebanese	3.72
10881	lecturer	3.72
10882	lust	3.72
10883	marilyn	3.72
10884	markers	3.72
10885	mayo	3.72
10886	michel	3.72
10887	microphone	3.72
10888	miniature	3.72
10889	monks	3.72
10890	motto	3.72
10891	mouths	3.72
10892	murdering	3.72
10893	nationality	3.72
10894	natives	3.72
10895	nottingham	3.72
10896	nw	3.72
10897	obstacle	3.72
10898	occupational	3.72
10899	og	3.72
10900	onset	3.72
10901	owes	3.72
10902	pe	3.72
10903	perceive	3.72
10904	persecution	3.72
10905	petrol	3.72
10906	philosopher	3.72
10907	photographed	3.72
10908	pits	3.72
10909	pixel	3.72
10910	plantation	3.72
10911	presently	3.72
10912	props	3.72
10913	prose	3.72
10914	prostitution	3.72
10915	quoting	3.72
10916	radioactive	3.72
10917	raining	3.72
10918	rang	3.72
10919	razor	3.72
10920	realization	3.72
10921	reconciliation	3.72
10922	removes	3.72
10923	restoring	3.72
10924	reunited	3.72
10925	rocking	3.72
10926	rory	3.72
10927	royals	3.72
10928	rug	3.72
10929	sacrifices	3.72
10930	salvador	3.72
10931	scanning	3.72
10932	screamed	3.72
10933	shaping	3.72
10934	slogan	3.72
10935	specimen	3.72
10936	sponsorship	3.72
10937	steals	3.72
10938	steer	3.72
10939	stefan	3.72
10940	strains	3.72
10941	strawberry	3.72
10942	strive	3.72
10943	sunglasses	3.72
10944	surfing	3.72
10945	tate	3.72
10946	temptation	3.72
10947	thrill	3.72
10948	tile	3.72
10949	tonnes	3.72
10950	tow	3.72
10951	trainers	3.72
10952	translations	3.72
10953	trusting	3.72
10954	turtles	3.72
10955	uc	3.72
10956	unarmed	3.72
10957	undertaking	3.72
10958	unfinished	3.72
10959	unhealthy	3.72
10960	unlawful	3.72
10961	unpopular	3.72
10962	ut	3.72
10963	vanessa	3.72
10964	vanished	3.72
10965	verb	3.72
10966	versa	3.72
10967	viii	3.72
10968	volatile	3.72
10969	voluntarily	3.72
10970	vp	3.72
10971	whitney	3.72
10972	withdrew	3.72
10973	abnormal	3.71
10974	accredited	3.71
10975	accuse	3.71
10976	ada	3.71
10977	adjusting	3.71
10978	ample	3.71
10979	analogy	3.71
10980	analyzing	3.71
10981	apex	3.71
10982	apocalypse	3.71
10983	appliances	3.71
10984	assholes	3.71
10985	baby's	3.71
10986	backward	3.71
10987	badass	3.71
10988	barred	3.71
10989	beck	3.71
10990	bingo	3.71
10991	blogging	3.71
10992	boiler	3.71
10993	bon	3.71
10994	boulder	3.71
10995	brock	3.71
10996	calf	3.71
10997	cambodia	3.71
10998	capt	3.71
10999	cb	3.71
11000	clarence	3.71
11001	coating	3.71
11002	commentators	3.71
11003	consolidation	3.71
11004	continuation	3.71
11005	convictions	3.71
11006	convoy	3.71
11007	cork	3.71
11008	cosmetic	3.71
11009	cubic	3.71
11010	cyprus	3.71
11011	declares	3.71
11012	defeats	3.71
11013	defenses	3.71
11014	dept	3.71
11015	deputies	3.71
11016	descendants	3.71
11017	detector	3.71
11018	digest	3.71
11019	diplomacy	3.71
11020	directive	3.71
11021	disadvantage	3.71
11022	disruption	3.71
11023	distract	3.71
11024	doctor's	3.71
11025	downward	3.71
11026	ebook	3.71
11027	eco	3.71
11028	emphasized	3.71
11029	energetic	3.71
11030	engineered	3.71
11031	fest	3.71
11032	fills	3.71
11033	friction	3.71
11034	fulfilling	3.71
11035	funk	3.71
11036	greatness	3.71
11037	grilled	3.71
11038	guiding	3.71
11039	hackers	3.71
11040	hazardous	3.71
11041	hooker	3.71
11042	hopeless	3.71
11043	hourly	3.71
11044	illustrate	3.71
11045	imo	3.71
11046	impressions	3.71
11047	indirectly	3.71
11048	induction	3.71
11049	infrared	3.71
11050	insists	3.71
11051	instability	3.71
11052	installing	3.71
11053	invites	3.71
11054	irene	3.71
11055	irving	3.71
11056	ja	3.71
11057	jacques	3.71
11058	jong	3.71
11059	klein	3.71
11060	limitation	3.71
11061	linguistic	3.71
11062	listeners	3.71
11063	litter	3.71
11064	ls	3.71
11065	lump	3.71
11066	macro	3.71
11067	mag	3.71
11068	magistrate	3.71
11069	marginal	3.71
11070	masculine	3.71
11071	milestone	3.71
11072	mug	3.71
11073	municipality	3.71
11074	mushrooms	3.71
11075	nd	3.71
11076	ned	3.71
11077	neurons	3.71
11078	ninety	3.71
11079	nutrients	3.71
11080	observatory	3.71
11081	oi	3.71
11082	openings	3.71
11083	outdoors	3.71
11084	pcs	3.71
11085	pedestrian	3.71
11086	penetration	3.71
11087	pod	3.71
11088	posing	3.71
11089	predator	3.71
11090	preferably	3.71
11091	programmed	3.71
11092	projections	3.71
11093	prophecy	3.71
11094	proudly	3.71
11095	rebuilding	3.71
11096	recorder	3.71
11097	recurring	3.71
11098	relaxation	3.71
11099	resembles	3.71
11100	respectable	3.71
11101	respectful	3.71
11102	richer	3.71
11103	rn	3.71
11104	rodriguez	3.71
11105	roma	3.71
11106	romeo	3.71
11107	routinely	3.71
11108	rubbing	3.71
11109	sailed	3.71
11110	salute	3.71
11111	scripts	3.71
11112	scum	3.71
11113	serbia	3.71
11114	severity	3.71
11115	shady	3.71
11116	shutting	3.71
11117	sketches	3.71
11118	slack	3.71
11119	sleeps	3.71
11120	slick	3.71
11121	slowed	3.71
11122	slowing	3.71
11123	sm	3.71
11124	spontaneous	3.71
11125	starred	3.71
11126	stationed	3.71
11127	sticker	3.71
11128	stove	3.71
11129	submissions	3.71
11130	tactic	3.71
11131	tb	3.71
11132	template	3.71
11133	teresa	3.71
11134	texting	3.71
11135	theorem	3.71
11136	theresa	3.71
11137	tiles	3.71
11138	tn	3.71
11139	tore	3.71
11140	tract	3.71
11141	treaties	3.71
11142	tri	3.71
11143	tribune	3.71
11144	u.k	3.71
11145	undergoing	3.71
11146	unexpectedly	3.71
11147	upward	3.71
11148	val	3.71
11149	vera	3.71
11150	vista	3.71
11151	vogue	3.71
11152	volcanic	3.71
11153	wagner	3.71
11154	wildly	3.71
11155	winding	3.71
11156	acclaimed	3.7
11157	accumulated	3.7
11158	adore	3.7
11159	afc	3.7
11160	akin	3.7
11161	alphabet	3.7
11162	announcements	3.7
11163	appoint	3.7
11164	apprentice	3.7
11165	auckland	3.7
11166	bananas	3.7
11167	baseline	3.7
11168	beasts	3.7
11169	benedict	3.7
11170	beware	3.7
11171	bieber	3.7
11172	bikini	3.7
11173	bisexual	3.7
11174	boulevard	3.7
11175	bracelet	3.7
11176	capsule	3.7
11177	captive	3.7
11178	carr	3.7
11179	cha	3.7
11180	christie	3.7
11181	chronicle	3.7
11182	cinnamon	3.7
11183	comprehend	3.7
11184	compulsory	3.7
11185	confederate	3.7
11186	contaminated	3.7
11187	contamination	3.7
11188	contests	3.7
11189	coping	3.7
11190	corey	3.7
11191	counterpart	3.7
11192	creed	3.7
11193	crisp	3.7
11194	crust	3.7
11195	cutter	3.7
11196	daring	3.7
11197	delegate	3.7
11198	deploy	3.7
11199	dietary	3.7
11200	dissertation	3.7
11201	dividends	3.7
11202	domination	3.7
11203	downloading	3.7
11204	ec	3.7
11205	emission	3.7
11206	ethan	3.7
11207	evaluating	3.7
11208	everton	3.7
11209	expelled	3.7
11210	fin	3.7
11211	fined	3.7
11212	flora	3.7
11213	folding	3.7
11214	fracture	3.7
11215	frances	3.7
11216	functionality	3.7
11217	gamma	3.7
11218	gays	3.7
11219	gaze	3.7
11220	genome	3.7
11221	grains	3.7
11222	grape	3.7
11223	gravel	3.7
11224	haircut	3.7
11225	haired	3.7
11226	hangs	3.7
11227	hastings	3.7
11228	highland	3.7
11229	histories	3.7
11230	honoured	3.7
11231	hugs	3.7
11232	hustle	3.7
11233	hyde	3.7
11234	ia	3.7
11235	idle	3.7
11236	indictment	3.7
11237	insulting	3.7
11238	irregular	3.7
11239	juicy	3.7
11240	jumper	3.7
11241	justices	3.7
11242	kardashian	3.7
11243	leaking	3.7
11244	limb	3.7
11245	mack	3.7
11246	mammals	3.7
11247	manually	3.7
11248	meaningless	3.7
11249	millennium	3.7
11250	misunderstanding	3.7
11251	modelling	3.7
11252	modules	3.7
11253	moody	3.7
11254	nam	3.7
11255	needles	3.7
11256	noodles	3.7
11257	offender	3.7
11258	oracle	3.7
11259	overlap	3.7
11260	patrons	3.7
11261	pd	3.7
11262	peek	3.7
11263	pentagon	3.7
11264	peters	3.7
11265	petersburg	3.7
11266	pokémon	3.7
11267	porsche	3.7
11268	pos	3.7
11269	pottery	3.7
11270	prairie	3.7
11271	prank	3.7
11272	premature	3.7
11273	psychiatrist	3.7
11274	quad	3.7
11275	quartz	3.7
11276	quitting	3.7
11277	rb	3.7
11278	residency	3.7
11279	resolutions	3.7
11280	responsive	3.7
11281	richest	3.7
11282	roar	3.7
11283	ronnie	3.7
11284	rooney	3.7
11285	rot	3.7
11286	rulers	3.7
11287	salem	3.7
11288	sank	3.7
11289	santos	3.7
11290	sb	3.7
11291	seahawks	3.7
11292	sidney	3.7
11293	sleeves	3.7
11294	songwriter	3.7
11295	sophia	3.7
11296	spear	3.7
11297	spies	3.7
11298	stain	3.7
11299	stella	3.7
11300	stimulation	3.7
11301	stranded	3.7
11302	stretches	3.7
11303	stylish	3.7
11304	subs	3.7
11305	sur	3.7
11306	tasted	3.7
11307	technician	3.7
11308	temples	3.7
11309	tidal	3.7
11310	transcript	3.7
11311	treasures	3.7
11312	trench	3.7
11313	trousers	3.7
11314	unwilling	3.7
11315	uruguay	3.7
11316	utc	3.7
11317	validity	3.7
11318	variants	3.7
11319	varsity	3.7
11320	verification	3.7
11321	vows	3.7
11322	vulnerability	3.7
11323	wesley	3.7
11324	whichever	3.7
11325	whipped	3.7
11326	who've	3.7
11327	wo	3.7
11328	wrath	3.7
11329	yuan	3.7
11330	zen	3.7
11331	4k	3.69
11332	abuses	3.69
11333	accomplishment	3.69
11334	acquisitions	3.69
11335	aide	3.69
11336	allegiance	3.69
11337	apt	3.69
11338	attracting	3.69
11339	avatar	3.69
11340	bali	3.69
11341	bangalore	3.69
11342	bans	3.69
11343	battling	3.69
11344	beads	3.69
11345	beverage	3.69
11346	blaze	3.69
11347	brendan	3.69
11348	brent	3.69
11349	broadband	3.69
11350	bullied	3.69
11351	bumper	3.69
11352	butterflies	3.69
11353	carlo	3.69
11354	caves	3.69
11355	chalk	3.69
11356	chilling	3.69
11357	coaster	3.69
11358	coated	3.69
11359	constituency	3.69
11360	contingent	3.69
11361	cornell	3.69
11362	corrections	3.69
11363	costing	3.69
11364	councillor	3.69
11365	cyclists	3.69
11366	daniels	3.69
11367	deprived	3.69
11368	diplomat	3.69
11369	disciplines	3.69
11370	dos	3.69
11371	drained	3.69
11372	eldest	3.69
11373	emphasize	3.69
11374	entirety	3.69
11375	everytime	3.69
11376	exodus	3.69
11377	explosions	3.69
11378	fallout	3.69
11379	feather	3.69
11380	figuring	3.69
11381	financed	3.69
11382	firearm	3.69
11383	fisheries	3.69
11384	flock	3.69
11385	flyers	3.69
11386	footballer	3.69
11387	footsteps	3.69
11388	forestry	3.69
11389	ghetto	3.69
11390	grim	3.69
11391	helpless	3.69
11392	hemisphere	3.69
11393	hides	3.69
11394	housed	3.69
11395	hs	3.69
11396	hyper	3.69
11397	inconvenience	3.69
11398	incorporating	3.69
11399	injected	3.69
11400	insured	3.69
11401	intends	3.69
11402	intervals	3.69
11403	intriguing	3.69
11404	invasive	3.69
11405	ipod	3.69
11406	iq	3.69
11407	irrigation	3.69
11408	ix	3.69
11409	killings	3.69
11410	lastly	3.69
11411	liberties	3.69
11412	lipstick	3.69
11413	macdonald	3.69
11414	manipulate	3.69
11415	mart	3.69
11416	martinez	3.69
11417	meyer	3.69
11418	midlands	3.69
11419	midway	3.69
11420	minors	3.69
11421	moist	3.69
11422	monarch	3.69
11423	monte	3.69
11424	monuments	3.69
11425	mortgages	3.69
11426	mourning	3.69
11427	mu	3.69
11428	mustard	3.69
11429	negatively	3.69
11430	neighbour	3.69
11431	nissan	3.69
11432	norwich	3.69
11433	nothin	3.69
11434	objections	3.69
11435	patterson	3.69
11436	persona	3.69
11437	plaque	3.69
11438	pls	3.69
11439	plymouth	3.69
11440	poetic	3.69
11441	preach	3.69
11442	preaching	3.69
11443	princes	3.69
11444	proposing	3.69
11445	punjab	3.69
11446	purity	3.69
11447	rabbi	3.69
11448	ramsey	3.69
11449	realism	3.69
11450	receipts	3.69
11451	retrieve	3.69
11452	rhodes	3.69
11453	ri	3.69
11454	scheduling	3.69
11455	scoop	3.69
11456	scotch	3.69
11457	scrub	3.69
11458	separating	3.69
11459	sewing	3.69
11460	shale	3.69
11461	shin	3.69
11462	shootings	3.69
11463	simplified	3.69
11464	slipping	3.69
11465	smartphones	3.69
11466	sol	3.69
11467	solicitor	3.69
11468	sophomore	3.69
11469	spreads	3.69
11470	squadron	3.69
11471	squirrel	3.69
11472	stalin	3.69
11473	stickers	3.69
11474	stigma	3.69
11475	strengthened	3.69
11476	taco	3.69
11477	takeover	3.69
11478	taliban	3.69
11479	tapped	3.69
11480	thor	3.69
11481	thumbs	3.69
11482	tinder	3.69
11483	titan	3.69
11484	trait	3.69
11485	traitor	3.69
11486	troop	3.69
11487	truths	3.69
11488	underestimate	3.69
11489	uni	3.69
11490	updating	3.69
11491	urges	3.69
11492	wallpaper	3.69
11493	wasnt	3.69
11494	watt	3.69
11495	weighs	3.69
11496	willis	3.69
11497	willow	3.69
11498	x00	3.69
11499	addict	3.68
11500	ale	3.68
11501	api	3.68
11502	archaeological	3.68
11503	assistants	3.68
11504	az	3.68
11505	banging	3.68
11506	bathing	3.68
11507	bending	3.68
11508	bengal	3.68
11509	betrayal	3.68
11510	boiled	3.68
11511	bonding	3.68
11512	bounds	3.68
11513	breeds	3.68
11514	britain's	3.68
11515	byron	3.68
11516	cardiovascular	3.68
11517	chic	3.68
11518	clone	3.68
11519	clusters	3.68
11520	communal	3.68
11521	compliments	3.68
11522	consortium	3.68
11523	controllers	3.68
11524	copying	3.68
11525	countdown	3.68
11526	courier	3.68
11527	danced	3.68
11528	dd	3.68
11529	debating	3.68
11530	decreasing	3.68
11531	defect	3.68
11532	disastrous	3.68
11533	displaying	3.68
11534	drown	3.68
11535	drummer	3.68
11536	durable	3.68
11537	efficacy	3.68
11538	erik	3.68
11539	erin	3.68
11540	exaggerated	3.68
11541	exclusion	3.68
11542	exhibitions	3.68
11543	exploited	3.68
11544	extracted	3.68
11545	faults	3.68
11546	filipino	3.68
11547	flashing	3.68
11548	freelance	3.68
11549	gerard	3.68
11550	gin	3.68
11551	girlfriends	3.68
11552	granting	3.68
11553	greeting	3.68
11554	hawaiian	3.68
11555	headaches	3.68
11556	honeymoon	3.68
11557	ignition	3.68
11558	impaired	3.68
11559	incomes	3.68
11560	investigative	3.68
11561	ir	3.68
11562	jewel	3.68
11563	jupiter	3.68
11564	leonardo	3.68
11565	manifest	3.68
11566	mans	3.68
11567	marx	3.68
11568	mets	3.68
11569	mourinho	3.68
11570	mutually	3.68
11571	navigate	3.68
11572	o'neill	3.68
11573	obese	3.68
11574	outreach	3.68
11575	overlooking	3.68
11576	pandemic	3.68
11577	passages	3.68
11578	perceptions	3.68
11579	perimeter	3.68
11580	pike	3.68
11581	piper	3.68
11582	preacher	3.68
11583	preceded	3.68
11584	procurement	3.68
11585	protector	3.68
11586	pulp	3.68
11587	rabbits	3.68
11588	ransom	3.68
11589	recruits	3.68
11590	reel	3.68
11591	refs	3.68
11592	reg	3.68
11593	rehearsal	3.68
11594	reinforce	3.68
11595	restart	3.68
11596	revive	3.68
11597	rigorous	3.68
11598	ringing	3.68
11599	rna	3.68
11600	scarf	3.68
11601	scenery	3.68
11602	selections	3.68
11603	sensory	3.68
11604	shelters	3.68
11605	sidewalk	3.68
11606	skeptical	3.68
11607	skype	3.68
11608	sleepy	3.68
11609	smoothly	3.68
11610	speeding	3.68
11611	staple	3.68
11612	steelers	3.68
11613	stereotypes	3.68
11614	stirring	3.68
11615	strand	3.68
11616	stunned	3.68
11617	suppression	3.68
11618	sushi	3.68
11619	suspend	3.68
11620	sw	3.68
11621	swelling	3.68
11622	tails	3.68
11623	terminology	3.68
11624	theatrical	3.68
11625	timer	3.68
11626	travellers	3.68
11627	trustee	3.68
11628	turnout	3.68
11629	tying	3.68
11630	unanimous	3.68
11631	unpredictable	3.68
11632	urging	3.68
11633	validation	3.68
11634	vengeance	3.68
11635	verizon	3.68
11636	visually	3.68
11637	waits	3.68
11638	wakes	3.68
11639	weighted	3.68
11640	wii	3.68
11641	xl	3.68
11642	zhang	3.68
11643	acc	3.67
11644	activism	3.67
11645	advent	3.67
11646	airborne	3.67
11647	alas	3.67
11648	astonishing	3.67
11649	aww	3.67
11650	bakery	3.67
11651	barracks	3.67
11652	bart	3.67
11653	bathrooms	3.67
11654	baths	3.67
11655	believer	3.67
11656	benefited	3.67
11657	blankets	3.67
11658	borne	3.67
11659	brokers	3.67
11660	bunker	3.67
11661	caffeine	3.67
11662	capped	3.67
11663	carlton	3.67
11664	chaotic	3.67
11665	chargers	3.67
11666	cite	3.67
11667	classrooms	3.67
11668	commentator	3.67
11669	commercially	3.67
11670	confirming	3.67
11671	confuse	3.67
11672	contributors	3.67
11673	copenhagen	3.67
11674	cosmetics	3.67
11675	coward	3.67
11676	dammit	3.67
11677	dell	3.67
11678	dent	3.67
11679	depart	3.67
11680	destroys	3.67
11681	detectives	3.67
11682	diminished	3.67
11683	disappears	3.67
11684	disappoint	3.67
11685	dl	3.67
11686	dolphin	3.67
11687	dove	3.67
11688	dumping	3.67
11689	dunn	3.67
11690	dusty	3.67
11691	embracing	3.67
11692	enduring	3.67
11693	enlightenment	3.67
11694	fibre	3.67
11695	finnish	3.67
11696	fixture	3.67
11697	focal	3.67
11698	friendships	3.67
11699	frightening	3.67
11700	fucker	3.67
11701	gala	3.67
11702	gardening	3.67
11703	garrett	3.67
11704	garrison	3.67
11705	gears	3.67
11706	generates	3.67
11707	gladly	3.67
11708	goodwill	3.67
11709	govern	3.67
11710	gradual	3.67
11711	greetings	3.67
11712	groceries	3.67
11713	hacker	3.67
11714	hal	3.67
11715	harness	3.67
11716	hashtag	3.67
11717	hassan	3.67
11718	heartbeat	3.67
11719	heh	3.67
11720	highlighting	3.67
11721	holt	3.67
11722	honourable	3.67
11723	illnesses	3.67
11724	imminent	3.67
11725	inaugural	3.67
11726	insulation	3.67
11727	intern	3.67
11728	irresponsible	3.67
11729	jakarta	3.67
11730	johannesburg	3.67
11731	judith	3.67
11732	kathy	3.67
11733	lag	3.67
11734	lays	3.67
11735	lenders	3.67
11736	lg	3.67
11737	locality	3.67
11738	lure	3.67
11739	malicious	3.67
11740	mattress	3.67
11741	meredith	3.67
11742	merged	3.67
11743	merits	3.67
11744	mist	3.67
11745	mole	3.67
11746	molecule	3.67
11747	monarchy	3.67
11748	mormon	3.67
11749	muscular	3.67
11750	neutrality	3.67
11751	nikki	3.67
11752	noisy	3.67
11753	notre	3.67
11754	orgasm	3.67
11755	otto	3.67
11756	panties	3.67
11757	parcel	3.67
11758	partition	3.67
11759	peculiar	3.67
11760	penguins	3.67
11761	prayed	3.67
11762	prefers	3.67
11763	proposes	3.67
11764	proprietary	3.67
11765	prostate	3.67
11766	protagonist	3.67
11767	punching	3.67
11768	puppies	3.67
11769	rafael	3.67
11770	randall	3.67
11771	rant	3.67
11772	rash	3.67
11773	realities	3.67
11774	recalls	3.67
11775	receivers	3.67
11776	referenced	3.67
11777	reflections	3.67
11778	rejects	3.67
11779	replica	3.67
11780	representations	3.67
11781	reside	3.67
11782	richie	3.67
11783	ripe	3.67
11784	rituals	3.67
11785	riverside	3.67
11786	roberto	3.67
11787	rodney	3.67
11788	rp	3.67
11789	sac	3.67
11790	sacrificed	3.67
11791	sane	3.67
11792	savior	3.67
11793	scenic	3.67
11794	sip	3.67
11795	slapped	3.67
11796	snail	3.67
11797	somalia	3.67
11798	spotify	3.67
11799	spun	3.67
11800	statistically	3.67
11801	stimulate	3.67
11802	strangely	3.67
11803	surveyed	3.67
11804	susceptible	3.67
11805	theodore	3.67
11806	thighs	3.67
11807	tipped	3.67
11808	toby	3.67
11809	toilets	3.67
11810	torres	3.67
11811	translates	3.67
11812	translator	3.67
11813	transmit	3.67
11814	trophies	3.67
11815	ts	3.67
11816	tuning	3.67
11817	tutor	3.67
11818	unsafe	3.67
11819	verge	3.67
11820	vibrant	3.67
11821	wander	3.67
11822	wong	3.67
11823	xp	3.67
11824	yeast	3.67
11825	█	3.67
11826	🙂	3.67
11827	abdul	3.66
11828	absorption	3.66
11829	accelerate	3.66
11830	acne	3.66
11831	advertise	3.66
11832	alzheimer's	3.66
11833	apologise	3.66
11834	aspirations	3.66
11835	assassin	3.66
11836	assign	3.66
11837	aston	3.66
11838	audi	3.66
11839	backlash	3.66
11840	balloons	3.66
11841	bbq	3.66
11842	believers	3.66
11843	blockchain	3.66
11844	bonnie	3.66
11845	brewery	3.66
11846	bulb	3.66
11847	cardboard	3.66
11848	casually	3.66
11849	chartered	3.66
11850	chew	3.66
11851	circumstance	3.66
11852	cliffs	3.66
11853	collateral	3.66
11854	congestion	3.66
11855	conquered	3.66
11856	courtney	3.66
11857	creditors	3.66
11858	criticised	3.66
11859	criticisms	3.66
11860	crossover	3.66
11861	crunch	3.66
11862	curtains	3.66
11863	daytime	3.66
11864	debbie	3.66
11865	deliveries	3.66
11866	demise	3.66
11867	dependence	3.66
11868	deutsche	3.66
11869	dictator	3.66
11870	diets	3.66
11871	differs	3.66
11872	digits	3.66
11873	dime	3.66
11874	dire	3.66
11875	disagreement	3.66
11876	disciples	3.66
11877	disregard	3.66
11878	distributor	3.66
11879	dominion	3.66
11880	downhill	3.66
11881	drafting	3.66
11882	dreadful	3.66
11883	drunken	3.66
11884	earnest	3.66
11885	eng	3.66
11886	erase	3.66
11887	evacuated	3.66
11888	exp	3.66
11889	extinct	3.66
11890	forbid	3.66
11891	forgiven	3.66
11892	freezer	3.66
11893	genetically	3.66
11894	greeted	3.66
11895	hare	3.66
11896	healed	3.66
11897	herein	3.66
11898	hoffman	3.66
11899	honorary	3.66
11900	immature	3.66
11901	imperative	3.66
11902	ineffective	3.66
11903	interacting	3.66
11904	jerome	3.66
11905	jess	3.66
11906	julius	3.66
11907	knit	3.66
11908	kumar	3.66
11909	kuwait	3.66
11910	laps	3.66
11911	lester	3.66
11912	manly	3.66
11913	marvin	3.66
11914	maternity	3.66
11915	meanings	3.66
11916	misconduct	3.66
11917	morale	3.66
11918	mornings	3.66
11919	mute	3.66
11920	needless	3.66
11921	nerd	3.66
11922	nokia	3.66
11923	nominees	3.66
11924	notifications	3.66
11925	novelty	3.66
11926	optimism	3.66
11927	optimization	3.66
11928	outdated	3.66
11929	oxide	3.66
11930	paints	3.66
11931	peasants	3.66
11932	pence	3.66
11933	peppers	3.66
11934	percy	3.66
11935	perez	3.66
11936	peripheral	3.66
11937	pinned	3.66
11938	pint	3.66
11939	pleaded	3.66
11940	poop	3.66
11941	pornography	3.66
11942	ppl	3.66
11943	prepares	3.66
11944	prevalence	3.66
11945	proceeding	3.66
11946	pronounce	3.66
11947	proportions	3.66
11948	provisional	3.66
11949	punches	3.66
11950	ravens	3.66
11951	reddit	3.66
11952	remark	3.66
11953	repay	3.66
11954	roland	3.66
11955	ropes	3.66
11956	rouge	3.66
11957	rumours	3.66
11958	russia's	3.66
11959	santiago	3.66
11960	saturated	3.66
11961	scares	3.66
11962	screened	3.66
11963	shaved	3.66
11964	shooters	3.66
11965	shove	3.66
11966	skipped	3.66
11967	smashing	3.66
11968	sms	3.66
11969	snaps	3.66
11970	soaked	3.66
11971	softball	3.66
11972	southeastern	3.66
11973	spears	3.66
11974	specials	3.66
11975	spectators	3.66
11976	spur	3.66
11977	stevie	3.66
11978	storytelling	3.66
11979	stumbled	3.66
11980	stupidity	3.66
11981	suppress	3.66
11982	sweating	3.66
11983	swings	3.66
11984	tangible	3.66
11985	tara	3.66
11986	textbooks	3.66
11987	theo	3.66
11988	tilt	3.66
11989	tonight's	3.66
11990	tougher	3.66
11991	trivial	3.66
11992	turks	3.66
11993	unofficial	3.66
11994	veil	3.66
11995	versatile	3.66
11996	warsaw	3.66
11997	wed	3.66
11998	wr	3.66
11999	yi	3.66
12000	zoe	3.66
12001	à	3.66
12002	acknowledging	3.65
12003	alec	3.65
12004	anthropology	3.65
12005	apple's	3.65
12006	artery	3.65
12007	bamboo	3.65
12008	basil	3.65
12009	blackberry	3.65
12010	bolton	3.65
12011	bombay	3.65
12012	booze	3.65
12013	brennan	3.65
12014	bronx	3.65
12015	buzzing	3.65
12016	caliber	3.65
12017	cbd	3.65
12018	cellphone	3.65
12019	chord	3.65
12020	clare	3.65
12021	concessions	3.65
12022	contracting	3.65
12023	cooks	3.65
12024	corporal	3.65
12025	courtyard	3.65
12026	crafted	3.65
12027	crest	3.65
12028	crowned	3.65
12029	cynthia	3.65
12030	dang	3.65
12031	deception	3.65
12032	decor	3.65
12033	defeating	3.65
12034	derivative	3.65
12035	discomfort	3.65
12036	dominican	3.65
12037	drastically	3.65
12038	driveway	3.65
12039	duel	3.65
12040	edwin	3.65
12041	elf	3.65
12042	ev	3.65
12043	evenly	3.65
12044	exemption	3.65
12045	fashionable	3.65
12046	fetch	3.65
12047	fishermen	3.65
12048	flipped	3.65
12049	fo	3.65
12050	formidable	3.65
12051	frankie	3.65
12052	furnished	3.65
12053	fuzzy	3.65
12054	gibbs	3.65
12055	gmt	3.65
12056	gothic	3.65
12057	graffiti	3.65
12058	grenade	3.65
12059	guitars	3.65
12060	hague	3.65
12061	hamlet	3.65
12062	hampton	3.65
12063	hc	3.65
12064	helm	3.65
12065	herbs	3.65
12066	herman	3.65
12067	higgins	3.65
12068	highlands	3.65
12069	honours	3.65
12070	hooks	3.65
12071	hrs	3.65
12072	html	3.65
12073	hugely	3.65
12074	hypocrisy	3.65
12075	imagining	3.65
12076	inaccurate	3.65
12077	inception	3.65
12078	incompetent	3.65
12079	indefinitely	3.65
12080	intervene	3.65
12081	japan's	3.65
12082	jerseys	3.65
12083	jessie	3.65
12084	jp	3.65
12085	jules	3.65
12086	katy	3.65
12087	kin	3.65
12088	kirby	3.65
12089	kobe	3.65
12090	kris	3.65
12091	laurie	3.65
12092	legislators	3.65
12093	lobster	3.65
12094	logged	3.65
12095	loneliness	3.65
12096	loops	3.65
12097	mae	3.65
12098	malaria	3.65
12099	manifesto	3.65
12100	manuscripts	3.65
12101	masked	3.65
12102	maze	3.65
12103	methodist	3.65
12104	monaco	3.65
12105	monastery	3.65
12106	morals	3.65
12107	mutations	3.65
12108	naomi	3.65
12109	narrowly	3.65
12110	negligence	3.65
12111	nexus	3.65
12112	nicer	3.65
12113	nightclub	3.65
12114	numerical	3.65
12115	obsolete	3.65
12116	offences	3.65
12117	optic	3.65
12118	panda	3.65
12119	panther	3.65
12120	paul's	3.65
12121	peas	3.65
12122	perkins	3.65
12123	posture	3.65
12124	prague	3.65
12125	preseason	3.65
12126	qaeda	3.65
12127	raging	3.65
12128	rc	3.65
12129	receptors	3.65
12130	refresh	3.65
12131	resonance	3.65
12132	ruthless	3.65
12133	salvage	3.65
12134	samurai	3.65
12135	sasha	3.65
12136	satire	3.65
12137	saul	3.65
12138	seafood	3.65
12139	shakes	3.65
12140	signaling	3.65
12141	simplest	3.65
12142	slash	3.65
12143	spaghetti	3.65
12144	speedy	3.65
12145	spying	3.65
12146	staging	3.65
12147	standpoint	3.65
12148	statues	3.65
12149	stein	3.65
12150	sway	3.65
12151	tasting	3.65
12152	tempting	3.65
12153	terminate	3.65
12154	torque	3.65
12155	towels	3.65
12156	trailers	3.65
12157	transforming	3.65
12158	trinidad	3.65
12159	uk's	3.65
12160	unconstitutional	3.65
12161	undermine	3.65
12162	underwent	3.65
12163	vacancy	3.65
12164	var	3.65
12165	veto	3.65
12166	villains	3.65
12167	vocational	3.65
12168	wenger	3.65
12169	wickets	3.65
12170	withstand	3.65
12171	woodland	3.65
12172	zinc	3.65
12173	a1	3.64
12174	accustomed	3.64
12175	adequately	3.64
12176	ahmad	3.64
12177	alicia	3.64
12178	amazingly	3.64
12179	ambitions	3.64
12180	applicant	3.64
12181	approximate	3.64
12182	assemble	3.64
12183	averages	3.64
12184	baghdad	3.64
12185	ballots	3.64
12186	bam	3.64
12187	bargaining	3.64
12188	barrett	3.64
12189	bates	3.64
12190	baton	3.64
12191	beginnings	3.64
12192	births	3.64
12193	breakup	3.64
12194	brew	3.64
12195	bulldogs	3.64
12196	c00	3.64
12197	camel	3.64
12198	canberra	3.64
12199	catering	3.64
12200	charger	3.64
12201	checkout	3.64
12202	chefs	3.64
12203	chronicles	3.64
12204	chunk	3.64
12205	classmates	3.64
12206	coca	3.64
12207	cocoa	3.64
12208	comet	3.64
12209	compartment	3.64
12210	compositions	3.64
12211	conditioned	3.64
12212	contestants	3.64
12213	cooled	3.64
12214	corpus	3.64
12215	coupons	3.64
12216	cove	3.64
12217	cozy	3.64
12218	culturally	3.64
12219	currents	3.64
12220	deficiency	3.64
12221	deported	3.64
12222	deposited	3.64
12223	derivatives	3.64
12224	deserted	3.64
12225	dictatorship	3.64
12226	disrespectful	3.64
12227	dread	3.64
12228	dub	3.64
12229	dummy	3.64
12230	ecuador	3.64
12231	edmonton	3.64
12232	electorate	3.64
12233	enhancing	3.64
12234	entertained	3.64
12235	erosion	3.64
12236	explores	3.64
12237	expo	3.64
12238	favourites	3.64
12239	fibers	3.64
12240	fitzgerald	3.64
12241	flank	3.64
12242	flare	3.64
12243	fleeing	3.64
12244	flirting	3.64
12245	forex	3.64
12246	gallons	3.64
12247	gamers	3.64
12248	generators	3.64
12249	geoffrey	3.64
12250	goodnight	3.64
12251	gus	3.64
12252	handmade	3.64
12253	hartford	3.64
12254	hawkins	3.64
12255	hazards	3.64
12256	hostages	3.64
12257	icc	3.64
12258	incidence	3.64
12259	intimacy	3.64
12260	italians	3.64
12261	jul	3.64
12262	kat	3.64
12263	kerr	3.64
12264	kitten	3.64
12265	knicks	3.64
12266	koch	3.64
12267	lagos	3.64
12268	lan	3.64
12269	lender	3.64
12270	leone	3.64
12271	lever	3.64
12272	lisbon	3.64
12273	lu	3.64
12274	marketed	3.64
12275	marty	3.64
12276	mileage	3.64
12277	morton	3.64
12278	multiplayer	3.64
12279	municipalities	3.64
12280	mutant	3.64
12281	mutation	3.64
12282	mythology	3.64
12283	neal	3.64
12284	neon	3.64
12285	nile	3.64
12286	nolan	3.64
12287	northeastern	3.64
12288	noticing	3.64
12289	nun	3.64
12290	nutritional	3.64
12291	ow	3.64
12292	p00	3.64
12293	pathways	3.64
12294	pedal	3.64
12295	pest	3.64
12296	pillar	3.64
12297	pitches	3.64
12298	plausible	3.64
12299	pledged	3.64
12300	poly	3.64
12301	polymer	3.64
12302	precipitation	3.64
12303	prosecutors	3.64
12304	protections	3.64
12305	pup	3.64
12306	quarantine	3.64
12307	query	3.64
12308	raf	3.64
12309	rallies	3.64
12310	rapids	3.64
12311	reacted	3.64
12312	restraint	3.64
12313	rests	3.64
12314	retains	3.64
12315	revived	3.64
12316	rift	3.64
12317	romney	3.64
12318	russ	3.64
12319	salesman	3.64
12320	scarlet	3.64
12321	screws	3.64
12322	sensing	3.64
12323	serena	3.64
12324	sewer	3.64
12325	shipments	3.64
12326	shits	3.64
12327	smack	3.64
12328	sonny	3.64
12329	southwestern	3.64
12330	spared	3.64
12331	spokesperson	3.64
12332	stalking	3.64
12333	standardized	3.64
12334	stitch	3.64
12335	substrate	3.64
12336	sultan	3.64
12337	supremacy	3.64
12338	swallowed	3.64
12339	swell	3.64
12340	symptom	3.64
12341	thanked	3.64
12342	theoretically	3.64
12343	thirst	3.64
12344	transitional	3.64
12345	tuna	3.64
12346	unused	3.64
12347	valleys	3.64
12348	viewpoint	3.64
12349	vinegar	3.64
12350	wards	3.64
12351	warrants	3.64
12352	wig	3.64
12353	─	3.64
12354	accessory	3.63
12355	advisors	3.63
12356	advocating	3.63
12357	affiliation	3.63
12358	aggressively	3.63
12359	align	3.63
12360	allergies	3.63
12361	amnesty	3.63
12362	angus	3.63
12363	anita	3.63
12364	apologized	3.63
12365	assad	3.63
12366	assertion	3.63
12367	astronomy	3.63
12368	atop	3.63
12369	attic	3.63
12370	attracts	3.63
12371	australians	3.63
12372	autobiography	3.63
12373	av	3.63
12374	await	3.63
12375	bastards	3.63
12376	becky	3.63
12377	bing	3.63
12378	bothering	3.63
12379	broadcaster	3.63
12380	buddhism	3.63
12381	buds	3.63
12382	cache	3.63
12383	carmen	3.63
12384	carrots	3.63
12385	cds	3.63
12386	chewing	3.63
12387	clinton's	3.63
12388	coherent	3.63
12389	comfy	3.63
12390	comrades	3.63
12391	conceded	3.63
12392	condo	3.63
12393	conflicting	3.63
12394	conrad	3.63
12395	consulted	3.63
12396	criticize	3.63
12397	crooked	3.63
12398	cultivation	3.63
12399	dads	3.63
12400	decreases	3.63
12401	dicks	3.63
12402	ding	3.63
12403	discontinued	3.63
12404	displacement	3.63
12405	disrespect	3.63
12406	distorted	3.63
12407	divers	3.63
12408	dividing	3.63
12409	dow	3.63
12410	downloads	3.63
12411	drastic	3.63
12412	edible	3.63
12413	edmund	3.63
12414	ella	3.63
12415	emerson	3.63
12416	endorse	3.63
12417	enhancement	3.63
12418	evenings	3.63
12419	fax	3.63
12420	fiat	3.63
12421	fiona	3.63
12422	firefighters	3.63
12423	flick	3.63
12424	fowler	3.63
12425	funky	3.63
12426	gag	3.63
12427	gee	3.63
12428	gigantic	3.63
12429	gill	3.63
12430	groom	3.63
12431	guarded	3.63
12432	guitarist	3.63
12433	halftime	3.63
12434	hamas	3.63
12435	harriet	3.63
12436	hash	3.63
12437	helena	3.63
12438	hogan	3.63
12439	holden	3.63
12440	hydro	3.63
12441	ig	3.63
12442	illustrates	3.63
12443	inactive	3.63
12444	inputs	3.63
12445	inspect	3.63
12446	inspections	3.63
12447	inspectors	3.63
12448	instincts	3.63
12449	interpretations	3.63
12450	je	3.63
12451	jj	3.63
12452	knots	3.63
12453	lana	3.63
12454	laurel	3.63
12455	lawsuits	3.63
12456	leftist	3.63
12457	legitimacy	3.63
12458	linkedin	3.63
12459	lizard	3.63
12460	lyric	3.63
12461	maximize	3.63
12462	morally	3.63
12463	mp3	3.63
12464	mushroom	3.63
12465	naples	3.63
12466	nigga	3.63
12467	noel	3.63
12468	occupying	3.63
12469	organizers	3.63
12470	owens	3.63
12471	paradox	3.63
12472	peacefully	3.63
12473	periodic	3.63
12474	philly	3.63
12475	plead	3.63
12476	podium	3.63
12477	portray	3.63
12478	practitioner	3.63
12479	pradesh	3.63
12480	progressed	3.63
12481	puck	3.63
12482	ratios	3.63
12483	reconsider	3.63
12484	redskins	3.63
12485	reductions	3.63
12486	refrain	3.63
12487	replaces	3.63
12488	reproduce	3.63
12489	researching	3.63
12490	rigged	3.63
12491	rite	3.63
12492	rum	3.63
12493	s00	3.63
12494	safari	3.63
12495	saunders	3.63
12496	scaling	3.63
12497	scorer	3.63
12498	seldom	3.63
12499	shareholder	3.63
12500	simone	3.63
12501	sis	3.63
12502	slams	3.63
12503	slices	3.63
12504	soy	3.63
12505	spilled	3.63
12506	squash	3.63
12507	stacked	3.63
12508	statewide	3.63
12509	stationary	3.63
12510	styled	3.63
12511	subdivision	3.63
12512	succeeding	3.63
12513	sunderland	3.63
12514	surrendered	3.63
12515	tar	3.63
12516	tariffs	3.63
12517	temporal	3.63
12518	tracker	3.63
12519	turbine	3.63
12520	tyson	3.63
12521	unavailable	3.63
12522	universally	3.63
12523	unlucky	3.63
12524	utilizing	3.63
12525	uv	3.63
12526	volunteered	3.63
12527	vomiting	3.63
12528	warden	3.63
12529	warp	3.63
12530	whisky	3.63
12531	who'd	3.63
12532	winters	3.63
12533	womb	3.63
12534	yogurt	3.63
12535	abe	3.62
12536	abolished	3.62
12537	abusing	3.62
12538	algeria	3.62
12539	alpine	3.62
12540	ambient	3.62
12541	aquatic	3.62
12542	argentine	3.62
12543	armored	3.62
12544	assert	3.62
12545	atheist	3.62
12546	balances	3.62
12547	bandwidth	3.62
12548	barbecue	3.62
12549	beforehand	3.62
12550	bipolar	3.62
12551	bladder	3.62
12552	blossom	3.62
12553	body's	3.62
12554	bolts	3.62
12555	bombed	3.62
12556	campaigning	3.62
12557	canned	3.62
12558	captains	3.62
12559	caravan	3.62
12560	carrot	3.62
12561	chanting	3.62
12562	chevrolet	3.62
12563	clive	3.62
12564	compressed	3.62
12565	comprise	3.62
12566	computational	3.62
12567	conceptual	3.62
12568	coolest	3.62
12569	currencies	3.62
12570	damp	3.62
12571	danielle	3.62
12572	databases	3.62
12573	debit	3.62
12574	demolition	3.62
12575	denis	3.62
12576	detailing	3.62
12577	differentiate	3.62
12578	dim	3.62
12579	discouraged	3.62
12580	discovers	3.62
12581	donkey	3.62
12582	doo	3.62
12583	downstream	3.62
12584	earrings	3.62
12585	earthquakes	3.62
12586	ebola	3.62
12587	eg	3.62
12588	elites	3.62
12589	ellie	3.62
12590	empirical	3.62
12591	enlarged	3.62
12592	enzymes	3.62
12593	esther	3.62
12594	everybody's	3.62
12595	fantasies	3.62
12596	faulty	3.62
12597	fertile	3.62
12598	feud	3.62
12599	filmmaker	3.62
12600	formations	3.62
12601	fortunes	3.62
12602	frankfurt	3.62
12603	freedoms	3.62
12604	furnace	3.62
12605	fuse	3.62
12606	fuss	3.62
12607	gale	3.62
12608	gamer	3.62
12609	generosity	3.62
12610	gerry	3.62
12611	gluten	3.62
12612	goodman	3.62
12613	gorilla	3.62
12614	guatemala	3.62
12615	hamburg	3.62
12616	harvested	3.62
12617	hath	3.62
12618	heavyweight	3.62
12619	humane	3.62
12620	humanities	3.62
12621	inflicted	3.62
12622	interviewing	3.62
12623	jedi	3.62
12624	jennings	3.62
12625	journeys	3.62
12626	labelled	3.62
12627	lawful	3.62
12628	lawmakers	3.62
12629	leased	3.62
12630	lena	3.62
12631	loosely	3.62
12632	lord's	3.62
12633	lotus	3.62
12634	luna	3.62
12635	mails	3.62
12636	malik	3.62
12637	mantle	3.62
12638	mascot	3.62
12639	metabolic	3.62
12640	meth	3.62
12641	mf	3.62
12642	midfield	3.62
12643	militant	3.62
12644	missionaries	3.62
12645	mohammad	3.62
12646	nicolas	3.62
12647	nostalgia	3.62
12648	ottoman	3.62
12649	paddy	3.62
12650	paperback	3.62
12651	paved	3.62
12652	pavilion	3.62
12653	peasant	3.62
12654	perks	3.62
12655	philosophers	3.62
12656	pillars	3.62
12657	pointer	3.62
12658	policing	3.62
12659	predicting	3.62
12660	presume	3.62
12661	presumed	3.62
12662	printers	3.62
12663	rapist	3.62
12664	reacting	3.62
12665	rebuilt	3.62
12666	rec	3.62
12667	rectangular	3.62
12668	regulator	3.62
12669	renting	3.62
12670	restructuring	3.62
12671	ridden	3.62
12672	ro	3.62
12673	rudy	3.62
12674	sabotage	3.62
12675	sanctioned	3.62
12676	sarcasm	3.62
12677	savannah	3.62
12678	scans	3.62
12679	seekers	3.62
12680	sentencing	3.62
12681	sexist	3.62
12682	shaving	3.62
12683	shutdown	3.62
12684	sic	3.62
12685	slammed	3.62
12686	snp	3.62
12687	stresses	3.62
12688	suffolk	3.62
12689	surpassed	3.62
12690	swansea	3.62
12691	sweets	3.62
12692	syracuse	3.62
12693	tally	3.62
12694	tehran	3.62
12695	termed	3.62
12696	tha	3.62
12697	thriving	3.62
12698	timed	3.62
12699	tm	3.62
12700	trending	3.62
12701	trolls	3.62
12702	tucked	3.62
12703	tumors	3.62
12704	u.s.a	3.62
12705	ui	3.62
12706	unanimously	3.62
12707	undefeated	3.62
12708	unfamiliar	3.62
12709	upgrading	3.62
12710	vale	3.62
12711	valencia	3.62
12712	vastly	3.62
12713	vile	3.62
12714	violently	3.62
12715	wedge	3.62
12716	wisely	3.62
12717	wizards	3.62
12718	wrecked	3.62
12719	yesterday's	3.62
12720	yuri	3.62
12721	adaptive	3.61
12722	addictive	3.61
12723	affinity	3.61
12724	alloy	3.61
12725	apartheid	3.61
12726	arises	3.61
12727	arthritis	3.61
12728	authorised	3.61
12729	ay	3.61
12730	b00	3.61
12731	bale	3.61
12732	barton	3.61
12733	beaver	3.61
12734	boasts	3.61
12735	brunswick	3.61
12736	buenos	3.61
12737	caller	3.61
12738	carnegie	3.61
12739	casualty	3.61
12740	cavity	3.61
12741	chap	3.61
12742	cites	3.61
12743	colts	3.61
12744	comforting	3.61
12745	conway	3.61
12746	courthouse	3.61
12747	crank	3.61
12748	cv	3.61
12749	dante	3.61
12750	darn	3.61
12751	deborah	3.61
12752	decks	3.61
12753	diaries	3.61
12754	differing	3.61
12755	disgust	3.61
12756	dispatched	3.61
12757	dissolution	3.61
12758	disturbance	3.61
12759	dog's	3.61
12760	dominic	3.61
12761	doubling	3.61
12762	ee	3.61
12763	emerges	3.61
12764	enclosure	3.61
12765	evangelical	3.61
12766	examinations	3.61
12767	exceeding	3.61
12768	expresses	3.61
12769	exquisite	3.61
12770	factual	3.61
12771	fading	3.61
12772	falsely	3.61
12773	famine	3.61
12774	fares	3.61
12775	feminists	3.61
12776	fiji	3.61
12777	flavors	3.61
12778	fraudulent	3.61
12779	freeway	3.61
12780	freshly	3.61
12781	gazette	3.61
12782	geek	3.61
12783	geo	3.61
12784	granny	3.61
12785	handicap	3.61
12786	hansen	3.61
12787	hmmm	3.61
12788	homage	3.61
12789	homo	3.61
12790	hostility	3.61
12791	hymn	3.61
12792	hypothetical	3.61
12793	informative	3.61
12794	infringement	3.61
12795	internship	3.61
12796	interrupt	3.61
12797	invade	3.61
12798	irritating	3.61
12799	jacksonville	3.61
12800	jasmine	3.61
12801	katrina	3.61
12802	kid's	3.61
12803	knockout	3.61
12804	lantern	3.61
12805	linen	3.61
12806	lookout	3.61
12807	misunderstood	3.61
12808	moonlight	3.61
12809	moose	3.61
12810	mosquito	3.61
12811	motel	3.61
12812	motherfucker	3.61
12813	mueller	3.61
12814	narratives	3.61
12815	nobody's	3.61
12816	noun	3.61
12817	novelist	3.61
12818	nsfw	3.61
12819	oaks	3.61
12820	omaha	3.61
12821	onwards	3.61
12822	overthrow	3.61
12823	paradigm	3.61
12824	pavement	3.61
12825	payday	3.61
12826	perpetual	3.61
12827	pga	3.61
12828	physiology	3.61
12829	pigeon	3.61
12830	plateau	3.61
12831	playlist	3.61
12832	plc	3.61
12833	possesses	3.61
12834	possessing	3.61
12835	precinct	3.61
12836	premiership	3.61
12837	presentations	3.61
12838	proliferation	3.61
12839	prosecuted	3.61
12840	pseudo	3.61
12841	pudding	3.61
12842	reformed	3.61
12843	refrigerator	3.61
12844	regeneration	3.61
12845	regina	3.61
12846	remembrance	3.61
12847	reminiscent	3.61
12848	reps	3.61
12849	resentment	3.61
12850	resin	3.61
12851	resisted	3.61
12852	rosie	3.61
12853	rotary	3.61
12854	rupert	3.61
12855	rusty	3.61
12856	scarce	3.61
12857	sibling	3.61
12858	simulator	3.61
12859	sl	3.61
12860	slippery	3.61
12861	slips	3.61
12862	snyder	3.61
12863	soak	3.61
12864	sock	3.61
12865	sorting	3.61
12866	spectacle	3.61
12867	stint	3.61
12868	storey	3.61
12869	suicidal	3.61
12870	suv	3.61
12871	symposium	3.61
12872	tabs	3.61
12873	tailor	3.61
12874	terminals	3.61
12875	thrilling	3.61
12876	tottenham	3.61
12877	toughest	3.61
12878	trajectory	3.61
12879	triggers	3.61
12880	tt	3.61
12881	underrated	3.61
12882	unidentified	3.61
12883	unrest	3.61
12884	unseen	3.61
12885	utmost	3.61
12886	waiter	3.61
12887	weary	3.61
12888	wiki	3.61
12889	wills	3.61
12890	willy	3.61
12891	wimbledon	3.61
12892	witches	3.61
12893	wwii	3.61
12894	youths	3.61
12895	■	3.61
12896	●	3.61
12897	accusation	3.6
12898	adapter	3.6
12899	adjustable	3.6
12900	adulthood	3.6
12901	advisers	3.6
12902	advocated	3.6
12903	affiliates	3.6
12904	agony	3.6
12905	allergy	3.6
12906	armenian	3.6
12907	astronaut	3.6
12908	attain	3.6
12909	attendant	3.6
12910	authenticity	3.6
12911	avery	3.6
12912	backstage	3.6
12913	banners	3.6
12914	bedford	3.6
12915	benchmark	3.6
12916	benghazi	3.6
12917	benny	3.6
12918	benson	3.6
12919	beverages	3.6
12920	binge	3.6
12921	biscuits	3.6
12922	bloc	3.6
12923	bouncing	3.6
12924	bourbon	3.6
12925	breaker	3.6
12926	breathtaking	3.6
12927	browsing	3.6
12928	brutality	3.6
12929	bumps	3.6
12930	calculus	3.6
12931	cancers	3.6
12932	capitals	3.6
12933	careless	3.6
12934	caste	3.6
12935	cellar	3.6
12936	cerebral	3.6
12937	champs	3.6
12938	chant	3.6
12939	cheerful	3.6
12940	cinematic	3.6
12941	climax	3.6
12942	clippers	3.6
12943	cockpit	3.6
12944	cocktails	3.6
12945	colon	3.6
12946	communion	3.6
12947	condom	3.6
12948	consul	3.6
12949	contender	3.6
12950	crimson	3.6
12951	crypto	3.6
12952	cultivated	3.6
12953	curly	3.6
12954	debated	3.6
12955	degradation	3.6
12956	devil's	3.6
12957	dexter	3.6
12958	disappearing	3.6
12959	discs	3.6
12960	distributors	3.6
12961	duh	3.6
12962	dundee	3.6
12963	elaine	3.6
12964	electrons	3.6
12965	emerald	3.6
12966	ensures	3.6
12967	equilibrium	3.6
12968	europa	3.6
12969	evelyn	3.6
12970	evidently	3.6
12971	exhausting	3.6
12972	extras	3.6
12973	famed	3.6
12974	fargo	3.6
12975	fascinated	3.6
12976	fences	3.6
12977	fetus	3.6
12978	flaw	3.6
12979	flawless	3.6
12980	fooled	3.6
12981	forrest	3.6
12982	gigs	3.6
12983	grad	3.6
12984	granddaughter	3.6
12985	gymnastics	3.6
12986	hale	3.6
12987	helmets	3.6
12988	hercules	3.6
12989	hereby	3.6
12990	honduras	3.6
12991	hotter	3.6
12992	humorous	3.6
12993	ignores	3.6
12994	incurred	3.6
12995	indications	3.6
12996	indoors	3.6
12997	intercourse	3.6
12998	interestingly	3.6
12999	isaiah	3.6
13000	isolate	3.6
13001	israel's	3.6
13002	jurisdictions	3.6
13003	kathleen	3.6
13004	kendall	3.6
13005	knocks	3.6
13006	lancashire	3.6
13007	lawson	3.6
13008	lesbians	3.6
13009	lindsey	3.6
13010	listens	3.6
13011	london's	3.6
13012	mailing	3.6
13013	manipulated	3.6
13014	mao	3.6
13015	mare	3.6
13016	marxist	3.6
13017	meadow	3.6
13018	meadows	3.6
13019	ministries	3.6
13020	motivate	3.6
13021	mound	3.6
13022	muddy	3.6
13023	mystic	3.6
13024	ness	3.6
13025	nominal	3.6
13026	norris	3.6
13027	o'connor	3.6
13028	ohh	3.6
13029	ordinance	3.6
13030	osborne	3.6
13031	oscars	3.6
13032	outlines	3.6
13033	pairing	3.6
13034	pam	3.6
13035	parsons	3.6
13036	pertaining	3.6
13037	poke	3.6
13038	poorer	3.6
13039	portsmouth	3.6
13040	praising	3.6
13041	pres	3.6
13042	presbyterian	3.6
13043	prick	3.6
13044	prolific	3.6
13045	proportional	3.6
13046	prosperous	3.6
13047	quarry	3.6
13048	referral	3.6
13049	repost	3.6
13050	respecting	3.6
13051	restless	3.6
13052	rugged	3.6
13053	sammy	3.6
13054	sap	3.6
13055	sarcastic	3.6
13056	scholarly	3.6
13057	segregation	3.6
13058	seymour	3.6
13059	shaken	3.6
13060	sheikh	3.6
13061	sheriff's	3.6
13062	shines	3.6
13063	sinclair	3.6
13064	sinister	3.6
13065	stared	3.6
13066	strait	3.6
13067	suppressed	3.6
13068	sylvia	3.6
13069	teamed	3.6
13070	tents	3.6
13071	testosterone	3.6
13072	thicker	3.6
13073	tis	3.6
13074	town's	3.6
13075	ventilation	3.6
13076	viking	3.6
13077	weaver	3.6
13078	weber	3.6
13079	wes	3.6
13080	williamson	3.6
13081	yankee	3.6
13082	yarn	3.6
13083	5k	3.59
13084	abide	3.59
13085	accumulation	3.59
13086	admiration	3.59
13087	aesthetics	3.59
13088	aj	3.59
13089	altering	3.59
13090	anton	3.59
13091	archie	3.59
13092	asserted	3.59
13093	attacker	3.59
13094	augusta	3.59
13095	authoritarian	3.59
13096	avail	3.59
13097	bahrain	3.59
13098	banquet	3.59
13099	barker	3.59
13100	behaved	3.59
13101	bentley	3.59
13102	benz	3.59
13103	billed	3.59
13104	billing	3.59
13105	booty	3.59
13106	brackets	3.59
13107	bravery	3.59
13108	brit	3.59
13109	browse	3.59
13110	brutally	3.59
13111	buff	3.59
13112	calorie	3.59
13113	cdc	3.59
13114	chamberlain	3.59
13115	cis	3.59
13116	claw	3.59
13117	collects	3.59
13118	coloring	3.59
13119	commence	3.59
13120	compatibility	3.59
13121	conditional	3.59
13122	congratulate	3.59
13123	constructing	3.59
13124	converts	3.59
13125	coordinating	3.59
13126	cortex	3.59
13127	courageous	3.59
13128	crawling	3.59
13129	crusade	3.59
13130	cynical	3.59
13131	damascus	3.59
13132	devised	3.59
13133	discarded	3.59
13134	disrupt	3.59
13135	donating	3.59
13136	donovan	3.59
13137	drills	3.59
13138	duplicate	3.59
13139	dynamite	3.59
13140	echoes	3.59
13141	economical	3.59
13142	elastic	3.59
13143	empowered	3.59
13144	examines	3.59
13145	exceeds	3.59
13146	exposition	3.59
13147	fart	3.59
13148	fearing	3.59
13149	fetish	3.59
13150	fixes	3.59
13151	fla	3.59
13152	fluffy	3.59
13153	fundamentals	3.59
13154	fundraiser	3.59
13155	funniest	3.59
13156	fx	3.59
13157	gadgets	3.59
13158	gaga	3.59
13159	garment	3.59
13160	geometric	3.59
13161	gestures	3.59
13162	goldman	3.59
13163	google's	3.59
13164	gracious	3.59
13165	grin	3.59
13166	gta	3.59
13167	halifax	3.59
13168	hanna	3.59
13169	happiest	3.59
13170	heap	3.59
13171	highs	3.59
13172	hum	3.59
13173	humility	3.59
13174	impeachment	3.59
13175	inherently	3.59
13176	insults	3.59
13177	inventor	3.59
13178	isa	3.59
13179	jailed	3.59
13180	jasper	3.59
13181	jewels	3.59
13182	juliet	3.59
13183	karachi	3.59
13184	kickstarter	3.59
13185	kurdish	3.59
13186	leopard	3.59
13187	librarian	3.59
13188	lobbying	3.59
13189	lumber	3.59
13190	lydia	3.59
13191	mackenzie	3.59
13192	madam	3.59
13193	marital	3.59
13194	mayer	3.59
13195	meds	3.59
13196	mis	3.59
13197	mma	3.59
13198	multitude	3.59
13199	muse	3.59
13200	nanny	3.59
13201	nineteen	3.59
13202	nipples	3.59
13203	nucleus	3.59
13204	oc	3.59
13205	orbital	3.59
13206	organism	3.59
13207	outgoing	3.59
13208	overhaul	3.59
13209	pancakes	3.59
13210	pas	3.59
13211	patriotism	3.59
13212	periodically	3.59
13213	piles	3.59
13214	player's	3.59
13215	plumbing	3.59
13216	poppy	3.59
13217	pratt	3.59
13218	precautions	3.59
13219	predecessors	3.59
13220	protested	3.59
13221	raced	3.59
13222	raleigh	3.59
13223	readiness	3.59
13224	redundant	3.59
13225	regulators	3.59
13226	rejecting	3.59
13227	remarked	3.59
13228	resemblance	3.59
13229	rested	3.59
13230	rib	3.59
13231	rods	3.59
13232	roth	3.59
13233	sacks	3.59
13234	seizures	3.59
13235	sermon	3.59
13236	shes	3.59
13237	sister's	3.59
13238	slender	3.59
13239	sloppy	3.59
13240	smith's	3.59
13241	snapchat	3.59
13242	socialists	3.59
13243	societal	3.59
13244	soviets	3.59
13245	spec	3.59
13246	sponge	3.59
13247	steele	3.59
13248	sucker	3.59
13249	suns	3.59
13250	superiority	3.59
13251	supervised	3.59
13252	surreal	3.59
13253	tease	3.59
13254	tendencies	3.59
13255	tiffany	3.59
13256	titanic	3.59
13257	tomorrow's	3.59
13258	transitions	3.59
13259	transmitter	3.59
13260	transporting	3.59
13261	typhoon	3.59
13262	unreal	3.59
13263	upheld	3.59
13264	vaccination	3.59
13265	valerie	3.59
13266	valves	3.59
13267	vampires	3.59
13268	vibration	3.59
13269	vitamins	3.59
13270	wartime	3.59
13271	weakest	3.59
13272	wicket	3.59
13273	winnipeg	3.59
13274	worcester	3.59
13275	zurich	3.59
13276	abdominal	3.58
13277	adolescent	3.58
13278	advertisers	3.58
13279	airing	3.58
13280	announcer	3.58
13281	awaited	3.58
13282	baba	3.58
13283	backdrop	3.58
13284	bae	3.58
13285	beau	3.58
13286	begged	3.58
13287	blackout	3.58
13288	bluff	3.58
13289	bollywood	3.58
13290	brushes	3.58
13291	bushes	3.58
13292	cartel	3.58
13293	casts	3.58
13294	catastrophic	3.58
13295	caucus	3.58
13296	charcoal	3.58
13297	cheesy	3.58
13298	cheryl	3.58
13299	choking	3.58
13300	cindy	3.58
13301	citrus	3.58
13302	clad	3.58
13303	clocks	3.58
13304	coached	3.58
13305	coded	3.58
13306	columnist	3.58
13307	competence	3.58
13308	condolences	3.58
13309	constituent	3.58
13310	constituted	3.58
13311	contacting	3.58
13312	contagious	3.58
13313	contexts	3.58
13314	conveniently	3.58
13315	courtroom	3.58
13316	cushion	3.58
13317	cyclist	3.58
13318	darkest	3.58
13319	diaz	3.58
13320	dictate	3.58
13321	directs	3.58
13322	discounted	3.58
13323	distributing	3.58
13324	dnc	3.58
13325	dominating	3.58
13326	doris	3.58
13327	dorm	3.58
13328	drafts	3.58
13329	drip	3.58
13330	duct	3.58
13331	eccentric	3.58
13332	educating	3.58
13333	electro	3.58
13334	electromagnetic	3.58
13335	emblem	3.58
13336	endured	3.58
13337	ew	3.58
13338	expands	3.58
13339	fabrics	3.58
13340	facto	3.58
13341	falcons	3.58
13342	fascism	3.58
13343	fats	3.58
13344	fearful	3.58
13345	festive	3.58
13346	film's	3.58
13347	flyer	3.58
13348	forecasts	3.58
13349	foreman	3.58
13350	framing	3.58
13351	g00	3.58
13352	gallagher	3.58
13353	geared	3.58
13354	geoff	3.58
13355	george's	3.58
13356	giles	3.58
13357	gina	3.58
13358	glacier	3.58
13359	gomez	3.58
13360	gs	3.58
13361	hindus	3.58
13362	hu	3.58
13363	hunted	3.58
13364	hurricanes	3.58
13365	implying	3.58
13366	improper	3.58
13367	influx	3.58
13368	informing	3.58
13369	installment	3.58
13370	isles	3.58
13371	jen	3.58
13372	judaism	3.58
13373	keller	3.58
13374	kernel	3.58
13375	kung	3.58
13376	larvae	3.58
13377	lexington	3.58
13378	liaison	3.58
13379	lima	3.58
13380	mary's	3.58
13381	memoirs	3.58
13382	miner	3.58
13383	mk	3.58
13384	mosaic	3.58
13385	mustang	3.58
13386	mw	3.58
13387	n't	3.58
13388	needy	3.58
13389	nichols	3.58
13390	offenses	3.58
13391	optics	3.58
13392	orphan	3.58
13393	passions	3.58
13394	patient's	3.58
13395	patty	3.58
13396	peyton	3.58
13397	pies	3.58
13398	pineapple	3.58
13399	pissing	3.58
13400	plaintiffs	3.58
13401	plastics	3.58
13402	poisoned	3.58
13403	potassium	3.58
13404	priceless	3.58
13405	projecting	3.58
13406	prostitute	3.58
13407	reflective	3.58
13408	rents	3.58
13409	residing	3.58
13410	resilience	3.58
13411	resisting	3.58
13412	romanian	3.58
13413	roofs	3.58
13414	rotate	3.58
13415	royce	3.58
13416	sans	3.58
13417	saxon	3.58
13418	scissors	3.58
13419	seaside	3.58
13420	semitic	3.58
13421	shampoo	3.58
13422	shaun	3.58
13423	shri	3.58
13424	silently	3.58
13425	similarity	3.58
13426	smelling	3.58
13427	socio	3.58
13428	stabbing	3.58
13429	staircase	3.58
13430	stamped	3.58
13431	steroids	3.58
13432	stitches	3.58
13433	subsidiaries	3.58
13434	swipe	3.58
13435	tang	3.58
13436	tango	3.58
13437	telecom	3.58
13438	tighter	3.58
13439	tolerant	3.58
13440	touchdowns	3.58
13441	toxicity	3.58
13442	trumpet	3.58
13443	tuberculosis	3.58
13444	ukip	3.58
13445	undergone	3.58
13446	willingly	3.58
13447	woah	3.58
13448	wrapping	3.58
13449	youthful	3.58
13450	2a	3.57
13451	accents	3.57
13452	adhere	3.57
13453	adidas	3.57
13454	advising	3.57
13455	affirmative	3.57
13456	agnes	3.57
13457	alarms	3.57
13458	alliances	3.57
13459	alma	3.57
13460	ambiguous	3.57
13461	archaeology	3.57
13462	arse	3.57
13463	attained	3.57
13464	aus	3.57
13465	autopsy	3.57
13466	baltic	3.57
13467	berries	3.57
13468	blitz	3.57
13469	blockade	3.57
13470	bosnia	3.57
13471	brightness	3.57
13472	bruins	3.57
13473	brushed	3.57
13474	burma	3.57
13475	calculating	3.57
13476	campuses	3.57
13477	cartridge	3.57
13478	cashier	3.57
13479	cigar	3.57
13480	circa	3.57
13481	citations	3.57
13482	claudia	3.57
13483	cloak	3.57
13484	cologne	3.57
13485	colombian	3.57
13486	colt	3.57
13487	combustion	3.57
13488	comprehension	3.57
13489	concession	3.57
13490	condoms	3.57
13491	crescent	3.57
13492	crises	3.57
13493	criticizing	3.57
13494	defective	3.57
13495	denise	3.57
13496	deportation	3.57
13497	deserving	3.57
13498	discourage	3.57
13499	disgusted	3.57
13500	disposable	3.57
13501	distressed	3.57
13502	dover	3.57
13503	dumbass	3.57
13504	dungeon	3.57
13505	dwell	3.57
13506	e00	3.57
13507	edison	3.57
13508	edith	3.57
13509	enforcing	3.57
13510	entrepreneurship	3.57
13511	eps	3.57
13512	erie	3.57
13513	essentials	3.57
13514	fasting	3.57
13515	fiery	3.57
13516	finalists	3.57
13517	flipping	3.57
13518	flux	3.57
13519	fueled	3.57
13520	gc	3.57
13521	georgetown	3.57
13522	gimme	3.57
13523	goofy	3.57
13524	hai	3.57
13525	hancock	3.57
13526	handwriting	3.57
13527	hassle	3.57
13528	heartbreaking	3.57
13529	hector	3.57
13530	hicks	3.57
13531	hobbies	3.57
13532	hog	3.57
13533	homeowners	3.57
13534	ibrahim	3.57
13535	immensely	3.57
13536	inauguration	3.57
13537	incorrectly	3.57
13538	ind	3.57
13539	indicative	3.57
13540	inexpensive	3.57
13541	instructors	3.57
13542	intercept	3.57
13543	intuitive	3.57
13544	invent	3.57
13545	irwin	3.57
13546	isabel	3.57
13547	jamaican	3.57
13548	jockey	3.57
13549	jolly	3.57
13550	jorge	3.57
13551	ju	3.57
13552	kazakhstan	3.57
13553	kenyan	3.57
13554	landlords	3.57
13555	latitude	3.57
13556	lea	3.57
13557	libertarian	3.57
13558	luxembourg	3.57
13559	majestic	3.57
13560	mariners	3.57
13561	mastered	3.57
13562	mastery	3.57
13563	mats	3.57
13564	mccoy	3.57
13565	metropolis	3.57
13566	mohamed	3.57
13567	mummy	3.57
13568	neville	3.57
13569	nominate	3.57
13570	np	3.57
13571	offend	3.57
13572	oo	3.57
13573	orchard	3.57
13574	organizer	3.57
13575	outraged	3.57
13576	overdose	3.57
13577	pamela	3.57
13578	paragraphs	3.57
13579	parallels	3.57
13580	parameter	3.57
13581	passwords	3.57
13582	pathology	3.57
13583	peggy	3.57
13584	piercing	3.57
13585	plotting	3.57
13586	poisonous	3.57
13587	pounding	3.57
13588	pretended	3.57
13589	procession	3.57
13590	purge	3.57
13591	reacts	3.57
13592	relocation	3.57
13593	rhino	3.57
13594	riches	3.57
13595	ripping	3.57
13596	rosemary	3.57
13597	rubbed	3.57
13598	sandstone	3.57
13599	sanitation	3.57
13600	satisfactory	3.57
13601	scooter	3.57
13602	sculptures	3.57
13603	season's	3.57
13604	secrecy	3.57
13605	seeded	3.57
13606	separates	3.57
13607	sergio	3.57
13608	shameful	3.57
13609	shortest	3.57
13610	sid	3.57
13611	skipping	3.57
13612	skirts	3.57
13613	sliced	3.57
13614	soils	3.57
13615	springer	3.57
13616	staples	3.57
13617	stokes	3.57
13618	storing	3.57
13619	summed	3.57
13620	supervisors	3.57
13621	sweetie	3.57
13622	swollen	3.57
13623	tanzania	3.57
13624	technicians	3.57
13625	tor	3.57
13626	transformers	3.57
13627	traveler	3.57
13628	tunisia	3.57
13629	umm	3.57
13630	unauthorized	3.57
13631	undo	3.57
13632	unnamed	3.57
13633	upsetting	3.57
13634	vans	3.57
13635	venom	3.57
13636	victorious	3.57
13637	vines	3.57
13638	visuals	3.57
13639	wary	3.57
13640	watering	3.57
13641	wellness	3.57
13642	whispers	3.57
13643	windy	3.57
13644	winger	3.57
13645	wordpress	3.57
13646	wraps	3.57
13647	youngsters	3.57
13648	1m	3.56
13649	abby	3.56
13650	abdomen	3.56
13651	abducted	3.56
13652	abruptly	3.56
13653	aha	3.56
13654	aleppo	3.56
13655	alerts	3.56
13656	alps	3.56
13657	amidst	3.56
13658	antarctic	3.56
13659	antibodies	3.56
13660	aquarium	3.56
13661	armenia	3.56
13662	aspiring	3.56
13663	asteroid	3.56
13664	band's	3.56
13665	barbie	3.56
13666	batter	3.56
13667	baxter	3.56
13668	bedtime	3.56
13669	belongings	3.56
13670	bloomberg	3.56
13671	blush	3.56
13672	booster	3.56
13673	braves	3.56
13674	bun	3.56
13675	businessmen	3.56
13676	calculator	3.56
13677	calmly	3.56
13678	captivity	3.56
13679	catastrophe	3.56
13680	chemotherapy	3.56
13681	cinemas	3.56
13682	circulating	3.56
13683	claws	3.56
13684	cleansing	3.56
13685	clears	3.56
13686	clicked	3.56
13687	commute	3.56
13688	complementary	3.56
13689	concussion	3.56
13690	connectivity	3.56
13691	consulate	3.56
13692	contend	3.56
13693	convict	3.56
13694	craving	3.56
13695	culinary	3.56
13696	demographics	3.56
13697	departing	3.56
13698	din	3.56
13699	dir	3.56
13700	discrete	3.56
13701	disguised	3.56
13702	dissent	3.56
13703	disturb	3.56
13704	docks	3.56
13705	dt	3.56
13706	earns	3.56
13707	emergencies	3.56
13708	eminent	3.56
13709	encryption	3.56
13710	endeavor	3.56
13711	enthusiasts	3.56
13712	erica	3.56
13713	escapes	3.56
13714	everything's	3.56
13715	exported	3.56
13716	fencing	3.56
13717	filtering	3.56
13718	flashes	3.56
13719	fleming	3.56
13720	flop	3.56
13721	follower	3.56
13722	franchises	3.56
13723	fraternity	3.56
13724	freaks	3.56
13725	frogs	3.56
13726	fronts	3.56
13727	furry	3.56
13728	glitter	3.56
13729	graveyard	3.56
13730	hanged	3.56
13731	hardship	3.56
13732	harlem	3.56
13733	hen	3.56
13734	hoover	3.56
13735	implication	3.56
13736	induce	3.56
13737	insecurity	3.56
13738	interrogation	3.56
13739	intimidating	3.56
13740	inventions	3.56
13741	irrational	3.56
13742	jaws	3.56
13743	josé	3.56
13744	lamar	3.56
13745	leafs	3.56
13746	league's	3.56
13747	lennon	3.56
13748	lettuce	3.56
13749	liabilities	3.56
13750	lithium	3.56
13751	lowe	3.56
13752	lucrative	3.56
13753	macmillan	3.56
13754	malone	3.56
13755	managerial	3.56
13756	mandated	3.56
13757	mango	3.56
13758	miley	3.56
13759	militants	3.56
13760	milo	3.56
13761	mister	3.56
13762	moderately	3.56
13763	mri	3.56
13764	multimedia	3.56
13765	multinational	3.56
13766	nationalists	3.56
13767	nh	3.56
13768	oasis	3.56
13769	oddly	3.56
13770	ons	3.56
13771	oppressed	3.56
13772	osaka	3.56
13773	ouch	3.56
13774	outsiders	3.56
13775	outskirts	3.56
13776	overlapping	3.56
13777	overs	3.56
13778	p.s	3.56
13779	paced	3.56
13780	pagan	3.56
13781	painters	3.56
13782	pals	3.56
13783	planetary	3.56
13784	playboy	3.56
13785	porcelain	3.56
13786	processors	3.56
13787	programmer	3.56
13788	promoter	3.56
13789	psalm	3.56
13790	psychiatry	3.56
13791	psychologists	3.56
13792	pubs	3.56
13793	pursuant	3.56
13794	recycled	3.56
13795	renovated	3.56
13796	repetitive	3.56
13797	researched	3.56
13798	revelations	3.56
13799	reversal	3.56
13800	rhyme	3.56
13801	rue	3.56
13802	safest	3.56
13803	saturdays	3.56
13804	savvy	3.56
13805	scanner	3.56
13806	schizophrenia	3.56
13807	scratching	3.56
13808	seriousness	3.56
13809	sheila	3.56
13810	shelby	3.56
13811	sparkling	3.56
13812	spree	3.56
13813	stafford	3.56
13814	stakeholders	3.56
13815	stevenson	3.56
13816	submitting	3.56
13817	subsidy	3.56
13818	sup	3.56
13819	superficial	3.56
13820	sweaty	3.56
13821	tailored	3.56
13822	tame	3.56
13823	tanner	3.56
13824	taps	3.56
13825	tf	3.56
13826	thinner	3.56
13827	thugs	3.56
13828	tipping	3.56
13829	toni	3.56
13830	topping	3.56
13831	tracing	3.56
13832	truman	3.56
13833	upstream	3.56
13834	vapor	3.56
13835	veronica	3.56
13836	vow	3.56
13837	waitress	3.56
13838	walnut	3.56
13839	waterfront	3.56
13840	wembley	3.56
13841	whatsapp	3.56
13842	winchester	3.56
13843	witty	3.56
13844	woven	3.56
13845	wyatt	3.56
13846	zack	3.56
13847	2k	3.55
13848	2x	3.55
13849	acquaintance	3.55
13850	aires	3.55
13851	ambassadors	3.55
13852	ambush	3.55
13853	amelia	3.55
13854	amend	3.55
13855	arranging	3.55
13856	arrogance	3.55
13857	attendees	3.55
13858	audrey	3.55
13859	aussie	3.55
13860	awaits	3.55
13861	baptism	3.55
13862	beirut	3.55
13863	blames	3.55
13864	blasting	3.55
13865	bloke	3.55
13866	blond	3.55
13867	blur	3.55
13868	blvd	3.55
13869	boogie	3.55
13870	booker	3.55
13871	bothers	3.55
13872	bowel	3.55
13873	brightest	3.55
13874	brow	3.55
13875	budapest	3.55
13876	bulbs	3.55
13877	bureaucracy	3.55
13878	cabbage	3.55
13879	canton	3.55
13880	cater	3.55
13881	celtics	3.55
13882	chimney	3.55
13883	chrysler	3.55
13884	circulated	3.55
13885	cloudy	3.55
13886	colourful	3.55
13887	compassionate	3.55
13888	comrade	3.55
13889	concentrating	3.55
13890	continents	3.55
13891	convertible	3.55
13892	cory	3.55
13893	crater	3.55
13894	creeping	3.55
13895	cu	3.55
13896	cumulative	3.55
13897	curator	3.55
13898	dat	3.55
13899	deity	3.55
13900	desperation	3.55
13901	detrimental	3.55
13902	diarrhea	3.55
13903	disposed	3.55
13904	distortion	3.55
13905	doctoral	3.55
13906	draining	3.55
13907	drains	3.55
13908	dramas	3.55
13909	drifting	3.55
13910	edged	3.55
13911	educator	3.55
13912	entitlement	3.55
13913	esp	3.55
13914	faux	3.55
13915	favoured	3.55
13916	fearless	3.55
13917	finch	3.55
13918	fragment	3.55
13919	fulfil	3.55
13920	galaxies	3.55
13921	gangster	3.55
13922	garner	3.55
13923	gil	3.55
13924	giveaway	3.55
13925	graphs	3.55
13926	gypsy	3.55
13927	harassed	3.55
13928	heater	3.55
13929	hesitation	3.55
13930	humiliation	3.55
13931	ic	3.55
13932	impairment	3.55
13933	impatient	3.55
13934	incorporates	3.55
13935	indy	3.55
13936	insisting	3.55
13937	intricate	3.55
13938	irvine	3.55
13939	jensen	3.55
13940	kang	3.55
13941	kara	3.55
13942	karate	3.55
13943	kc	3.55
13944	kingdoms	3.55
13945	kite	3.55
13946	labeling	3.55
13947	leasing	3.55
13948	lighthouse	3.55
13949	longevity	3.55
13950	lore	3.55
13951	lush	3.55
13952	luxurious	3.55
13953	mal	3.55
13954	mash	3.55
13955	mba	3.55
13956	meg	3.55
13957	meltdown	3.55
13958	messiah	3.55
13959	meteor	3.55
13960	ministerial	3.55
13961	mmm	3.55
13962	mocking	3.55
13963	monty	3.55
13964	motions	3.55
13965	mystical	3.55
13966	n.y	3.55
13967	nu	3.55
13968	obstruction	3.55
13969	odyssey	3.55
13970	om	3.55
13971	onboard	3.55
13972	oneself	3.55
13973	org	3.55
13974	outsider	3.55
13975	overcoming	3.55
13976	palms	3.55
13977	penetrate	3.55
13978	phelps	3.55
13979	phi	3.55
13980	philippe	3.55
13981	pioneers	3.55
13982	plaintiff	3.55
13983	planners	3.55
13984	plum	3.55
13985	plural	3.55
13986	poe	3.55
13987	portrayal	3.55
13988	prevail	3.55
13989	prevailing	3.55
13990	prostitutes	3.55
13991	publishes	3.55
13992	puff	3.55
13993	pun	3.55
13994	puzzles	3.55
13995	r2	3.55
13996	rag	3.55
13997	raj	3.55
13998	rampant	3.55
13999	recommending	3.55
14000	reggie	3.55
14001	regulating	3.55
14002	repairing	3.55
14003	repeats	3.55
14004	replicate	3.55
14005	replying	3.55
14006	retaliation	3.55
14007	rf	3.55
14008	risking	3.55
14009	rooftop	3.55
14010	rooting	3.55
14011	routing	3.55
14012	rv	3.55
14013	safeguard	3.55
14014	scaled	3.55
14015	sedan	3.55
14016	sentiments	3.55
14017	sewage	3.55
14018	sgt	3.55
14019	ship's	3.55
14020	shoppers	3.55
14021	simpsons	3.55
14022	sitcom	3.55
14023	slang	3.55
14024	slid	3.55
14025	sparked	3.55
14026	spices	3.55
14027	spirited	3.55
14028	spirituality	3.55
14029	spoiler	3.55
14030	suitcase	3.55
14031	summon	3.55
14032	survives	3.55
14033	sustaining	3.55
14034	tavern	3.55
14035	teasing	3.55
14036	telegram	3.55
14037	titanium	3.55
14038	trailing	3.55
14039	tuck	3.55
14040	turbulence	3.55
14041	ulster	3.55
14042	unesco	3.55
14043	uneven	3.55
14044	urgency	3.55
14045	vibes	3.55
14046	victim's	3.55
14047	viktor	3.55
14048	ware	3.55
14049	waterproof	3.55
14050	welcomes	3.55
14051	whining	3.55
14052	wonderfully	3.55
14053	wording	3.55
14054	zelda	3.55
14055	😍	3.55
14056	abdullah	3.54
14057	academia	3.54
14058	accreditation	3.54
14059	administer	3.54
14060	admittedly	3.54
14061	aforementioned	3.54
14062	algae	3.54
14063	alterations	3.54
14064	angelo	3.54
14065	apache	3.54
14066	ariel	3.54
14067	articulate	3.54
14068	asbestos	3.54
14069	atleast	3.54
14070	avoidance	3.54
14071	babylon	3.54
14072	barney	3.54
14073	bearings	3.54
14074	bjp	3.54
14075	boutique	3.54
14076	bowie	3.54
14077	brewer	3.54
14078	brits	3.54
14079	buffet	3.54
14080	burner	3.54
14081	cain	3.54
14082	casa	3.54
14083	catcher	3.54
14084	cathy	3.54
14085	charms	3.54
14086	chassis	3.54
14087	chores	3.54
14088	clap	3.54
14089	clarification	3.54
14090	colder	3.54
14091	concluding	3.54
14092	consolation	3.54
14093	consoles	3.54
14094	corresponds	3.54
14095	counters	3.54
14096	covert	3.54
14097	cringe	3.54
14098	crosby	3.54
14099	cunningham	3.54
14100	cw	3.54
14101	dagger	3.54
14102	dealings	3.54
14103	deferred	3.54
14104	depicting	3.54
14105	descriptive	3.54
14106	dialect	3.54
14107	dipped	3.54
14108	dolly	3.54
14109	downfall	3.54
14110	downside	3.54
14111	dryer	3.54
14112	dunk	3.54
14113	elijah	3.54
14114	empowerment	3.54
14115	endings	3.54
14116	energies	3.54
14117	ensuing	3.54
14118	ensured	3.54
14119	ethic	3.54
14120	executing	3.54
14121	expire	3.54
14122	fireplace	3.54
14123	flair	3.54
14124	fossils	3.54
14125	fugitive	3.54
14126	gpa	3.54
14127	greenwich	3.54
14128	gujarat	3.54
14129	hah	3.54
14130	hanson	3.54
14131	haunt	3.54
14132	hayden	3.54
14133	hazel	3.54
14134	headset	3.54
14135	hernandez	3.54
14136	hk	3.54
14137	homecoming	3.54
14138	hurdles	3.54
14139	hussein	3.54
14140	hyped	3.54
14141	icy	3.54
14142	indulge	3.54
14143	inmate	3.54
14144	inscription	3.54
14145	interpreter	3.54
14146	intuition	3.54
14147	invaluable	3.54
14148	jaime	3.54
14149	jenna	3.54
14150	js	3.54
14151	kaiser	3.54
14152	kettle	3.54
14153	kylie	3.54
14154	laptops	3.54
14155	lara	3.54
14156	lasers	3.54
14157	lax	3.54
14158	lest	3.54
14159	levi	3.54
14160	lilly	3.54
14161	malta	3.54
14162	markings	3.54
14163	mcconnell	3.54
14164	mcgregor	3.54
14165	menace	3.54
14166	methane	3.54
14167	mexicans	3.54
14168	ming	3.54
14169	misuse	3.54
14170	mitigate	3.54
14171	mona	3.54
14172	month's	3.54
14173	nairobi	3.54
14174	nana	3.54
14175	nausea	3.54
14176	neurological	3.54
14177	nicola	3.54
14178	optimum	3.54
14179	ounces	3.54
14180	overwhelmingly	3.54
14181	oyster	3.54
14182	pastoral	3.54
14183	patented	3.54
14184	pea	3.54
14185	pearls	3.54
14186	physiological	3.54
14187	pioneering	3.54
14188	pleasures	3.54
14189	policemen	3.54
14190	poo	3.54
14191	poultry	3.54
14192	prominence	3.54
14193	prophets	3.54
14194	prosecute	3.54
14195	ptsd	3.54
14196	quartet	3.54
14197	radically	3.54
14198	raping	3.54
14199	reactive	3.54
14200	reboot	3.54
14201	renamed	3.54
14202	resides	3.54
14203	restrictive	3.54
14204	robotic	3.54
14205	runaway	3.54
14206	saturn	3.54
14207	sawyer	3.54
14208	screenplay	3.54
14209	scriptures	3.54
14210	sect	3.54
14211	seismic	3.54
14212	seminary	3.54
14213	sg	3.54
14214	sheldon	3.54
14215	shelley	3.54
14216	shouts	3.54
14217	sideways	3.54
14218	sighted	3.54
14219	skinned	3.54
14220	skipper	3.54
14221	slain	3.54
14222	smuggling	3.54
14223	softer	3.54
14224	sonia	3.54
14225	specs	3.54
14226	squads	3.54
14227	stash	3.54
14228	stephens	3.54
14229	stimulating	3.54
14230	strawberries	3.54
14231	striped	3.54
14232	stroll	3.54
14233	swiftly	3.54
14234	texans	3.54
14235	theatres	3.54
14236	tolerated	3.54
14237	transcription	3.54
14238	tucson	3.54
14239	tweeting	3.54
14240	ul	3.54
14241	unicorn	3.54
14242	uniquely	3.54
14243	unrealistic	3.54
14244	v8	3.54
14245	vase	3.54
14246	vat	3.54
14247	vineyard	3.54
14248	viola	3.54
14249	waterfall	3.54
14250	waved	3.54
14251	weaving	3.54
14252	welding	3.54
14253	whereabouts	3.54
14254	yah	3.54
14255	yummy	3.54
14256	zeus	3.54
14257	abortions	3.53
14258	acknowledges	3.53
14259	adobe	3.53
14260	adolescents	3.53
14261	ala	3.53
14262	alarming	3.53
14263	alexandra	3.53
14264	almond	3.53
14265	amenities	3.53
14266	amounted	3.53
14267	amused	3.53
14268	antarctica	3.53
14269	arabian	3.53
14270	ari	3.53
14271	asphalt	3.53
14272	atrocities	3.53
14273	aviv	3.53
14274	bach	3.53
14275	backbone	3.53
14276	bahamas	3.53
14277	beetle	3.53
14278	blizzard	3.53
14279	bolivia	3.53
14280	booklet	3.53
14281	bottoms	3.53
14282	brawl	3.53
14283	brittany	3.53
14284	bryce	3.53
14285	bu	3.53
14286	burgess	3.53
14287	butts	3.53
14288	camden	3.53
14289	cameroon	3.53
14290	celestial	3.53
14291	characterization	3.53
14292	chevy	3.53
14293	choked	3.53
14294	ci	3.53
14295	clashes	3.53
14296	clint	3.53
14297	comin	3.53
14298	communicated	3.53
14299	confessions	3.53
14300	conform	3.53
14301	conversely	3.53
14302	countess	3.53
14303	court's	3.53
14304	creations	3.53
14305	cues	3.53
14306	customary	3.53
14307	dalton	3.53
14308	debuted	3.53
14309	declines	3.53
14310	depicts	3.53
14311	devote	3.53
14312	dinners	3.53
14313	diplomats	3.53
14314	dispose	3.53
14315	distinctly	3.53
14316	evacuate	3.53
14317	everett	3.53
14318	exits	3.53
14319	experimenting	3.53
14320	exploding	3.53
14321	exploits	3.53
14322	favourable	3.53
14323	ferdinand	3.53
14324	flourish	3.53
14325	flowering	3.53
14326	fractures	3.53
14327	fragrance	3.53
14328	franz	3.53
14329	fungus	3.53
14330	germany's	3.53
14331	gloucester	3.53
14332	griffith	3.53
14333	guarding	3.53
14334	gunfire	3.53
14335	harvesting	3.53
14336	havana	3.53
14337	heroine	3.53
14338	hilary	3.53
14339	hoax	3.53
14340	imf	3.53
14341	impending	3.53
14342	insignificant	3.53
14343	insurer	3.53
14344	intercepted	3.53
14345	interfering	3.53
14346	itv	3.53
14347	jonah	3.53
14348	kerala	3.53
14349	knowledgeable	3.53
14350	ku	3.53
14351	liberated	3.53
14352	lingerie	3.53
14353	lite	3.53
14354	localities	3.53
14355	locke	3.53
14356	logos	3.53
14357	lurking	3.53
14358	madden	3.53
14359	magician	3.53
14360	magistrates	3.53
14361	mai	3.53
14362	mali	3.53
14363	maneuver	3.53
14364	marrow	3.53
14365	marvelous	3.53
14366	mas	3.53
14367	mattered	3.53
14368	medicinal	3.53
14369	melanie	3.53
14370	mono	3.53
14371	murderers	3.53
14372	nas	3.53
14373	numb	3.53
14374	omitted	3.53
14375	originals	3.53
14376	overlook	3.53
14377	partnered	3.53
14378	pastry	3.53
14379	pawn	3.53
14380	pediatric	3.53
14381	persist	3.53
14382	personalized	3.53
14383	planner	3.53
14384	plaster	3.53
14385	playful	3.53
14386	pleading	3.53
14387	professions	3.53
14388	quirky	3.53
14389	quota	3.53
14390	quran	3.53
14391	r00	3.53
14392	randolph	3.53
14393	rationale	3.53
14394	reap	3.53
14395	rebound	3.53
14396	recess	3.53
14397	redeem	3.53
14398	reformation	3.53
14399	regimes	3.53
14400	replacements	3.53
14401	residue	3.53
14402	robotics	3.53
14403	rocked	3.53
14404	runoff	3.53
14405	rwanda	3.53
14406	salsa	3.53
14407	scanned	3.53
14408	screenshots	3.53
14409	semiconductor	3.53
14410	sentimental	3.53
14411	serbian	3.53
14412	severed	3.53
14413	shocks	3.53
14414	simultaneous	3.53
14415	slaughtered	3.53
14416	snatch	3.53
14417	sneakers	3.53
14418	somali	3.53
14419	spikes	3.53
14420	spooky	3.53
14421	squeezed	3.53
14422	staffing	3.53
14423	stanton	3.53
14424	stealth	3.53
14425	strained	3.53
14426	subscribed	3.53
14427	subset	3.53
14428	suspense	3.53
14429	suzanne	3.53
14430	swearing	3.53
14431	swore	3.53
14432	syntax	3.53
14433	tad	3.53
14434	tandem	3.53
14435	tasked	3.53
14436	tasmania	3.53
14437	televised	3.53
14438	tempered	3.53
14439	tertiary	3.53
14440	thyroid	3.53
14441	tidy	3.53
14442	timeless	3.53
14443	tokens	3.53
14444	uefa	3.53
14445	unreliable	3.53
14446	upbeat	3.53
14447	usable	3.53
14448	vanguard	3.53
14449	vc	3.53
14450	vomit	3.53
14451	vulgar	3.53
14452	waiver	3.53
14453	walton	3.53
14454	watershed	3.53
14455	weave	3.53
14456	wilkinson	3.53
14457	wiring	3.53
14458	yan	3.53
14459	adrenaline	3.52
14460	alexa	3.52
14461	alleviate	3.52
14462	amd	3.52
14463	anarchy	3.52
14464	ang	3.52
14465	arent	3.52
14466	artist's	3.52
14467	ashore	3.52
14468	aura	3.52
14469	bachelor's	3.52
14470	baden	3.52
14471	ballroom	3.52
14472	beginner	3.52
14473	beginners	3.52
14474	bermuda	3.52
14475	bilingual	3.52
14476	bombings	3.52
14477	bonded	3.52
14478	boosting	3.52
14479	boyle	3.52
14480	brenda	3.52
14481	brewers	3.52
14482	briggs	3.52
14483	buchanan	3.52
14484	buckingham	3.52
14485	bundles	3.52
14486	calcutta	3.52
14487	caleb	3.52
14488	canopy	3.52
14489	chennai	3.52
14490	cherish	3.52
14491	chuckle	3.52
14492	civilized	3.52
14493	comb	3.52
14494	completes	3.52
14495	complexes	3.52
14496	conceal	3.52
14497	condemnation	3.52
14498	contemplating	3.52
14499	cores	3.52
14500	cruiser	3.52
14501	cruising	3.52
14502	curl	3.52
14503	dams	3.52
14504	dared	3.52
14505	dart	3.52
14506	defends	3.52
14507	demolished	3.52
14508	denim	3.52
14509	dependency	3.52
14510	detecting	3.52
14511	dew	3.52
14512	dickens	3.52
14513	disable	3.52
14514	disconnected	3.52
14515	dishonest	3.52
14516	dosage	3.52
14517	doubtful	3.52
14518	dysfunction	3.52
14519	ecosystems	3.52
14520	encyclopedia	3.52
14521	endowment	3.52
14522	engraved	3.52
14523	enrichment	3.52
14524	erect	3.52
14525	erection	3.52
14526	eruption	3.52
14527	examiner	3.52
14528	exercised	3.52
14529	exeter	3.52
14530	expenditures	3.52
14531	expires	3.52
14532	fairfax	3.52
14533	fam	3.52
14534	fauna	3.52
14535	feds	3.52
14536	fidelity	3.52
14537	finely	3.52
14538	fischer	3.52
14539	flirt	3.52
14540	fluent	3.52
14541	flute	3.52
14542	footprint	3.52
14543	fore	3.52
14544	forefront	3.52
14545	formulated	3.52
14546	freaked	3.52
14547	freshwater	3.52
14548	fyi	3.52
14549	gareth	3.52
14550	gotham	3.52
14551	gr	3.52
14552	grouped	3.52
14553	halted	3.52
14554	harden	3.52
14555	hardened	3.52
14556	hateful	3.52
14557	haunting	3.52
14558	henri	3.52
14559	hepatitis	3.52
14560	honoring	3.52
14561	horace	3.52
14562	horrors	3.52
14563	howe	3.52
14564	huntington	3.52
14565	ieee	3.52
14566	inhabited	3.52
14567	inherit	3.52
14568	initiation	3.52
14569	injections	3.52
14570	insulted	3.52
14571	integrating	3.52
14572	intensely	3.52
14573	ions	3.52
14574	janeiro	3.52
14575	jeopardy	3.52
14576	joanna	3.52
14577	kensington	3.52
14578	ks	3.52
14579	lafayette	3.52
14580	lc	3.52
14581	listener	3.52
14582	lockdown	3.52
14583	mandarin	3.52
14584	mast	3.52
14585	matte	3.52
14586	mccartney	3.52
14587	mediocre	3.52
14588	middleton	3.52
14589	mixes	3.52
14590	morons	3.52
14591	morse	3.52
14592	mounts	3.52
14593	nfc	3.52
14594	niagara	3.52
14595	nicest	3.52
14596	nicotine	3.52
14597	nl	3.52
14598	nora	3.52
14599	nordic	3.52
14600	nos	3.52
14601	notions	3.52
14602	oranges	3.52
14603	outward	3.52
14604	overrated	3.52
14605	packaged	3.52
14606	packets	3.52
14607	paige	3.52
14608	passports	3.52
14609	pb	3.52
14610	pbs	3.52
14611	peanuts	3.52
14612	pep	3.52
14613	piracy	3.52
14614	platoon	3.52
14615	practise	3.52
14616	presses	3.52
14617	rave	3.52
14618	reactors	3.52
14619	recreate	3.52
14620	reeves	3.52
14621	reigns	3.52
14622	reno	3.52
14623	resembling	3.52
14624	residual	3.52
14625	restricting	3.52
14626	robe	3.52
14627	rpg	3.52
14628	rye	3.52
14629	sails	3.52
14630	sayin	3.52
14631	sensational	3.52
14632	sexism	3.52
14633	smokers	3.52
14634	sneaky	3.52
14635	socket	3.52
14636	spanning	3.52
14637	specifics	3.52
14638	spouses	3.52
14639	starvation	3.52
14640	starve	3.52
14641	stool	3.52
14642	stricken	3.52
14643	stripping	3.52
14644	subscriber	3.52
14645	systematically	3.52
14646	taxed	3.52
14647	tc	3.52
14648	tex	3.52
14649	thanking	3.52
14650	tibet	3.52
14651	toledo	3.52
14652	tread	3.52
14653	tripping	3.52
14654	truce	3.52
14655	tsunami	3.52
14656	turbines	3.52
14657	turmoil	3.52
14658	typed	3.52
14659	tyranny	3.52
14660	tyres	3.52
14661	u00	3.52
14662	unfit	3.52
14663	uphold	3.52
14664	vita	3.52
14665	volunteering	3.52
14666	wal	3.52
14667	warwick	3.52
14668	waterloo	3.52
14669	weeds	3.52
14670	weir	3.52
14671	wellbeing	3.52
14672	wikileaks	3.52
14673	wonderland	3.52
14674	wrestler	3.52
14675	yrs	3.52
14676	zimmerman	3.52
14677	zoning	3.52
14678	░	3.52
14679	🤔	3.52
14680	4g	3.51
14681	5pm	3.51
14682	5s	3.51
14683	abandoning	3.51
14684	abolition	3.51
14685	accessibility	3.51
14686	acquainted	3.51
14687	airplanes	3.51
14688	airs	3.51
14689	aloud	3.51
14690	angular	3.51
14691	anterior	3.51
14692	appendix	3.51
14693	approx	3.51
14694	atp	3.51
14695	attackers	3.51
14696	auditorium	3.51
14697	augustine	3.51
14698	barking	3.51
14699	bauer	3.51
14700	beckham	3.51
14701	behaving	3.51
14702	benign	3.51
14703	berkshire	3.51
14704	bleach	3.51
14705	boast	3.51
14706	bowen	3.51
14707	brandy	3.51
14708	brethren	3.51
14709	brink	3.51
14710	brown's	3.51
14711	bruh	3.51
14712	carving	3.51
14713	cas	3.51
14714	cass	3.51
14715	cctv	3.51
14716	cecil	3.51
14717	cheeky	3.51
14718	chemist	3.51
14719	choi	3.51
14720	coastline	3.51
14721	cobra	3.51
14722	collaborate	3.51
14723	comparatively	3.51
14724	compensated	3.51
14725	competed	3.51
14726	conor	3.51
14727	cosmos	3.51
14728	councillors	3.51
14729	crafting	3.51
14730	cuff	3.51
14731	curling	3.51
14732	cyclone	3.51
14733	dedicate	3.51
14734	deleting	3.51
14735	delusional	3.51
14736	deposition	3.51
14737	derive	3.51
14738	descend	3.51
14739	descending	3.51
14740	diligence	3.51
14741	disciplined	3.51
14742	discriminate	3.51
14743	distributions	3.51
14744	diversion	3.51
14745	doorway	3.51
14746	dp	3.51
14747	drilled	3.51
14748	dumpster	3.51
14749	emailed	3.51
14750	empower	3.51
14751	ernst	3.51
14752	ethiopian	3.51
14753	europe's	3.51
14754	excerpt	3.51
14755	existent	3.51
14756	ezra	3.51
14757	fabricated	3.51
14758	fandom	3.51
14759	filmmakers	3.51
14760	filtered	3.51
14761	foe	3.51
14762	gatherings	3.51
14763	georgian	3.51
14764	getaway	3.51
14765	glamour	3.51
14766	governor's	3.51
14767	heirs	3.51
14768	humphrey	3.51
14769	inbox	3.51
14770	incidentally	3.51
14771	infinitely	3.51
14772	inflated	3.51
14773	influenza	3.51
14774	informs	3.51
14775	inspected	3.51
14776	instructional	3.51
14777	interviewer	3.51
14778	introductory	3.51
14779	iot	3.51
14780	jaguar	3.51
14781	jamal	3.51
14782	judgments	3.51
14783	laurent	3.51
14784	licking	3.51
14785	ling	3.51
14786	loft	3.51
14787	lois	3.51
14788	m2	3.51
14789	massively	3.51
14790	mediated	3.51
14791	mediation	3.51
14792	merrill	3.51
14793	metrics	3.51
14794	millennials	3.51
14795	modular	3.51
14796	n00	3.51
14797	nico	3.51
14798	nutrient	3.51
14799	occupies	3.51
14800	oslo	3.51
14801	outlaw	3.51
14802	oversee	3.51
14803	pageant	3.51
14804	parachute	3.51
14805	parasite	3.51
14806	parenthood	3.51
14807	perennial	3.51
14808	persistence	3.51
14809	piers	3.51
14810	pleas	3.51
14811	porto	3.51
14812	postage	3.51
14813	praises	3.51
14814	preschool	3.51
14815	procedural	3.51
14816	profoundly	3.51
14817	prohibit	3.51
14818	pronunciation	3.51
14819	provoked	3.51
14820	quotation	3.51
14821	rappers	3.51
14822	registers	3.51
14823	relentless	3.51
14824	remnants	3.51
14825	repression	3.51
14826	reprinted	3.51
14827	resolving	3.51
14828	ridiculously	3.51
14829	roaring	3.51
14830	salisbury	3.51
14831	scandals	3.51
14832	scrapped	3.51
14833	seasoned	3.51
14834	shootout	3.51
14835	sigma	3.51
14836	simulations	3.51
14837	sk	3.51
14838	somethin	3.51
14839	sourced	3.51
14840	specializing	3.51
14841	spectator	3.51
14842	speculative	3.51
14843	spins	3.51
14844	stadiums	3.51
14845	stalls	3.51
14846	stripe	3.51
14847	submerged	3.51
14848	surgeries	3.51
14849	symmetry	3.51
14850	syndicate	3.51
14851	tae	3.51
14852	thornton	3.51
14853	tibetan	3.51
14854	tighten	3.51
14855	townsend	3.51
14856	trenches	3.51
14857	trustworthy	3.51
14858	tvs	3.51
14859	twelfth	3.51
14860	tyre	3.51
14861	ultrasound	3.51
14862	usher	3.51
14863	vacations	3.51
14864	vascular	3.51
14865	vets	3.51
14866	watkins	3.51
14867	weiss	3.51
14868	wholesome	3.51
14869	wiley	3.51
14870	witnessing	3.51
14871	workouts	3.51
14872	yielded	3.51
14873	york's	3.51
14874	absorbing	3.5
14875	adapting	3.5
14876	addicts	3.5
14877	adjoining	3.5
14878	albuquerque	3.5
14879	allegation	3.5
14880	alternating	3.5
14881	ancestry	3.5
14882	ankles	3.5
14883	annex	3.5
14884	annexed	3.5
14885	antibiotic	3.5
14886	arresting	3.5
14887	augmented	3.5
14888	avenues	3.5
14889	avid	3.5
14890	avoids	3.5
14891	badges	3.5
14892	barbados	3.5
14893	barge	3.5
14894	bartender	3.5
14895	bert	3.5
14896	birch	3.5
14897	bland	3.5
14898	blended	3.5
14899	bohemian	3.5
14900	bong	3.5
14901	bounded	3.5
14902	bows	3.5
14903	breastfeeding	3.5
14904	bribe	3.5
14905	bridal	3.5
14906	broadcasts	3.5
14907	broccoli	3.5
14908	brushing	3.5
14909	buckets	3.5
14910	buckle	3.5
14911	burlington	3.5
14912	bursts	3.5
14913	cannes	3.5
14914	canoe	3.5
14915	centred	3.5
14916	chilly	3.5
14917	chords	3.5
14918	chu	3.5
14919	cider	3.5
14920	clowns	3.5
14921	clueless	3.5
14922	cobb	3.5
14923	consciously	3.5
14924	corpses	3.5
14925	correlated	3.5
14926	correspond	3.5
14927	cradle	3.5
14928	crappy	3.5
14929	crippled	3.5
14930	damien	3.5
14931	dayton	3.5
14932	decency	3.5
14933	deficits	3.5
14934	despise	3.5
14935	destroyer	3.5
14936	diocese	3.5
14937	dispersed	3.5
14938	docs	3.5
14939	doorstep	3.5
14940	eliot	3.5
14941	embarked	3.5
14942	enriched	3.5
14943	equip	3.5
14944	faa	3.5
14945	fellas	3.5
14946	foley	3.5
14947	footing	3.5
14948	fulton	3.5
14949	garments	3.5
14950	glamorous	3.5
14951	goldberg	3.5
14952	growers	3.5
14953	handler	3.5
14954	hangover	3.5
14955	haters	3.5
14956	havent	3.5
14957	havoc	3.5
14958	hee	3.5
14959	hind	3.5
14960	hitter	3.5
14961	hive	3.5
14962	homophobic	3.5
14963	honolulu	3.5
14964	humid	3.5
14965	hyderabad	3.5
14966	illuminated	3.5
14967	imam	3.5
14968	implants	3.5
14969	indicted	3.5
14970	inexperienced	3.5
14971	influencing	3.5
14972	invading	3.5
14973	irritated	3.5
14974	jackpot	3.5
14975	javascript	3.5
14976	jurassic	3.5
14977	kangaroo	3.5
14978	ke	3.5
14979	klaus	3.5
14980	knowingly	3.5
14981	kuala	3.5
14982	legged	3.5
14983	lex	3.5
14984	liberalism	3.5
14985	liberia	3.5
14986	lithuania	3.5
14987	litre	3.5
14988	locomotive	3.5
14989	longing	3.5
14990	lsu	3.5
14991	mailed	3.5
14992	manny	3.5
14993	mantra	3.5
14994	mapped	3.5
14995	marcel	3.5
14996	mating	3.5
14997	mckay	3.5
14998	mesa	3.5
14999	microscope	3.5
15000	milky	3.5
15001	mixer	3.5
15002	modeled	3.5
15003	moe	3.5
15004	monumental	3.5
15005	moth	3.5
15006	multiply	3.5
15007	mv	3.5
15008	narcotics	3.5
15009	nicky	3.5
15010	nuggets	3.5
15011	nuisance	3.5
15012	obedience	3.5
15013	objected	3.5
15014	obligated	3.5
15015	organise	3.5
15016	outing	3.5
15017	overdue	3.5
15018	overload	3.5
15019	parasites	3.5
15020	payable	3.5
15021	paycheck	3.5
15022	peaches	3.5
15023	peaked	3.5
15024	picturesque	3.5
15025	pilgrimage	3.5
15026	pillows	3.5
15027	pivot	3.5
15028	pivotal	3.5
15029	por	3.5
15030	pressured	3.5
15031	preventive	3.5
15032	primer	3.5
15033	profitability	3.5
15034	progressing	3.5
15035	provoke	3.5
15036	ps3	3.5
15037	pulmonary	3.5
15038	punishing	3.5
15039	rad	3.5
15040	radicals	3.5
15041	raspberry	3.5
15042	reconcile	3.5
15043	regression	3.5
15044	resilient	3.5
15045	roaming	3.5
15046	router	3.5
15047	routines	3.5
15048	ru	3.5
15049	ryder	3.5
15050	sabbath	3.5
15051	schneider	3.5
15052	schwartz	3.5
15053	scouting	3.5
15054	secretaries	3.5
15055	selfies	3.5
15056	seminars	3.5
15057	shortages	3.5
15058	shortened	3.5
15059	shovel	3.5
15060	skinner	3.5
15061	smelled	3.5
15062	smh	3.5
15063	society's	3.5
15064	specializes	3.5
15065	splits	3.5
15066	staggering	3.5
15067	statutes	3.5
15068	striving	3.5
15069	suing	3.5
15070	surname	3.5
15071	synonymous	3.5
15072	tackling	3.5
15073	tai	3.5
15074	tallest	3.5
15075	taped	3.5
15076	tedious	3.5
15077	toxins	3.5
15078	troubling	3.5
15079	tug	3.5
15080	twists	3.5
15081	utilization	3.5
15082	v00	3.5
15083	volkswagen	3.5
15084	walkers	3.5
15085	wink	3.5
15086	woodward	3.5
15087	yugoslavia	3.5
15088	★	3.5
15089	👌	3.5
15090	a's	3.49
15091	a2	3.49
15092	actresses	3.49
15093	adhd	3.49
15094	ae	3.49
15095	alonso	3.49
15096	ancestor	3.49
15097	arbor	3.49
15098	astronomical	3.49
15099	attends	3.49
15100	attire	3.49
15101	authored	3.49
15102	autograph	3.49
15103	automobiles	3.49
15104	ava	3.49
15105	axle	3.49
15106	barley	3.49
15107	bd	3.49
15108	beyonce	3.49
15109	bitten	3.49
15110	blasted	3.49
15111	blasts	3.49
15112	botanical	3.49
15113	bottled	3.49
15114	braces	3.49
15115	brag	3.49
15116	breakout	3.49
15117	bumped	3.49
15118	bursting	3.49
15119	car's	3.49
15120	catchy	3.49
15121	cbc	3.49
15122	ceremonial	3.49
15123	chanel	3.49
15124	cheque	3.49
15125	chilled	3.49
15126	cho	3.49
15127	choreography	3.49
15128	cisco	3.49
15129	clarified	3.49
15130	cling	3.49
15131	coco	3.49
15132	coincide	3.49
15133	comedians	3.49
15134	commemorate	3.49
15135	commits	3.49
15136	concurrent	3.49
15137	corrupted	3.49
15138	coventry	3.49
15139	crocodile	3.49
15140	cub	3.49
15141	derrick	3.49
15142	diaper	3.49
15143	differentiation	3.49
15144	dine	3.49
15145	disadvantaged	3.49
15146	disadvantages	3.49
15147	disagreed	3.49
15148	dissolve	3.49
15149	diverted	3.49
15150	dubious	3.49
15151	dudley	3.49
15152	durant	3.49
15153	eagerly	3.49
15154	ecclesiastical	3.49
15155	edt	3.49
15156	egyptians	3.49
15157	elk	3.49
15158	england's	3.49
15159	enlightened	3.49
15160	erased	3.49
15161	escorted	3.49
15162	eur	3.49
15163	exhaustion	3.49
15164	expectancy	3.49
15165	famously	3.49
15166	fella	3.49
15167	fielding	3.49
15168	fingerprint	3.49
15169	fisherman	3.49
15170	flap	3.49
15171	folklore	3.49
15172	forgiving	3.49
15173	fractured	3.49
15174	galactic	3.49
15175	gardener	3.49
15176	getty	3.49
15177	glee	3.49
15178	grassroots	3.49
15179	gravitational	3.49
15180	grazing	3.49
15181	guinness	3.49
15182	gunshot	3.49
15183	habitats	3.49
15184	hailed	3.49
15185	hereditary	3.49
15186	hiatus	3.49
15187	homestead	3.49
15188	horribly	3.49
15189	horsepower	3.49
15190	hue	3.49
15191	icing	3.49
15192	idols	3.49
15193	ikea	3.49
15194	insurers	3.49
15195	intellect	3.49
15196	intellectuals	3.49
15197	intending	3.49
15198	interchange	3.49
15199	isabella	3.49
15200	jihad	3.49
15201	juventus	3.49
15202	kidneys	3.49
15203	knob	3.49
15204	kristen	3.49
15205	lahore	3.49
15206	lapse	3.49
15207	laundering	3.49
15208	ledger	3.49
15209	liga	3.49
15210	loaf	3.49
15211	lodged	3.49
15212	login	3.49
15213	loot	3.49
15214	lorenzo	3.49
15215	magnesium	3.49
15216	malware	3.49
15217	mclaren	3.49
15218	mimic	3.49
15219	mindful	3.49
15220	motorcycles	3.49
15221	mural	3.49
15222	murdoch	3.49
15223	musk	3.49
15224	must've	3.49
15225	myriad	3.49
15226	nan	3.49
15227	nasal	3.49
15228	nautical	3.49
15229	neatly	3.49
15230	negativity	3.49
15231	northampton	3.49
15232	noteworthy	3.49
15233	nuns	3.49
15234	odor	3.49
15235	oprah	3.49
15236	organising	3.49
15237	overturned	3.49
15238	overwatch	3.49
15239	paddle	3.49
15240	parrot	3.49
15241	partying	3.49
15242	patel	3.49
15243	peg	3.49
15244	pesticides	3.49
15245	pixels	3.49
15246	plunge	3.49
15247	powerless	3.49
15248	pragmatic	3.49
15249	primaries	3.49
15250	quasi	3.49
15251	quentin	3.49
15252	radiant	3.49
15253	ramsay	3.49
15254	reese	3.49
15255	refinery	3.49
15256	regained	3.49
15257	reich	3.49
15258	remorse	3.49
15259	reopened	3.49
15260	revoked	3.49
15261	rhymes	3.49
15262	rpm	3.49
15263	sanity	3.49
15264	scandinavian	3.49
15265	scotia	3.49
15266	scratched	3.49
15267	sears	3.49
15268	ser	3.49
15269	sergei	3.49
15270	sharia	3.49
15271	showdown	3.49
15272	shuffle	3.49
15273	shuts	3.49
15274	siding	3.49
15275	simulated	3.49
15276	skyline	3.49
15277	slab	3.49
15278	sprayed	3.49
15279	stacks	3.49
15280	startups	3.49
15281	stocking	3.49
15282	suarez	3.49
15283	subscriptions	3.49
15284	suites	3.49
15285	supplemental	3.49
15286	suspicions	3.49
15287	swimmer	3.49
15288	t.co	3.49
15289	tao	3.49
15290	tariff	3.49
15291	techno	3.49
15292	teller	3.49
15293	textiles	3.49
15294	therapies	3.49
15295	theyre	3.49
15296	trance	3.49
15297	translating	3.49
15298	traveller	3.49
15299	u.n	3.49
15300	unconditional	3.49
15301	unforgettable	3.49
15302	vacancies	3.49
15303	violates	3.49
15304	volatility	3.49
15305	weaken	3.49
15306	webcam	3.49
15307	wen	3.49
15308	weston	3.49
15309	wouldnt	3.49
15310	xavier	3.49
15311	yorker	3.49
15312	3m	3.48
15313	6pm	3.48
15314	abel	3.48
15315	abolish	3.48
15316	aca	3.48
15317	accessing	3.48
15318	accommodations	3.48
15319	accumulate	3.48
15320	admirable	3.48
15321	adventurous	3.48
15322	africa's	3.48
15323	ajax	3.48
15324	alarmed	3.48
15325	ama	3.48
15326	ammo	3.48
15327	amos	3.48
15328	analysed	3.48
15329	andreas	3.48
15330	angelina	3.48
15331	anthology	3.48
15332	antiques	3.48
15333	anyhow	3.48
15334	ape	3.48
15335	arrivals	3.48
15336	assaults	3.48
15337	assemblies	3.48
15338	auditor	3.48
15339	avalanche	3.48
15340	azerbaijan	3.48
15341	b.a	3.48
15342	badger	3.48
15343	ballistic	3.48
15344	banter	3.48
15345	becker	3.48
15346	bidder	3.48
15347	birthdays	3.48
15348	blackburn	3.48
15349	blazing	3.48
15350	blockbuster	3.48
15351	blueprint	3.48
15352	bodied	3.48
15353	boosted	3.48
15354	bowler	3.48
15355	broadcasters	3.48
15356	byrne	3.48
15357	cadillac	3.48
15358	cameo	3.48
15359	canals	3.48
15360	caramel	3.48
15361	cassidy	3.48
15362	charismatic	3.48
15363	chromosome	3.48
15364	chunks	3.48
15365	church's	3.48
15366	clarkson	3.48
15367	claus	3.48
15368	comcast	3.48
15369	commencement	3.48
15370	concede	3.48
15371	conducts	3.48
15372	confiscated	3.48
15373	contestant	3.48
15374	contradictory	3.48
15375	convent	3.48
15376	converse	3.48
15377	correcting	3.48
15378	corrosion	3.48
15379	crib	3.48
15380	crossroads	3.48
15381	dearly	3.48
15382	defiance	3.48
15383	deter	3.48
15384	diner	3.48
15385	dipping	3.48
15386	disneyland	3.48
15387	disposition	3.48
15388	djs	3.48
15389	documentaries	3.48
15390	dripping	3.48
15391	ecstasy	3.48
15392	eighteenth	3.48
15393	eleventh	3.48
15394	eliza	3.48
15395	emphasizes	3.48
15396	empowering	3.48
15397	engagements	3.48
15398	enrique	3.48
15399	envoy	3.48
15400	estonia	3.48
15401	expiration	3.48
15402	exploiting	3.48
15403	expressly	3.48
15404	fabrication	3.48
15405	facilitated	3.48
15406	faggot	3.48
15407	fascination	3.48
15408	fir	3.48
15409	foreigner	3.48
15410	formulation	3.48
15411	francs	3.48
15412	frontal	3.48
15413	fullest	3.48
15414	fungi	3.48
15415	goalie	3.48
15416	gonzalez	3.48
15417	gradient	3.48
15418	gravy	3.48
15419	grenades	3.48
15420	gwen	3.48
15421	haley	3.48
15422	harmed	3.48
15423	herring	3.48
15424	hires	3.48
15425	hopper	3.48
15426	hugging	3.48
15427	hysterical	3.48
15428	implant	3.48
15429	incompatible	3.48
15430	inducing	3.48
15431	injunction	3.48
15432	innate	3.48
15433	instituted	3.48
15434	iphones	3.48
15435	jays	3.48
15436	jeremiah	3.48
15437	jude	3.48
15438	kathryn	3.48
15439	kd	3.48
15440	keynote	3.48
15441	kidnap	3.48
15442	kiev	3.48
15443	koreans	3.48
15444	krishna	3.48
15445	lama	3.48
15446	learners	3.48
15447	liquids	3.48
15448	mclean	3.48
15449	meats	3.48
15450	michele	3.48
15451	motivational	3.48
15452	naruto	3.48
15453	natasha	3.48
15454	nightly	3.48
15455	noir	3.48
15456	normandy	3.48
15457	notwithstanding	3.48
15458	ns	3.48
15459	o2	3.48
15460	ordained	3.48
15461	originating	3.48
15462	orphans	3.48
15463	p000	3.48
15464	pans	3.48
15465	paralysis	3.48
15466	patiently	3.48
15467	patrols	3.48
15468	pauline	3.48
15469	paw	3.48
15470	peter's	3.48
15471	pharmaceuticals	3.48
15472	pianist	3.48
15473	pickles	3.48
15474	pilgrims	3.48
15475	pinterest	3.48
15476	pisses	3.48
15477	placebo	3.48
15478	podcasts	3.48
15479	pointers	3.48
15480	postpone	3.48
15481	progressively	3.48
15482	propelled	3.48
15483	psa	3.48
15484	psych	3.48
15485	punt	3.48
15486	rae	3.48
15487	raptors	3.48
15488	reinforcements	3.48
15489	repetition	3.48
15490	restraining	3.48
15491	retrospective	3.48
15492	revise	3.48
15493	righteousness	3.48
15494	rinse	3.48
15495	robbins	3.48
15496	rss	3.48
15497	s2	3.48
15498	sal	3.48
15499	scalp	3.48
15500	schultz	3.48
15501	scrolling	3.48
15502	sealing	3.48
15503	sharma	3.48
15504	sheds	3.48
15505	sheltered	3.48
15506	shia	3.48
15507	shutter	3.48
15508	smartest	3.48
15509	snatched	3.48
15510	sooo	3.48
15511	spans	3.48
15512	sparrow	3.48
15513	speculate	3.48
15514	spinach	3.48
15515	squat	3.48
15516	stew	3.48
15517	stirling	3.48
15518	stoned	3.48
15519	strauss	3.48
15520	stressing	3.48
15521	styling	3.48
15522	sublime	3.48
15523	subtitles	3.48
15524	sunni	3.48
15525	sweetness	3.48
15526	teamwork	3.48
15527	tequila	3.48
15528	terrestrial	3.48
15529	textures	3.48
15530	thinkers	3.48
15531	thorn	3.48
15532	thug	3.48
15533	tit	3.48
15534	toned	3.48
15535	totals	3.48
15536	triggering	3.48
15537	tulsa	3.48
15538	twenties	3.48
15539	ufo	3.48
15540	uncover	3.48
15541	unnatural	3.48
15542	unstoppable	3.48
15543	upfront	3.48
15544	urgently	3.48
15545	virginity	3.48
15546	virtues	3.48
15547	volvo	3.48
15548	vouchers	3.48
15549	waived	3.48
15550	wharf	3.48
15551	wiser	3.48
15552	wrestle	3.48
15553	xv	3.48
15554	yates	3.48
15555	yoo	3.48
15556	1a	3.47
15557	aap	3.47
15558	accountants	3.47
15559	achilles	3.47
15560	addison	3.47
15561	aggravated	3.47
15562	ahhh	3.47
15563	alberto	3.47
15564	alleging	3.47
15565	alto	3.47
15566	ambrose	3.47
15567	analyse	3.47
15568	anomaly	3.47
15569	aperture	3.47
15570	apostles	3.47
15571	apprenticeship	3.47
15572	aspire	3.47
15573	benches	3.47
15574	biodiversity	3.47
15575	biomedical	3.47
15576	blinded	3.47
15577	blurred	3.47
15578	boarded	3.47
15579	breadth	3.47
15580	bullies	3.47
15581	buster	3.47
15582	cascade	3.47
15583	casinos	3.47
15584	centralized	3.47
15585	char	3.47
15586	cleanse	3.47
15587	complains	3.47
15588	concord	3.47
15589	connector	3.47
15590	connie	3.47
15591	consolidate	3.47
15592	containment	3.47
15593	coupling	3.47
15594	crate	3.47
15595	crave	3.47
15596	crows	3.47
15597	dane	3.47
15598	dangerously	3.47
15599	denounced	3.47
15600	dillon	3.47
15601	diluted	3.47
15602	doping	3.47
15603	eddy	3.47
15604	elusive	3.47
15605	espionage	3.47
15606	establishes	3.47
15607	existential	3.47
15608	experimentation	3.47
15609	extremes	3.47
15610	extremists	3.47
15611	fanny	3.47
15612	fiancé	3.47
15613	flashback	3.47
15614	fluctuations	3.47
15615	forecasting	3.47
15616	freud	3.47
15617	friedman	3.47
15618	funnel	3.47
15619	gail	3.47
15620	gloss	3.47
15621	grading	3.47
15622	graft	3.47
15623	grips	3.47
15624	grumpy	3.47
15625	guise	3.47
15626	halves	3.47
15627	heightened	3.47
15628	horizons	3.47
15629	hush	3.47
15630	ibn	3.47
15631	imitation	3.47
15632	immersion	3.47
15633	inconvenient	3.47
15634	inspires	3.47
15635	interfaces	3.47
15636	intrigued	3.47
15637	intrinsic	3.47
15638	iran's	3.47
15639	irresistible	3.47
15640	javier	3.47
15641	jd	3.47
15642	jk	3.47
15643	joanne	3.47
15644	kb	3.47
15645	kittens	3.47
15646	landmarks	3.47
15647	landslide	3.47
15648	lcd	3.47
15649	leah	3.47
15650	leash	3.47
15651	makeover	3.47
15652	manned	3.47
15653	marcos	3.47
15654	mata	3.47
15655	mater	3.47
15656	maureen	3.47
15657	melodies	3.47
15658	memorandum	3.47
15659	mercer	3.47
15660	mermaid	3.47
15661	michael's	3.47
15662	miriam	3.47
15663	moderation	3.47
15664	moroccan	3.47
15665	nano	3.47
15666	neymar	3.47
15667	ngos	3.47
15668	nobility	3.47
15669	notation	3.47
15670	onstage	3.47
15671	ordeal	3.47
15672	ox	3.47
15673	painfully	3.47
15674	paranormal	3.47
15675	paso	3.47
15676	pear	3.47
15677	piston	3.47
15678	plugs	3.47
15679	politely	3.47
15680	pollen	3.47
15681	principals	3.47
15682	provoking	3.47
15683	pts	3.47
15684	puberty	3.47
15685	raided	3.47
15686	railroads	3.47
15687	ramos	3.47
15688	rbi	3.47
15689	reggae	3.47
15690	relegated	3.47
15691	respectfully	3.47
15692	rethink	3.47
15693	reviewer	3.47
15694	reviewers	3.47
15695	rewrite	3.47
15696	rodeo	3.47
15697	sas	3.47
15698	sheridan	3.47
15699	sherwood	3.47
15700	shire	3.47
15701	sinks	3.47
15702	slit	3.47
15703	snapping	3.47
15704	sobbing	3.47
15705	spitting	3.47
15706	starved	3.47
15707	stirred	3.47
15708	stockings	3.47
15709	stuffing	3.47
15710	substituted	3.47
15711	succeeds	3.47
15712	summons	3.47
15713	sutherland	3.47
15714	swung	3.47
15715	taboo	3.47
15716	teaser	3.47
15717	thatcher	3.47
15718	throttle	3.47
15719	tides	3.47
15720	trendy	3.47
15721	trimmed	3.47
15722	trivia	3.47
15723	trumps	3.47
15724	turbulent	3.47
15725	twisting	3.47
15726	unbearable	3.47
15727	underage	3.47
15728	unleashed	3.47
15729	unmarried	3.47
15730	vaguely	3.47
15731	veggies	3.47
15732	visas	3.47
15733	vortex	3.47
15734	voucher	3.47
15735	wand	3.47
15736	wanderers	3.47
15737	warmed	3.47
15738	❤️	3.47
15739	😭	3.47
15740	accelerating	3.46
15741	advert	3.46
15742	afforded	3.46
15743	ain	3.46
15744	alias	3.46
15745	anaheim	3.46
15746	anchored	3.46
15747	annoy	3.46
15748	antibody	3.46
15749	apostle	3.46
15750	appalling	3.46
15751	applaud	3.46
15752	arteries	3.46
15753	asians	3.46
15754	astronauts	3.46
15755	baptized	3.46
15756	barr	3.46
15757	belarus	3.46
15758	billie	3.46
15759	bondage	3.46
15760	boredom	3.46
15761	bounced	3.46
15762	bowman	3.46
15763	breeders	3.46
15764	brilliantly	3.46
15765	brunch	3.46
15766	buckley	3.46
15767	burgundy	3.46
15768	cabinets	3.46
15769	carlisle	3.46
15770	carolyn	3.46
15771	castles	3.46
15772	changer	3.46
15773	che	3.46
15774	chem	3.46
15775	chestnut	3.46
15776	cj	3.46
15777	cleaners	3.46
15778	cleanup	3.46
15779	clemson	3.46
15780	cocks	3.46
15781	compose	3.46
15782	concise	3.46
15783	confinement	3.46
15784	confronting	3.46
15785	consultancy	3.46
15786	contraction	3.46
15787	contrasting	3.46
15788	convergence	3.46
15789	coughing	3.46
15790	criterion	3.46
15791	crossings	3.46
15792	crowns	3.46
15793	cummings	3.46
15794	cylinders	3.46
15795	deduction	3.46
15796	despicable	3.46
15797	detachment	3.46
15798	detectors	3.46
15799	dialog	3.46
15800	digestive	3.46
15801	diminish	3.46
15802	disclaimer	3.46
15803	disconnect	3.46
15804	discriminatory	3.46
15805	disruptive	3.46
15806	dorset	3.46
15807	dvds	3.46
15808	endlessly	3.46
15809	enthusiast	3.46
15810	epilepsy	3.46
15811	estimation	3.46
15812	ethanol	3.46
15813	excavation	3.46
15814	extremist	3.46
15815	feeder	3.46
15816	flashlight	3.46
15817	flattering	3.46
15818	floats	3.46
15819	forcibly	3.46
15820	gao	3.46
15821	garland	3.46
15822	globalization	3.46
15823	grail	3.46
15824	graphical	3.46
15825	grayson	3.46
15826	groundbreaking	3.46
15827	grouping	3.46
15828	harding	3.46
15829	holiness	3.46
15830	horrifying	3.46
15831	humiliating	3.46
15832	iced	3.46
15833	ida	3.46
15834	illustrator	3.46
15835	imbalance	3.46
15836	immoral	3.46
15837	implicated	3.46
15838	inefficient	3.46
15839	initials	3.46
15840	instrumentation	3.46
15841	intensified	3.46
15842	intolerance	3.46
15843	jackson's	3.46
15844	jeez	3.46
15845	johnson's	3.46
15846	jurors	3.46
15847	kappa	3.46
15848	keepers	3.46
15849	kendrick	3.46
15850	ketchup	3.46
15851	leukemia	3.46
15852	levine	3.46
15853	liars	3.46
15854	lineage	3.46
15855	liter	3.46
15856	looting	3.46
15857	lorraine	3.46
15858	lyons	3.46
15859	magnus	3.46
15860	manpower	3.46
15861	marley	3.46
15862	martyr	3.46
15863	masturbation	3.46
15864	mitigation	3.46
15865	mont	3.46
15866	motorway	3.46
15867	nk	3.46
15868	npr	3.46
15869	nypd	3.46
15870	obscene	3.46
15871	occupants	3.46
15872	octopus	3.46
15873	onward	3.46
15874	operatives	3.46
15875	opium	3.46
15876	ovarian	3.46
15877	peck	3.46
15878	penal	3.46
15879	permitting	3.46
15880	petals	3.46
15881	picasso	3.46
15882	pierced	3.46
15883	pistols	3.46
15884	plank	3.46
15885	plantations	3.46
15886	plight	3.46
15887	ponds	3.46
15888	postseason	3.46
15889	presiding	3.46
15890	privy	3.46
15891	propulsion	3.46
15892	raft	3.46
15893	registering	3.46
15894	rejoice	3.46
15895	relics	3.46
15896	ren	3.46
15897	reproduced	3.46
15898	rihanna	3.46
15899	roam	3.46
15900	rubio	3.46
15901	sandals	3.46
15902	serpent	3.46
15903	sesame	3.46
15904	shepard	3.46
15905	shi	3.46
15906	shoved	3.46
15907	sicily	3.46
15908	simplify	3.46
15909	siren	3.46
15910	slater	3.46
15911	sleeper	3.46
15912	smear	3.46
15913	snowy	3.46
15914	soooo	3.46
15915	spectral	3.46
15916	spoilers	3.46
15917	stabilize	3.46
15918	stains	3.46
15919	stalk	3.46
15920	standings	3.46
15921	statesman	3.46
15922	stink	3.46
15923	stormy	3.46
15924	subcommittee	3.46
15925	suffice	3.46
15926	surrounds	3.46
15927	swat	3.46
15928	swine	3.46
15929	symbolism	3.46
15930	tangled	3.46
15931	ticking	3.46
15932	tram	3.46
15933	tryin	3.46
15934	tutorials	3.46
15935	underwood	3.46
15936	underworld	3.46
15937	vectors	3.46
15938	vertically	3.46
15939	vigorous	3.46
15940	vt	3.46
15941	wandered	3.46
15942	wei	3.46
15943	wrongly	3.46
15944	yum	3.46
15945	zion	3.46
15946	abiding	3.45
15947	adele	3.45
15948	alcoholism	3.45
15949	amplifier	3.45
15950	anc	3.45
15951	apes	3.45
15952	arches	3.45
15953	army's	3.45
15954	astounding	3.45
15955	atheism	3.45
15956	auctions	3.45
15957	audible	3.45
15958	avocado	3.45
15959	avon	3.45
15960	bangs	3.45
15961	bashing	3.45
15962	baskets	3.45
15963	bathtub	3.45
15964	beep	3.45
15965	beneficiaries	3.45
15966	biscuit	3.45
15967	bitterness	3.45
15968	blatant	3.45
15969	boon	3.45
15970	boyfriends	3.45
15971	brat	3.45
15972	bunk	3.45
15973	california's	3.45
15974	candid	3.45
15975	caretaker	3.45
15976	carts	3.45
15977	ceilings	3.45
15978	cervical	3.45
15979	character's	3.45
15980	checklist	3.45
15981	cherokee	3.45
15982	cheshire	3.45
15983	christ's	3.45
15984	cinderella	3.45
15985	clamp	3.45
15986	clans	3.45
15987	competitiveness	3.45
15988	composers	3.45
15989	confederation	3.45
15990	confidentiality	3.45
15991	configurations	3.45
15992	contradiction	3.45
15993	coronation	3.45
15994	counselling	3.45
15995	cracker	3.45
15996	crackers	3.45
15997	crimea	3.45
15998	cumberland	3.45
15999	cunning	3.45
16000	daly	3.45
16001	depiction	3.45
16002	depleted	3.45
16003	diabetic	3.45
16004	diaspora	3.45
16005	digitally	3.45
16006	discord	3.45
16007	distractions	3.45
16008	divides	3.45
16009	divinity	3.45
16010	donuts	3.45
16011	dorsal	3.45
16012	durability	3.45
16013	empress	3.45
16014	endeavour	3.45
16015	enroll	3.45
16016	entertainer	3.45
16017	entrusted	3.45
16018	ernie	3.45
16019	evidenced	3.45
16020	extracts	3.45
16021	fallon	3.45
16022	farrell	3.45
16023	fatalities	3.45
16024	festivities	3.45
16025	ffs	3.45
16026	finalist	3.45
16027	footballers	3.45
16028	forks	3.45
16029	gadget	3.45
16030	gasp	3.45
16031	genital	3.45
16032	glitch	3.45
16033	gong	3.45
16034	graded	3.45
16035	graders	3.45
16036	greasy	3.45
16037	grieving	3.45
16038	grooming	3.45
16039	hacks	3.45
16040	hamburger	3.45
16041	heed	3.45
16042	hideous	3.45
16043	homepage	3.45
16044	hoops	3.45
16045	howell	3.45
16046	ib	3.45
16047	imaginative	3.45
16048	imperfect	3.45
16049	implicit	3.45
16050	indo	3.45
16051	inlet	3.45
16052	insensitive	3.45
16053	interpreting	3.45
16054	islanders	3.45
16055	iss	3.45
16056	jars	3.45
16057	keystone	3.45
16058	knitting	3.45
16059	kramer	3.45
16060	kudos	3.45
16061	layered	3.45
16062	lieu	3.45
16063	liquidity	3.45
16064	loch	3.45
16065	lola	3.45
16066	lotion	3.45
16067	lows	3.45
16068	lucia	3.45
16069	lutheran	3.45
16070	mains	3.45
16071	manipulating	3.45
16072	mara	3.45
16073	marquis	3.45
16074	mayhem	3.45
16075	mens	3.45
16076	merging	3.45
16077	mistakenly	3.45
16078	mould	3.45
16079	neuroscience	3.45
16080	niger	3.45
16081	nipple	3.45
16082	noses	3.45
16083	nostalgic	3.45
16084	nra	3.45
16085	nv	3.45
16086	oppressive	3.45
16087	pasadena	3.45
16088	patronage	3.45
16089	pearce	3.45
16090	pinnacle	3.45
16091	plagued	3.45
16092	plated	3.45
16093	pods	3.45
16094	pong	3.45
16095	poorest	3.45
16096	programmers	3.45
16097	prompting	3.45
16098	prosper	3.45
16099	psi	3.45
16100	quake	3.45
16101	qualitative	3.45
16102	queries	3.45
16103	racer	3.45
16104	radial	3.45
16105	realms	3.45
16106	recap	3.45
16107	recognizable	3.45
16108	reconnaissance	3.45
16109	regent	3.45
16110	reigning	3.45
16111	reluctantly	3.45
16112	rendition	3.45
16113	resumes	3.45
16114	revisions	3.45
16115	roadside	3.45
16116	rovers	3.45
16117	saskatchewan	3.45
16118	scarlett	3.45
16119	scientifically	3.45
16120	scrambled	3.45
16121	scratches	3.45
16122	secretariat	3.45
16123	semitism	3.45
16124	sew	3.45
16125	shaky	3.45
16126	sham	3.45
16127	shortcomings	3.45
16128	shredded	3.45
16129	siberia	3.45
16130	sinai	3.45
16131	slayer	3.45
16132	smokes	3.45
16133	soothing	3.45
16134	spawned	3.45
16135	specialised	3.45
16136	stalker	3.45
16137	statistic	3.45
16138	stature	3.45
16139	steward	3.45
16140	stout	3.45
16141	strategically	3.45
16142	stripper	3.45
16143	stump	3.45
16144	submarines	3.45
16145	subordinate	3.45
16146	swimmers	3.45
16147	synagogue	3.45
16148	tentative	3.45
16149	texted	3.45
16150	tongues	3.45
16151	topical	3.45
16152	transforms	3.45
16153	uhh	3.45
16154	uneasy	3.45
16155	unfold	3.45
16156	usda	3.45
16157	uss	3.45
16158	variance	3.45
16159	vested	3.45
16160	vols	3.45
16161	wagons	3.45
16162	wah	3.45
16163	wally	3.45
16164	walters	3.45
16165	wavelength	3.45
16166	workload	3.45
16167	xii	3.45
16168	yells	3.45
16169	1b	3.44
16170	acquitted	3.44
16171	admiralty	3.44
16172	ageing	3.44
16173	aiding	3.44
16174	artificially	3.44
16175	asa	3.44
16176	aux	3.44
16177	barring	3.44
16178	bead	3.44
16179	berth	3.44
16180	billionaires	3.44
16181	blackmail	3.44
16182	blending	3.44
16183	blindness	3.44
16184	bragging	3.44
16185	brightly	3.44
16186	burglary	3.44
16187	busting	3.44
16188	cafeteria	3.44
16189	canary	3.44
16190	cannons	3.44
16191	capacities	3.44
16192	cardio	3.44
16193	carla	3.44
16194	caucasian	3.44
16195	ceramics	3.44
16196	cheats	3.44
16197	chilean	3.44
16198	clauses	3.44
16199	clumsy	3.44
16200	commuter	3.44
16201	composing	3.44
16202	contingency	3.44
16203	coworkers	3.44
16204	cupboard	3.44
16205	curated	3.44
16206	customized	3.44
16207	daft	3.44
16208	dani	3.44
16209	defences	3.44
16210	depended	3.44
16211	deprivation	3.44
16212	dewey	3.44
16213	disney's	3.44
16214	disqualified	3.44
16215	disrupted	3.44
16216	diversified	3.44
16217	documenting	3.44
16218	doubted	3.44
16219	downing	3.44
16220	duly	3.44
16221	dusk	3.44
16222	edits	3.44
16223	enchanted	3.44
16224	environmentally	3.44
16225	episcopal	3.44
16226	escalated	3.44
16227	everlasting	3.44
16228	excellency	3.44
16229	executions	3.44
16230	f00	3.44
16231	faking	3.44
16232	feasibility	3.44
16233	federally	3.44
16234	flavored	3.44
16235	formulas	3.44
16236	freddy	3.44
16237	frenzy	3.44
16238	fridays	3.44
16239	fuckers	3.44
16240	fulfillment	3.44
16241	general's	3.44
16242	gg	3.44
16243	godfather	3.44
16244	gould	3.44
16245	gran	3.44
16246	groundwater	3.44
16247	heidi	3.44
16248	hospitalized	3.44
16249	hostilities	3.44
16250	hyundai	3.44
16251	illusions	3.44
16252	inadvertently	3.44
16253	indifferent	3.44
16254	inject	3.44
16255	insistence	3.44
16256	interiors	3.44
16257	intimidated	3.44
16258	invariably	3.44
16259	invincible	3.44
16260	jams	3.44
16261	jfk	3.44
16262	joe's	3.44
16263	jubilee	3.44
16264	kia	3.44
16265	kinetic	3.44
16266	lam	3.44
16267	lashes	3.44
16268	latvia	3.44
16269	laurence	3.44
16270	lavender	3.44
16271	lemonade	3.44
16272	lenin	3.44
16273	lodging	3.44
16274	lowell	3.44
16275	malls	3.44
16276	mania	3.44
16277	medically	3.44
16278	menus	3.44
16279	mule	3.44
16280	mythical	3.44
16281	nathaniel	3.44
16282	neutron	3.44
16283	newcomers	3.44
16284	nicaragua	3.44
16285	nicholson	3.44
16286	nicknamed	3.44
16287	occupations	3.44
16288	oecd	3.44
16289	ooo	3.44
16290	orderly	3.44
16291	orient	3.44
16292	orion	3.44
16293	outset	3.44
16294	paralyzed	3.44
16295	parry	3.44
16296	parted	3.44
16297	patio	3.44
16298	peacock	3.44
16299	pedestrians	3.44
16300	pepsi	3.44
16301	pf	3.44
16302	pines	3.44
16303	pitchers	3.44
16304	plugged	3.44
16305	postcard	3.44
16306	pow	3.44
16307	powerhouse	3.44
16308	precursor	3.44
16309	preferable	3.44
16310	preparatory	3.44
16311	prism	3.44
16312	proclamation	3.44
16313	proponents	3.44
16314	provocative	3.44
16315	pu	3.44
16316	purposely	3.44
16317	qc	3.44
16318	questionnaire	3.44
16319	reclaim	3.44
16320	redevelopment	3.44
16321	reflex	3.44
16322	relocate	3.44
16323	rematch	3.44
16324	renal	3.44
16325	repayment	3.44
16326	residences	3.44
16327	restrained	3.44
16328	rhythms	3.44
16329	riddle	3.44
16330	rites	3.44
16331	rivera	3.44
16332	roach	3.44
16333	rockefeller	3.44
16334	roe	3.44
16335	royalties	3.44
16336	rubble	3.44
16337	s3	3.44
16338	sacrificing	3.44
16339	saddam	3.44
16340	sapphire	3.44
16341	screwing	3.44
16342	seam	3.44
16343	sectional	3.44
16344	servicing	3.44
16345	shrinking	3.44
16346	simulate	3.44
16347	sioux	3.44
16348	sloan	3.44
16349	sniff	3.44
16350	snowden	3.44
16351	soaring	3.44
16352	soluble	3.44
16353	solvent	3.44
16354	somebody's	3.44
16355	spaced	3.44
16356	squid	3.44
16357	stamford	3.44
16358	steph	3.44
16359	stocked	3.44
16360	stoked	3.44
16361	strapped	3.44
16362	streamed	3.44
16363	sturdy	3.44
16364	swarm	3.44
16365	tanker	3.44
16366	taxis	3.44
16367	terra	3.44
16368	timetable	3.44
16369	tj	3.44
16370	torpedo	3.44
16371	traitors	3.44
16372	trolley	3.44
16373	trolling	3.44
16374	trudeau	3.44
16375	una	3.44
16376	undertook	3.44
16377	undocumented	3.44
16378	vaginal	3.44
16379	vance	3.44
16380	verbs	3.44
16381	viability	3.44
16382	victoria's	3.44
16383	villas	3.44
16384	wat	3.44
16385	whispered	3.44
16386	widening	3.44
16387	winged	3.44
16388	wiping	3.44
16389	wolverine	3.44
16390	wrought	3.44
16391	xiii	3.44
16392	yearbook	3.44
16393	yikes	3.44
16394	😉	3.44
16395	abbot	3.43
16396	abduction	3.43
16397	ache	3.43
16398	advises	3.43
16399	afro	3.43
16400	ancestral	3.43
16401	anchors	3.43
16402	antiquity	3.43
16403	apocalyptic	3.43
16404	appraisal	3.43
16405	aqua	3.43
16406	aspen	3.43
16407	atlantis	3.43
16408	augustus	3.43
16409	author's	3.43
16410	autistic	3.43
16411	barnett	3.43
16412	baylor	3.43
16413	bearer	3.43
16414	bernstein	3.43
16415	bins	3.43
16416	bk	3.43
16417	bleak	3.43
16418	blender	3.43
16419	bmi	3.43
16420	bogus	3.43
16421	booming	3.43
16422	bridget	3.43
16423	bruises	3.43
16424	btc	3.43
16425	burt	3.43
16426	cages	3.43
16427	caldwell	3.43
16428	cara	3.43
16429	cavs	3.43
16430	centric	3.43
16431	chaired	3.43
16432	chaplain	3.43
16433	chlorine	3.43
16434	chow	3.43
16435	chubby	3.43
16436	clement	3.43
16437	collusion	3.43
16438	contenders	3.43
16439	contractual	3.43
16440	coroner	3.43
16441	correctional	3.43
16442	correspondents	3.43
16443	corridors	3.43
16444	couldnt	3.43
16445	creamy	3.43
16446	cubes	3.43
16447	d00	3.43
16448	daryl	3.43
16449	deterioration	3.43
16450	diapers	3.43
16451	dirk	3.43
16452	disbelief	3.43
16453	discreet	3.43
16454	distracting	3.43
16455	dizzy	3.43
16456	dre	3.43
16457	duet	3.43
16458	dustin	3.43
16459	dyed	3.43
16460	eisenhower	3.43
16461	elle	3.43
16462	elsa	3.43
16463	enact	3.43
16464	evaluations	3.43
16465	everest	3.43
16466	exporting	3.43
16467	expressive	3.43
16468	facilitating	3.43
16469	fiddle	3.43
16470	fists	3.43
16471	flaming	3.43
16472	foes	3.43
16473	folds	3.43
16474	fortified	3.43
16475	fran	3.43
16476	françois	3.43
16477	garfield	3.43
16478	generalized	3.43
16479	gl	3.43
16480	glossy	3.43
16481	gregg	3.43
16482	grit	3.43
16483	hammered	3.43
16484	haram	3.43
16485	harassing	3.43
16486	hauled	3.43
16487	hectares	3.43
16488	hobart	3.43
16489	homelessness	3.43
16490	hopping	3.43
16491	horrendous	3.43
16492	horrified	3.43
16493	hostel	3.43
16494	hound	3.43
16495	htc	3.43
16496	hugged	3.43
16497	illegitimate	3.43
16498	illicit	3.43
16499	importing	3.43
16500	incompetence	3.43
16501	insomnia	3.43
16502	interception	3.43
16503	invaders	3.43
16504	irl	3.43
16505	israelis	3.43
16506	juniors	3.43
16507	karaoke	3.43
16508	kemp	3.43
16509	kosovo	3.43
16510	kw	3.43
16511	lagoon	3.43
16512	len	3.43
16513	lesions	3.43
16514	limp	3.43
16515	lingering	3.43
16516	linguistics	3.43
16517	locating	3.43
16518	logically	3.43
16519	lucifer	3.43
16520	lumpur	3.43
16521	lunatic	3.43
16522	lyrical	3.43
16523	m.d	3.43
16524	manifestation	3.43
16525	manitoba	3.43
16526	manufactures	3.43
16527	mastering	3.43
16528	mead	3.43
16529	mergers	3.43
16530	mhz	3.43
16531	migrate	3.43
16532	mildly	3.43
16533	miraculous	3.43
16534	moaning	3.43
16535	mocked	3.43
16536	mos	3.43
16537	mosquitoes	3.43
16538	mourn	3.43
16539	mundane	3.43
16540	narrowed	3.43
16541	nay	3.43
16542	nests	3.43
16543	ngo	3.43
16544	nielsen	3.43
16545	nr	3.43
16546	nutshell	3.43
16547	ob	3.43
16548	obsessive	3.43
16549	offending	3.43
16550	offseason	3.43
16551	oswald	3.43
16552	overboard	3.43
16553	paws	3.43
16554	pendant	3.43
16555	petite	3.43
16556	petitions	3.43
16557	pharma	3.43
16558	pimp	3.43
16559	pipelines	3.43
16560	poised	3.43
16561	pol	3.43
16562	posterior	3.43
16563	pouch	3.43
16564	predicts	3.43
16565	prescriptions	3.43
16566	probes	3.43
16567	proficiency	3.43
16568	progresses	3.43
16569	protestors	3.43
16570	psychotic	3.43
16571	racists	3.43
16572	referees	3.43
16573	reinforcement	3.43
16574	relegation	3.43
16575	repertoire	3.43
16576	repository	3.43
16577	reversing	3.43
16578	rican	3.43
16579	rumble	3.43
16580	sachs	3.43
16581	saloon	3.43
16582	sanction	3.43
16583	sexes	3.43
16584	shack	3.43
16585	sinners	3.43
16586	sire	3.43
16587	slated	3.43
16588	soaking	3.43
16589	stale	3.43
16590	stereotype	3.43
16591	sterile	3.43
16592	stride	3.43
16593	stringent	3.43
16594	sulfur	3.43
16595	sun's	3.43
16596	surfaced	3.43
16597	suzuki	3.43
16598	tacos	3.43
16599	therapists	3.43
16600	torrent	3.43
16601	tp	3.43
16602	trainee	3.43
16603	transmitting	3.43
16604	trey	3.43
16605	tripped	3.43
16606	trough	3.43
16607	trunks	3.43
16608	tummy	3.43
16609	unjust	3.43
16610	upbringing	3.43
16611	uploading	3.43
16612	vaughan	3.43
16613	venezuelan	3.43
16614	vis	3.43
16615	vivian	3.43
16616	vivo	3.43
16617	wager	3.43
16618	walled	3.43
16619	warehouses	3.43
16620	whack	3.43
16621	whoops	3.43
16622	wichita	3.43
16623	wilde	3.43
16624	wilmington	3.43
16625	zambia	3.43
16626	🤣	3.43
16627	2b	3.42
16628	7pm	3.42
16629	9am	3.42
16630	accelerator	3.42
16631	accuses	3.42
16632	acrylic	3.42
16633	ames	3.42
16634	anchorage	3.42
16635	annexation	3.42
16636	approves	3.42
16637	ascent	3.42
16638	assassins	3.42
16639	atkinson	3.42
16640	ballad	3.42
16641	banged	3.42
16642	basel	3.42
16643	beckett	3.42
16644	bel	3.42
16645	betray	3.42
16646	betsy	3.42
16647	bigotry	3.42
16648	biotechnology	3.42
16649	blanc	3.42
16650	bookstore	3.42
16651	boomers	3.42
16652	boone	3.42
16653	bots	3.42
16654	breakers	3.42
16655	broom	3.42
16656	browne	3.42
16657	brute	3.42
16658	buffy	3.42
16659	busiest	3.42
16660	camouflage	3.42
16661	cary	3.42
16662	catalan	3.42
16663	chiefly	3.42
16664	childbirth	3.42
16665	chills	3.42
16666	chung	3.42
16667	collaborating	3.42
16668	compliant	3.42
16669	conservatism	3.42
16670	continuum	3.42
16671	corona	3.42
16672	cosplay	3.42
16673	cowardly	3.42
16674	cpr	3.42
16675	cruises	3.42
16676	css	3.42
16677	cultivate	3.42
16678	curls	3.42
16679	cyril	3.42
16680	dealership	3.42
16681	dearest	3.42
16682	decker	3.42
16683	defy	3.42
16684	della	3.42
16685	denotes	3.42
16686	densely	3.42
16687	derives	3.42
16688	devoid	3.42
16689	dhabi	3.42
16690	diagrams	3.42
16691	dickinson	3.42
16692	disparity	3.42
16693	diva	3.42
16694	divert	3.42
16695	dlc	3.42
16696	drawers	3.42
16697	eater	3.42
16698	eaton	3.42
16699	elegance	3.42
16700	elias	3.42
16701	encrypted	3.42
16702	englishman	3.42
16703	escorts	3.42
16704	exposes	3.42
16705	extraordinarily	3.42
16706	facade	3.42
16707	farmhouse	3.42
16708	fertilizer	3.42
16709	filler	3.42
16710	fishes	3.42
16711	flea	3.42
16712	footwear	3.42
16713	foxes	3.42
16714	fri	3.42
16715	fritz	3.42
16716	froze	3.42
16717	frying	3.42
16718	giovanni	3.42
16719	goodies	3.42
16720	greenland	3.42
16721	handbag	3.42
16722	handicapped	3.42
16723	haze	3.42
16724	headquartered	3.42
16725	helium	3.42
16726	hemp	3.42
16727	hitch	3.42
16728	hoc	3.42
16729	hutchinson	3.42
16730	ike	3.42
16731	incarnation	3.42
16732	inhibitors	3.42
16733	intrusion	3.42
16734	inverse	3.42
16735	inverted	3.42
16736	irritation	3.42
16737	jae	3.42
16738	juices	3.42
16739	julio	3.42
16740	keywords	3.42
16741	lavish	3.42
16742	libyan	3.42
16743	livelihood	3.42
16744	livingston	3.42
16745	mansfield	3.42
16746	marches	3.42
16747	mckenzie	3.42
16748	medic	3.42
16749	merlin	3.42
16750	midland	3.42
16751	miscellaneous	3.42
16752	misguided	3.42
16753	morrow	3.42
16754	motivations	3.42
16755	moto	3.42
16756	mozart	3.42
16757	muster	3.42
16758	mutants	3.42
16759	muted	3.42
16760	n.j	3.42
16761	noodle	3.42
16762	nylon	3.42
16763	override	3.42
16764	ozone	3.42
16765	papua	3.42
16766	paranoia	3.42
16767	paving	3.42
16768	persecuted	3.42
16769	peruvian	3.42
16770	phosphate	3.42
16771	php	3.42
16772	physicist	3.42
16773	piping	3.42
16774	plurality	3.42
16775	prehistoric	3.42
16776	prescott	3.42
16777	prohibits	3.42
16778	pronouns	3.42
16779	proton	3.42
16780	psyche	3.42
16781	quickest	3.42
16782	redesign	3.42
16783	relocated	3.42
16784	reluctance	3.42
16785	rentals	3.42
16786	reopen	3.42
16787	replication	3.42
16788	rigging	3.42
16789	rotor	3.42
16790	sediment	3.42
16791	seeming	3.42
16792	selves	3.42
16793	sneaking	3.42
16794	solitude	3.42
16795	spacing	3.42
16796	standby	3.42
16797	std	3.42
16798	straps	3.42
16799	strikers	3.42
16800	stronghold	3.42
16801	stumble	3.42
16802	suicides	3.42
16803	supermarkets	3.42
16804	talbot	3.42
16805	teacher's	3.42
16806	theorists	3.42
16807	there'll	3.42
16808	therein	3.42
16809	triangular	3.42
16810	tricked	3.42
16811	trooper	3.42
16812	truthful	3.42
16813	turret	3.42
16814	ubiquitous	3.42
16815	unbelievably	3.42
16816	unconventional	3.42
16817	unnecessarily	3.42
16818	unnoticed	3.42
16819	untouched	3.42
16820	v2	3.42
16821	vega	3.42
16822	ver	3.42
16823	vibrations	3.42
16824	vin	3.42
16825	virgil	3.42
16826	visionary	3.42
16827	vitro	3.42
16828	voodoo	3.42
16829	wigan	3.42
16830	wilder	3.42
16831	witchcraft	3.42
16832	withdrawals	3.42
16833	withdrawing	3.42
16834	wrestlers	3.42
16835	yong	3.42
16836	8pm	3.41
16837	abbas	3.41
16838	adultery	3.41
16839	agile	3.41
16840	aides	3.41
16841	anonymously	3.41
16842	aristotle	3.41
16843	artifact	3.41
16844	austerity	3.41
16845	awfully	3.41
16846	axes	3.41
16847	barca	3.41
16848	battered	3.41
16849	beatrice	3.41
16850	beethoven	3.41
16851	biking	3.41
16852	boob	3.41
16853	boosts	3.41
16854	bouquet	3.41
16855	boxers	3.41
16856	browning	3.41
16857	bullock	3.41
16858	cad	3.41
16859	candidacy	3.41
16860	cartridges	3.41
16861	carve	3.41
16862	cherished	3.41
16863	climbs	3.41
16864	clubhouse	3.41
16865	coarse	3.41
16866	collegiate	3.41
16867	commonplace	3.41
16868	compute	3.41
16869	conan	3.41
16870	confidently	3.41
16871	constrained	3.41
16872	contemplate	3.41
16873	converter	3.41
16874	coop	3.41
16875	cooperating	3.41
16876	coronary	3.41
16877	cottages	3.41
16878	council's	3.41
16879	county's	3.41
16880	cps	3.41
16881	crook	3.41
16882	cucumber	3.41
16883	cupcakes	3.41
16884	darts	3.41
16885	david's	3.41
16886	deco	3.41
16887	depict	3.41
16888	desmond	3.41
16889	diagnose	3.41
16890	directorate	3.41
16891	disliked	3.41
16892	diver	3.41
16893	dora	3.41
16894	dormant	3.41
16895	dotted	3.41
16896	drifted	3.41
16897	duffy	3.41
16898	embarrass	3.41
16899	emmanuel	3.41
16900	emulate	3.41
16901	encompasses	3.41
16902	endowed	3.41
16903	enquiry	3.41
16904	evasion	3.41
16905	evergreen	3.41
16906	eviction	3.41
16907	excerpts	3.41
16908	explodes	3.41
16909	explorers	3.41
16910	expulsion	3.41
16911	fades	3.41
16912	fedex	3.41
16913	figs	3.41
16914	filth	3.41
16915	firefox	3.41
16916	floated	3.41
16917	foliage	3.41
16918	foreclosure	3.41
16919	forgets	3.41
16920	fortnight	3.41
16921	fresno	3.41
16922	fs	3.41
16923	funnier	3.41
16924	genie	3.41
16925	georges	3.41
16926	glued	3.41
16927	goo	3.41
16928	goodwin	3.41
16929	hannibal	3.41
16930	heartbroken	3.41
16931	heats	3.41
16932	helper	3.41
16933	hesitant	3.41
16934	hoop	3.41
16935	how'd	3.41
16936	hubby	3.41
16937	humiliated	3.41
16938	hurdle	3.41
16939	hypertension	3.41
16940	immersed	3.41
16941	immortality	3.41
16942	indefinite	3.41
16943	indices	3.41
16944	insightful	3.41
16945	invitations	3.41
16946	io	3.41
16947	ipswich	3.41
16948	irrespective	3.41
16949	island's	3.41
16950	jacks	3.41
16951	jeanne	3.41
16952	kicker	3.41
16953	kyoto	3.41
16954	leaned	3.41
16955	leases	3.41
16956	ledge	3.41
16957	levin	3.41
16958	lgbtq	3.41
16959	lunches	3.41
16960	macbook	3.41
16961	mackay	3.41
16962	madeleine	3.41
16963	maj	3.41
16964	malt	3.41
16965	mandela	3.41
16966	marian	3.41
16967	mayors	3.41
16968	melts	3.41
16969	michaels	3.41
16970	mindfulness	3.41
16971	mined	3.41
16972	mj	3.41
16973	moderator	3.41
16974	momma	3.41
16975	monstrous	3.41
16976	moran	3.41
16977	morphology	3.41
16978	mustache	3.41
16979	nasdaq	3.41
16980	natal	3.41
16981	nodded	3.41
16982	novice	3.41
16983	obituary	3.41
16984	olivier	3.41
16985	ordination	3.41
16986	organization's	3.41
16987	otis	3.41
16988	owls	3.41
16989	parity	3.41
16990	paterson	3.41
16991	percentages	3.41
16992	persuasive	3.41
16993	pests	3.41
16994	pew	3.41
16995	philips	3.41
16996	piled	3.41
16997	poking	3.41
16998	populous	3.41
16999	postwar	3.41
17000	presided	3.41
17001	prevailed	3.41
17002	proactive	3.41
17003	prob	3.41
17004	projector	3.41
17005	prominently	3.41
17006	prudent	3.41
17007	qualifier	3.41
17008	quincy	3.41
17009	radios	3.41
17010	ratified	3.41
17011	realising	3.41
17012	refining	3.41
17013	regretted	3.41
17014	reliant	3.41
17015	reputable	3.41
17016	revolver	3.41
17017	revolving	3.41
17018	ricardo	3.41
17019	rink	3.41
17020	ripple	3.41
17021	robbers	3.41
17022	routledge	3.41
17023	salts	3.41
17024	sampled	3.41
17025	scrolls	3.41
17026	seeker	3.41
17027	sentinel	3.41
17028	signalling	3.41
17029	sirens	3.41
17030	slovenia	3.41
17031	solemn	3.41
17032	spacex	3.41
17033	spacious	3.41
17034	spheres	3.41
17035	spraying	3.41
17036	sprung	3.41
17037	stacey	3.41
17038	starr	3.41
17039	substantive	3.41
17040	substitution	3.41
17041	sugars	3.41
17042	sweetest	3.41
17043	taxing	3.41
17044	tobago	3.41
17045	torah	3.41
17046	torso	3.41
17047	transcripts	3.41
17048	tremendously	3.41
17049	trojan	3.41
17050	tumble	3.41
17051	unleash	3.41
17052	unpublished	3.41
17053	untrue	3.41
17054	verbally	3.41
17055	vitality	3.41
17056	wc	3.41
17057	weeping	3.41
17058	whispering	3.41
17059	windshield	3.41
17060	wolfe	3.41
17061	zodiac	3.41
17062	3a	3.4
17063	3g	3.4
17064	9pm	3.4
17065	abandonment	3.4
17066	abyss	3.4
17067	accession	3.4
17068	acquaintances	3.4
17069	alvarez	3.4
17070	alvin	3.4
17071	amateurs	3.4
17072	amir	3.4
17073	anders	3.4
17074	archived	3.4
17075	arithmetic	3.4
17076	arson	3.4
17077	astronomers	3.4
17078	auditions	3.4
17079	authoritative	3.4
17080	awarding	3.4
17081	barren	3.4
17082	basal	3.4
17083	batsman	3.4
17084	bedding	3.4
17085	bender	3.4
17086	bethlehem	3.4
17087	bicycles	3.4
17088	boi	3.4
17089	bourgeois	3.4
17090	braking	3.4
17091	bribery	3.4
17092	brunette	3.4
17093	bureaucratic	3.4
17094	buzzer	3.4
17095	cactus	3.4
17096	carlson	3.4
17097	cassette	3.4
17098	chants	3.4
17099	characterised	3.4
17100	childcare	3.4
17101	chocolates	3.4
17102	chronological	3.4
17103	cleavage	3.4
17104	clones	3.4
17105	cohort	3.4
17106	commandments	3.4
17107	conceive	3.4
17108	condensed	3.4
17109	contemporaries	3.4
17110	controversies	3.4
17111	convened	3.4
17112	conveyed	3.4
17113	crabs	3.4
17114	cuddle	3.4
17115	culprit	3.4
17116	darius	3.4
17117	daunting	3.4
17118	demos	3.4
17119	deviation	3.4
17120	diffusion	3.4
17121	dildo	3.4
17122	distrust	3.4
17123	dominates	3.4
17124	echoed	3.4
17125	elbows	3.4
17126	ellison	3.4
17127	elves	3.4
17128	embark	3.4
17129	empires	3.4
17130	entrepreneurial	3.4
17131	ether	3.4
17132	etiquette	3.4
17133	exhibiting	3.4
17134	extravagant	3.4
17135	familiarity	3.4
17136	felipe	3.4
17137	fender	3.4
17138	feng	3.4
17139	ferris	3.4
17140	fetal	3.4
17141	fiance	3.4
17142	finer	3.4
17143	fittings	3.4
17144	flushing	3.4
17145	fn	3.4
17146	freeing	3.4
17147	fused	3.4
17148	goa	3.4
17149	gorge	3.4
17150	greenwood	3.4
17151	groves	3.4
17152	gu	3.4
17153	gutted	3.4
17154	harp	3.4
17155	hartley	3.4
17156	heartfelt	3.4
17157	hinted	3.4
17158	hoodie	3.4
17159	housewife	3.4
17160	housewives	3.4
17161	hubs	3.4
17162	hypocrite	3.4
17163	incorporation	3.4
17164	insure	3.4
17165	joyful	3.4
17166	judah	3.4
17167	kabul	3.4
17168	kelley	3.4
17169	kickoff	3.4
17170	kimberly	3.4
17171	lacrosse	3.4
17172	lars	3.4
17173	latex	3.4
17174	leftover	3.4
17175	legalization	3.4
17176	lf	3.4
17177	localized	3.4
17178	lori	3.4
17179	malibu	3.4
17180	mammoth	3.4
17181	martyrs	3.4
17182	marvellous	3.4
17183	matchup	3.4
17184	meh	3.4
17185	merkel	3.4
17186	modem	3.4
17187	mosques	3.4
17188	motif	3.4
17189	necks	3.4
17190	newcomer	3.4
17191	nic	3.4
17192	nobles	3.4
17193	oats	3.4
17194	ominous	3.4
17195	openness	3.4
17196	optimized	3.4
17197	overheard	3.4
17198	oversized	3.4
17199	pak	3.4
17200	pandora	3.4
17201	panicked	3.4
17202	paolo	3.4
17203	papal	3.4
17204	patton	3.4
17205	pepe	3.4
17206	peril	3.4
17207	pk	3.4
17208	playable	3.4
17209	plunged	3.4
17210	polly	3.4
17211	pores	3.4
17212	posh	3.4
17213	practising	3.4
17214	precaution	3.4
17215	principally	3.4
17216	professionalism	3.4
17217	puppets	3.4
17218	pv	3.4
17219	rampage	3.4
17220	reassuring	3.4
17221	rebirth	3.4
17222	recharge	3.4
17223	rehearsals	3.4
17224	reliably	3.4
17225	renovations	3.4
17226	reservoirs	3.4
17227	retina	3.4
17228	revolves	3.4
17229	riff	3.4
17230	rosen	3.4
17231	rossi	3.4
17232	rr	3.4
17233	rutgers	3.4
17234	sahara	3.4
17235	scattering	3.4
17236	scrape	3.4
17237	scripted	3.4
17238	semantic	3.4
17239	shear	3.4
17240	shedding	3.4
17241	sherry	3.4
17242	shitting	3.4
17243	silicone	3.4
17244	skepticism	3.4
17245	slovakia	3.4
17246	sly	3.4
17247	smiley	3.4
17248	smithsonian	3.4
17249	snoop	3.4
17250	sponsoring	3.4
17251	stables	3.4
17252	startling	3.4
17253	strands	3.4
17254	strife	3.4
17255	stylist	3.4
17256	sunday's	3.4
17257	superheroes	3.4
17258	tattooed	3.4
17259	tenor	3.4
17260	thrift	3.4
17261	toured	3.4
17262	transformations	3.4
17263	traverse	3.4
17264	turnaround	3.4
17265	uterus	3.4
17266	validate	3.4
17267	vid	3.4
17268	vocalist	3.4
17269	vw	3.4
17270	warranted	3.4
17271	weakening	3.4
17272	westbrook	3.4
17273	wildcats	3.4
17274	wipes	3.4
17275	womens	3.4
17276	wrists	3.4
17277	xvi	3.4
17278	yielding	3.4
17279	zebra	3.4
17280	zionist	3.4
17281	α	3.4
17282	a.d	3.39
17283	abrams	3.39
17284	aces	3.39
17285	aft	3.39
17286	albion	3.39
17287	anesthesia	3.39
17288	anonymity	3.39
17289	anticipating	3.39
17290	antoine	3.39
17291	appropriation	3.39
17292	aria	3.39
17293	articulated	3.39
17294	assassinated	3.39
17295	babes	3.39
17296	bandits	3.39
17297	banished	3.39
17298	barefoot	3.39
17299	barrage	3.39
17300	bartlett	3.39
17301	beauties	3.39
17302	bestowed	3.39
17303	bethesda	3.39
17304	blackpool	3.39
17305	bordering	3.39
17306	bournemouth	3.39
17307	brilliance	3.39
17308	britney	3.39
17309	broth	3.39
17310	bruised	3.39
17311	buns	3.39
17312	burnley	3.39
17313	cabins	3.39
17314	campaigned	3.39
17315	centenary	3.39
17316	ceos	3.39
17317	checkpoint	3.39
17318	chloride	3.39
17319	classify	3.39
17320	clinically	3.39
17321	cocky	3.39
17322	coefficient	3.39
17323	coined	3.39
17324	collapsing	3.39
17325	collisions	3.39
17326	condemning	3.39
17327	conditioner	3.39
17328	conductors	3.39
17329	cones	3.39
17330	conglomerate	3.39
17331	consultations	3.39
17332	conversions	3.39
17333	cornerstone	3.39
17334	correctness	3.39
17335	counterfeit	3.39
17336	damian	3.39
17337	dazzling	3.39
17338	dea	3.39
17339	deacon	3.39
17340	debuts	3.39
17341	deceived	3.39
17342	delaying	3.39
17343	dentistry	3.39
17344	desks	3.39
17345	detainees	3.39
17346	dictated	3.39
17347	dino	3.39
17348	disks	3.39
17349	dismissing	3.39
17350	dortmund	3.39
17351	edgy	3.39
17352	eff	3.39
17353	elevators	3.39
17354	elton	3.39
17355	encore	3.39
17356	engages	3.39
17357	enormously	3.39
17358	epstein	3.39
17359	err	3.39
17360	erupted	3.39
17361	espresso	3.39
17362	evade	3.39
17363	fab	3.39
17364	fairs	3.39
17365	freaky	3.39
17366	freshmen	3.39
17367	futile	3.39
17368	genera	3.39
17369	germs	3.39
17370	glacial	3.39
17371	glands	3.39
17372	gloomy	3.39
17373	graceful	3.39
17374	grievances	3.39
17375	gritty	3.39
17376	hanoi	3.39
17377	hayley	3.39
17378	heartbreak	3.39
17379	heist	3.39
17380	heterosexual	3.39
17381	hewitt	3.39
17382	hinder	3.39
17383	hobbit	3.39
17384	horseback	3.39
17385	hospice	3.39
17386	hotline	3.39
17387	huang	3.39
17388	inhibition	3.39
17389	integer	3.39
17390	interdisciplinary	3.39
17391	intermittent	3.39
17392	intimidation	3.39
17393	islamist	3.39
17394	italia	3.39
17395	iteration	3.39
17396	j.d	3.39
17397	joys	3.39
17398	kitchens	3.39
17399	kremlin	3.39
17400	langley	3.39
17401	liners	3.39
17402	liv	3.39
17403	lv	3.39
17404	m3	3.39
17405	madagascar	3.39
17406	magnum	3.39
17407	malay	3.39
17408	mandates	3.39
17409	martian	3.39
17410	mashed	3.39
17411	maxim	3.39
17412	mcdonalds	3.39
17413	mei	3.39
17414	melancholy	3.39
17415	meteorological	3.39
17416	milf	3.39
17417	misplaced	3.39
17418	misty	3.39
17419	modifying	3.39
17420	moines	3.39
17421	monsieur	3.39
17422	mop	3.39
17423	multicultural	3.39
17424	nearing	3.39
17425	negatives	3.39
17426	negligible	3.39
17427	nesting	3.39
17428	nudity	3.39
17429	obligatory	3.39
17430	oceanic	3.39
17431	od	3.39
17432	oooh	3.39
17433	ornaments	3.39
17434	outpost	3.39
17435	outputs	3.39
17436	overflow	3.39
17437	oxidation	3.39
17438	panorama	3.39
17439	pascal	3.39
17440	peep	3.39
17441	pencils	3.39
17442	pervasive	3.39
17443	pickle	3.39
17444	pinky	3.39
17445	playwright	3.39
17446	pledges	3.39
17447	predatory	3.39
17448	preface	3.39
17449	prescribe	3.39
17450	punitive	3.39
17451	quits	3.39
17452	rainforest	3.39
17453	raphael	3.39
17454	reborn	3.39
17455	reddish	3.39
17456	refurbished	3.39
17457	region's	3.39
17458	repercussions	3.39
17459	reprint	3.39
17460	restroom	3.39
17461	rhythmic	3.39
17462	robber	3.39
17463	robes	3.39
17464	rockies	3.39
17465	roi	3.39
17466	roommates	3.39
17467	roulette	3.39
17468	rounding	3.39
17469	rowing	3.39
17470	rulings	3.39
17471	rumored	3.39
17472	rupees	3.39
17473	sam's	3.39
17474	samoa	3.39
17475	samson	3.39
17476	satin	3.39
17477	scatter	3.39
17478	scramble	3.39
17479	scraps	3.39
17480	segregated	3.39
17481	semantics	3.39
17482	settles	3.39
17483	shameless	3.39
17484	sharif	3.39
17485	showtime	3.39
17486	silenced	3.39
17487	sinner	3.39
17488	skeletal	3.39
17489	skeletons	3.39
17490	skulls	3.39
17491	slows	3.39
17492	snapshot	3.39
17493	soar	3.39
17494	something's	3.39
17495	spherical	3.39
17496	spotting	3.39
17497	sprinkle	3.39
17498	spruce	3.39
17499	squared	3.39
17500	squirrels	3.39
17501	stacy	3.39
17502	stamina	3.39
17503	standalone	3.39
17504	stimuli	3.39
17505	subconscious	3.39
17506	thinker	3.39
17507	tonic	3.39
17508	tossing	3.39
17509	troublesome	3.39
17510	tumour	3.39
17511	twain	3.39
17512	uncertainties	3.39
17513	underestimated	3.39
17514	utopia	3.39
17515	vanish	3.39
17516	vigorously	3.39
17517	visibly	3.39
17518	vowed	3.39
17519	vpn	3.39
17520	waterways	3.39
17521	wetlands	3.39
17522	whitman	3.39
17523	wrecking	3.39
17524	xiv	3.39
17525	👏	3.39
17526	3s	3.38
17527	4pm	3.38
17528	abigail	3.38
17529	abrupt	3.38
17530	acronym	3.38
17531	adaptations	3.38
17532	adversity	3.38
17533	advertiser	3.38
17534	affidavit	3.38
17535	amc	3.38
17536	antics	3.38
17537	antony	3.38
17538	ao	3.38
17539	appreciates	3.38
17540	area's	3.38
17541	artworks	3.38
17542	asserts	3.38
17543	astrology	3.38
17544	attachments	3.38
17545	authorize	3.38
17546	bank's	3.38
17547	baroness	3.38
17548	barrow	3.38
17549	begs	3.38
17550	bengals	3.38
17551	binds	3.38
17552	biographical	3.38
17553	biomass	3.38
17554	bitcoins	3.38
17555	blanche	3.38
17556	blm	3.38
17557	blouse	3.38
17558	bodyguard	3.38
17559	borrowers	3.38
17560	botany	3.38
17561	bras	3.38
17562	bulldog	3.38
17563	caterpillar	3.38
17564	censored	3.38
17565	chatter	3.38
17566	cheered	3.38
17567	chops	3.38
17568	cleric	3.38
17569	cn	3.38
17570	colbert	3.38
17571	comedic	3.38
17572	compile	3.38
17573	compressor	3.38
17574	compton	3.38
17575	conferred	3.38
17576	conn	3.38
17577	constantinople	3.38
17578	contrasts	3.38
17579	cooke	3.38
17580	cougar	3.38
17581	creeps	3.38
17582	cutler	3.38
17583	czechoslovakia	3.38
17584	deadlines	3.38
17585	deceive	3.38
17586	defamation	3.38
17587	denny	3.38
17588	department's	3.38
17589	det	3.38
17590	digs	3.38
17591	diminishing	3.38
17592	directional	3.38
17593	disagreements	3.38
17594	disciple	3.38
17595	ditto	3.38
17596	divergent	3.38
17597	doctorate	3.38
17598	doncaster	3.38
17599	donnie	3.38
17600	downright	3.38
17601	dues	3.38
17602	dumbest	3.38
17603	dwellings	3.38
17604	electrode	3.38
17605	elemental	3.38
17606	elevate	3.38
17607	eliminates	3.38
17608	encoding	3.38
17609	excludes	3.38
17610	exemplary	3.38
17611	exited	3.38
17612	expansive	3.38
17613	fife	3.38
17614	firm's	3.38
17615	flakes	3.38
17616	flavours	3.38
17617	geez	3.38
17618	gemini	3.38
17619	gifs	3.38
17620	gland	3.38
17621	gotcha	3.38
17622	gst	3.38
17623	guerrilla	3.38
17624	gutter	3.38
17625	hearty	3.38
17626	highschool	3.38
17627	hillside	3.38
17628	hitler's	3.38
17629	hms	3.38
17630	hodges	3.38
17631	hoo	3.38
17632	hovering	3.38
17633	ht	3.38
17634	hun	3.38
17635	hysteria	3.38
17636	impartial	3.38
17637	imperialism	3.38
17638	imprint	3.38
17639	incremental	3.38
17640	independents	3.38
17641	infancy	3.38
17642	infused	3.38
17643	inhibitor	3.38
17644	initiating	3.38
17645	injuring	3.38
17646	inquire	3.38
17647	inscribed	3.38
17648	insulated	3.38
17649	jang	3.38
17650	jogging	3.38
17651	jumbo	3.38
17652	kale	3.38
17653	katz	3.38
17654	keyboards	3.38
17655	kraft	3.38
17656	landowners	3.38
17657	lash	3.38
17658	latina	3.38
17659	lee's	3.38
17660	leftovers	3.38
17661	louie	3.38
17662	lte	3.38
17663	luca	3.38
17664	m.a	3.38
17665	madras	3.38
17666	magnets	3.38
17667	manageable	3.38
17668	manslaughter	3.38
17669	manuals	3.38
17670	marianne	3.38
17671	martin's	3.38
17672	mecca	3.38
17673	meridian	3.38
17674	midi	3.38
17675	mikhail	3.38
17676	mir	3.38
17677	misdemeanor	3.38
17678	misfortune	3.38
17679	mondays	3.38
17680	moons	3.38
17681	mountainous	3.38
17682	ndp	3.38
17683	nearer	3.38
17684	newfoundland	3.38
17685	obnoxious	3.38
17686	olsen	3.38
17687	orphanage	3.38
17688	overseeing	3.38
17689	paused	3.38
17690	penned	3.38
17691	perpetrators	3.38
17692	phoebe	3.38
17693	pilgrim	3.38
17694	plainly	3.38
17695	positives	3.38
17696	punishments	3.38
17697	purdue	3.38
17698	qualifies	3.38
17699	rake	3.38
17700	recalling	3.38
17701	resent	3.38
17702	retreated	3.38
17703	retribution	3.38
17704	revolutions	3.38
17705	rhetorical	3.38
17706	rightful	3.38
17707	robbing	3.38
17708	royale	3.38
17709	rumour	3.38
17710	safeguards	3.38
17711	savages	3.38
17712	sbs	3.38
17713	semen	3.38
17714	senegal	3.38
17715	sequencing	3.38
17716	shapiro	3.38
17717	shea	3.38
17718	shorten	3.38
17719	sighs	3.38
17720	sixteenth	3.38
17721	slime	3.38
17722	sow	3.38
17723	sparkle	3.38
17724	spawn	3.38
17725	sql	3.38
17726	successors	3.38
17727	suffrage	3.38
17728	superiors	3.38
17729	surrogate	3.38
17730	synopsis	3.38
17731	tainted	3.38
17732	tanya	3.38
17733	ticks	3.38
17734	toddlers	3.38
17735	tomas	3.38
17736	toothbrush	3.38
17737	towed	3.38
17738	trapping	3.38
17739	treatise	3.38
17740	tristan	3.38
17741	uphill	3.38
17742	upton	3.38
17743	validated	3.38
17744	variability	3.38
17745	waltz	3.38
17746	wooded	3.38
17747	workings	3.38
17748	zac	3.38
17749	zhou	3.38
17750	acl	3.37
17751	adhesive	3.37
17752	adolf	3.37
17753	adorned	3.37
17754	affluent	3.37
17755	als	3.37
17756	ambiguity	3.37
17757	anguish	3.37
17758	annals	3.37
17759	antitrust	3.37
17760	apologizing	3.37
17761	archaeologists	3.37
17762	arid	3.37
17763	avg	3.37
17764	bandit	3.37
17765	barrister	3.37
17766	bazaar	3.37
17767	beneficiary	3.37
17768	beyoncé	3.37
17769	bianca	3.37
17770	biker	3.37
17771	bipartisan	3.37
17772	birthplace	3.37
17773	bl	3.37
17774	bono	3.37
17775	bracelets	3.37
17776	brides	3.37
17777	brochure	3.37
17778	brokerage	3.37
17779	buildup	3.37
17780	butch	3.37
17781	canucks	3.37
17782	carly	3.37
17783	carpets	3.37
17784	carriages	3.37
17785	catholicism	3.37
17786	cgi	3.37
17787	chained	3.37
17788	chats	3.37
17789	cheng	3.37
17790	ching	3.37
17791	chopping	3.37
17792	cigars	3.37
17793	civilisation	3.37
17794	closures	3.37
17795	coasts	3.37
17796	cobalt	3.37
17797	collaborated	3.37
17798	collapses	3.37
17799	collier	3.37
17800	colossal	3.37
17801	comm	3.37
17802	commodore	3.37
17803	compiler	3.37
17804	conserve	3.37
17805	constellation	3.37
17806	contour	3.37
17807	crispy	3.37
17808	cropped	3.37
17809	crore	3.37
17810	crowley	3.37
17811	curfew	3.37
17812	d2	3.37
17813	daytona	3.37
17814	decidedly	3.37
17815	delusion	3.37
17816	demi	3.37
17817	depreciation	3.37
17818	designate	3.37
17819	dh	3.37
17820	discard	3.37
17821	discontent	3.37
17822	div	3.37
17823	dixie	3.37
17824	dopamine	3.37
17825	douche	3.37
17826	dunes	3.37
17827	dyke	3.37
17828	echoing	3.37
17829	eclectic	3.37
17830	ecstatic	3.37
17831	ejected	3.37
17832	endemic	3.37
17833	enlist	3.37
17834	entails	3.37
17835	envisioned	3.37
17836	eta	3.37
17837	exchanging	3.37
17838	exiled	3.37
17839	eyebrow	3.37
17840	fascists	3.37
17841	firefighter	3.37
17842	flashbacks	3.37
17843	fluorescent	3.37
17844	francois	3.37
17845	freakin	3.37
17846	friday's	3.37
17847	fulham	3.37
17848	futuristic	3.37
17849	gearing	3.37
17850	hallmark	3.37
17851	hanover	3.37
17852	harrington	3.37
17853	haste	3.37
17854	hauling	3.37
17855	heathrow	3.37
17856	hybrids	3.37
17857	hyun	3.37
17858	identifiable	3.37
17859	igor	3.37
17860	illiterate	3.37
17861	immaculate	3.37
17862	improvised	3.37
17863	inclination	3.37
17864	infested	3.37
17865	insurgents	3.37
17866	interpersonal	3.37
17867	interracial	3.37
17868	intruder	3.37
17869	inward	3.37
17870	ipo	3.37
17871	itching	3.37
17872	jai	3.37
17873	jarvis	3.37
17874	jenner	3.37
17875	johann	3.37
17876	jolie	3.37
17877	judas	3.37
17878	judd	3.37
17879	kan	3.37
17880	kaplan	3.37
17881	kinky	3.37
17882	korea's	3.37
17883	landings	3.37
17884	launcher	3.37
17885	ld	3.37
17886	legality	3.37
17887	lenny	3.37
17888	lessen	3.37
17889	lifespan	3.37
17890	longitudinal	3.37
17891	loosen	3.37
17892	ly	3.37
17893	macedonia	3.37
17894	mandy	3.37
17895	masculinity	3.37
17896	matured	3.37
17897	mcgee	3.37
17898	mcgraw	3.37
17899	microscopic	3.37
17900	midday	3.37
17901	moan	3.37
17902	moods	3.37
17903	morphine	3.37
17904	motherhood	3.37
17905	motorola	3.37
17906	murderous	3.37
17907	n.c	3.37
17908	nb	3.37
17909	nirvana	3.37
17910	nonstop	3.37
17911	notoriously	3.37
17912	nrl	3.37
17913	oatmeal	3.37
17914	opaque	3.37
17915	ordnance	3.37
17916	originate	3.37
17917	otter	3.37
17918	parting	3.37
17919	pelvic	3.37
17920	percussion	3.37
17921	pigment	3.37
17922	plato	3.37
17923	populist	3.37
17924	porous	3.37
17925	preached	3.37
17926	predictive	3.37
17927	proofs	3.37
17928	pulses	3.37
17929	racially	3.37
17930	racks	3.37
17931	refunds	3.37
17932	registrar	3.37
17933	regulars	3.37
17934	rein	3.37
17935	relic	3.37
17936	retard	3.37
17937	reunite	3.37
17938	reuse	3.37
17939	reyes	3.37
17940	risked	3.37
17941	ritchie	3.37
17942	rl	3.37
17943	roadway	3.37
17944	rollins	3.37
17945	rustic	3.37
17946	rutherford	3.37
17947	s1	3.37
17948	sanitary	3.37
17949	sao	3.37
17950	saturation	3.37
17951	scams	3.37
17952	scarcity	3.37
17953	scorpion	3.37
17954	scott's	3.37
17955	setback	3.37
17956	shaming	3.37
17957	shrubs	3.37
17958	sizable	3.37
17959	slippers	3.37
17960	smoker	3.37
17961	soho	3.37
17962	spartan	3.37
17963	speculated	3.37
17964	spilling	3.37
17965	squeezing	3.37
17966	stalled	3.37
17967	stimulated	3.37
17968	straits	3.37
17969	stun	3.37
17970	subdued	3.37
17971	surpass	3.37
17972	swapped	3.37
17973	tack	3.37
17974	tagging	3.37
17975	tart	3.37
17976	throats	3.37
17977	ting	3.37
17978	tiring	3.37
17979	toothpaste	3.37
17980	totaled	3.37
17981	transformer	3.37
17982	transient	3.37
17983	triumphant	3.37
17984	umpire	3.37
17985	unborn	3.37
17986	undisclosed	3.37
17987	undone	3.37
17988	unheard	3.37
17989	vending	3.37
17990	vicar	3.37
17991	wallets	3.37
17992	weep	3.37
17993	welch	3.37
17994	woes	3.37
17995	woken	3.37
17996	wrench	3.37
17997	wretched	3.37
17998	www	3.37
17999	x2	3.37
18000	1s	3.36
18001	3pm	3.36
18002	adler	3.36
18003	adolescence	3.36
18004	affirmed	3.36
18005	afterlife	3.36
18006	allowances	3.36
18007	ammonia	3.36
18008	analogous	3.36
18009	anarchist	3.36
18010	anecdotes	3.36
18011	anglican	3.36
18012	animations	3.36
18013	ankara	3.36
18014	appropriations	3.36
18015	apron	3.36
18016	archaic	3.36
18017	assange	3.36
18018	assaulting	3.36
18019	attribution	3.36
18020	avant	3.36
18021	baffled	3.36
18022	baird	3.36
18023	barlow	3.36
18024	benton	3.36
18025	biochemistry	3.36
18026	bm	3.36
18027	boise	3.36
18028	bop	3.36
18029	bordeaux	3.36
18030	breached	3.36
18031	burr	3.36
18032	carbs	3.36
18033	cavaliers	3.36
18034	censor	3.36
18035	centennial	3.36
18036	cheney	3.36
18037	cher	3.36
18038	civilizations	3.36
18039	clapping	3.36
18040	clinging	3.36
18041	clover	3.36
18042	cms	3.36
18043	coatings	3.36
18044	coils	3.36
18045	colonization	3.36
18046	connolly	3.36
18047	cookbook	3.36
18048	corinthians	3.36
18049	cosmopolitan	3.36
18050	counselors	3.36
18051	coyote	3.36
18052	crippling	3.36
18053	cristina	3.36
18054	cromwell	3.36
18055	cy	3.36
18056	decorate	3.36
18057	decorating	3.36
18058	deductible	3.36
18059	diagonal	3.36
18060	discredit	3.36
18061	dodd	3.36
18062	dresser	3.36
18063	duff	3.36
18064	dysfunctional	3.36
18065	ebooks	3.36
18066	elm	3.36
18067	emphasizing	3.36
18068	ems	3.36
18069	enquiries	3.36
18070	equitable	3.36
18071	estrogen	3.36
18072	etsy	3.36
18073	exert	3.36
18074	expeditions	3.36
18075	faculties	3.36
18076	felicity	3.36
18077	fernandez	3.36
18078	feudal	3.36
18079	fins	3.36
18080	flattened	3.36
18081	fleece	3.36
18082	fodder	3.36
18083	forwarded	3.36
18084	fumble	3.36
18085	galloway	3.36
18086	giggles	3.36
18087	git	3.36
18088	glare	3.36
18089	godzilla	3.36
18090	gourmet	3.36
18091	gripping	3.36
18092	handheld	3.36
18093	handshake	3.36
18094	harming	3.36
18095	hayward	3.36
18096	hefty	3.36
18097	helsinki	3.36
18098	herbal	3.36
18099	herrera	3.36
18100	hippie	3.36
18101	hops	3.36
18102	horton	3.36
18103	hump	3.36
18104	idiotic	3.36
18105	ids	3.36
18106	implements	3.36
18107	incarceration	3.36
18108	incest	3.36
18109	infect	3.36
18110	insertion	3.36
18111	interruption	3.36
18112	intrigue	3.36
18113	itch	3.36
18114	jacqueline	3.36
18115	jc	3.36
18116	joaquin	3.36
18117	kurds	3.36
18118	lattice	3.36
18119	leaps	3.36
18120	legitimately	3.36
18121	lends	3.36
18122	leroy	3.36
18123	linebacker	3.36
18124	lockheed	3.36
18125	lowers	3.36
18126	luke's	3.36
18127	m000	3.36
18128	m1	3.36
18129	magically	3.36
18130	marketers	3.36
18131	mastermind	3.36
18132	materially	3.36
18133	metadata	3.36
18134	middlesex	3.36
18135	minister's	3.36
18136	mischief	3.36
18137	modernization	3.36
18138	mums	3.36
18139	necessities	3.36
18140	neptune	3.36
18141	nerds	3.36
18142	nero	3.36
18143	noticeably	3.36
18144	occupancy	3.36
18145	oman	3.36
18146	oncology	3.36
18147	opposes	3.36
18148	outsourcing	3.36
18149	overrun	3.36
18150	parcels	3.36
18151	pasture	3.36
18152	pathological	3.36
18153	payload	3.36
18154	payout	3.36
18155	pelosi	3.36
18156	persia	3.36
18157	pertinent	3.36
18158	pigeons	3.36
18159	plentiful	3.36
18160	plumber	3.36
18161	png	3.36
18162	porno	3.36
18163	portfolios	3.36
18164	preserves	3.36
18165	promoters	3.36
18166	prosecuting	3.36
18167	purchaser	3.36
18168	rahul	3.36
18169	rapes	3.36
18170	rarity	3.36
18171	realty	3.36
18172	rebellious	3.36
18173	reefs	3.36
18174	referencing	3.36
18175	reminders	3.36
18176	repealed	3.36
18177	reptiles	3.36
18178	revisit	3.36
18179	ribbons	3.36
18180	santo	3.36
18181	satirical	3.36
18182	saturday's	3.36
18183	screenings	3.36
18184	sensual	3.36
18185	sixties	3.36
18186	slapping	3.36
18187	slump	3.36
18188	soften	3.36
18189	sos	3.36
18190	souvenir	3.36
18191	spaceship	3.36
18192	spaniards	3.36
18193	sparse	3.36
18194	spinner	3.36
18195	steamer	3.36
18196	subsidized	3.36
18197	suction	3.36
18198	sunflower	3.36
18199	supplementary	3.36
18200	surveyor	3.36
18201	swallowing	3.36
18202	tailed	3.36
18203	temperament	3.36
18204	thirteenth	3.36
18205	topless	3.36
18206	torment	3.36
18207	tyrant	3.36
18208	unattractive	3.36
18209	unbeaten	3.36
18210	understatement	3.36
18211	undesirable	3.36
18212	unfairly	3.36
18213	unification	3.36
18214	vineyards	3.36
18215	wastes	3.36
18216	wastewater	3.36
18217	wb	3.36
18218	weaponry	3.36
18219	webpage	3.36
18220	wheeled	3.36
18221	whipping	3.36
18222	widows	3.36
18223	wildfire	3.36
18224	withheld	3.36
18225	withholding	3.36
18226	wreath	3.36
18227	wt	3.36
18228	yer	3.36
18229	♦	3.36
18230	administrations	3.35
18231	afar	3.35
18232	affectionate	3.35
18233	afp	3.35
18234	agitated	3.35
18235	akron	3.35
18236	albania	3.35
18237	angie	3.35
18238	annuity	3.35
18239	appliance	3.35
18240	aroused	3.35
18241	asserting	3.35
18242	astros	3.35
18243	authentication	3.35
18244	awaken	3.35
18245	azure	3.35
18246	bedside	3.35
18247	berger	3.35
18248	besieged	3.35
18249	biologist	3.35
18250	blowjob	3.35
18251	bn	3.35
18252	boilers	3.35
18253	bois	3.35
18254	bonnet	3.35
18255	bourne	3.35
18256	braun	3.35
18257	breaches	3.35
18258	breeder	3.35
18259	burying	3.35
18260	byzantine	3.35
18261	cadet	3.35
18262	calming	3.35
18263	casing	3.35
18264	cat's	3.35
18265	catalonia	3.35
18266	catfish	3.35
18267	caucasus	3.35
18268	chicago's	3.35
18269	clerical	3.35
18270	coincided	3.35
18271	collage	3.35
18272	colonists	3.35
18273	complimentary	3.35
18274	compounded	3.35
18275	computation	3.35
18276	conjecture	3.35
18277	conspicuous	3.35
18278	constantine	3.35
18279	continual	3.35
18280	contradict	3.35
18281	cords	3.35
18282	crackdown	3.35
18283	craze	3.35
18284	crusaders	3.35
18285	cupcake	3.35
18286	cvs	3.35
18287	cybersecurity	3.35
18288	davenport	3.35
18289	degrading	3.35
18290	deli	3.35
18291	deteriorated	3.35
18292	distinguishing	3.35
18293	dreaded	3.35
18294	dui	3.35
18295	dumps	3.35
18296	dwayne	3.35
18297	dyer	3.35
18298	elongated	3.35
18299	embraces	3.35
18300	enamel	3.35
18301	encompassing	3.35
18302	escalate	3.35
18303	evicted	3.35
18304	evils	3.35
18305	exceedingly	3.35
18306	excessively	3.35
18307	faked	3.35
18308	farmland	3.35
18309	fetched	3.35
18310	fiercely	3.35
18311	flashed	3.35
18312	fostering	3.35
18313	fourteenth	3.35
18314	fps	3.35
18315	france's	3.35
18316	frontline	3.35
18317	geese	3.35
18318	genealogy	3.35
18319	geographically	3.35
18320	gibraltar	3.35
18321	giggle	3.35
18322	goggles	3.35
18323	golfer	3.35
18324	grammatical	3.35
18325	graphite	3.35
18326	grimm	3.35
18327	gupta	3.35
18328	haitian	3.35
18329	handgun	3.35
18330	hara	3.35
18331	harry's	3.35
18332	heaviest	3.35
18333	hella	3.35
18334	heresy	3.35
18335	herpes	3.35
18336	hipster	3.35
18337	hispanics	3.35
18338	hostess	3.35
18339	hud	3.35
18340	hunts	3.35
18341	iceberg	3.35
18342	ideologies	3.35
18343	ignite	3.35
18344	illumination	3.35
18345	impoverished	3.35
18346	improperly	3.35
18347	ingenious	3.35
18348	inquisition	3.35
18349	interns	3.35
18350	intervened	3.35
18351	ist	3.35
18352	jab	3.35
18353	janice	3.35
18354	landfill	3.35
18355	larson	3.35
18356	learner	3.35
18357	lighten	3.35
18358	lmfao	3.35
18359	lowry	3.35
18360	maldives	3.35
18361	maroon	3.35
18362	marriott	3.35
18363	marxism	3.35
18364	masonry	3.35
18365	maui	3.35
18366	mclaughlin	3.35
18367	mechanically	3.35
18368	mikey	3.35
18369	millionaires	3.35
18370	mina	3.35
18371	moor	3.35
18372	moreno	3.35
18373	muffin	3.35
18374	nadal	3.35
18375	nigger	3.35
18376	nih	3.35
18377	novak	3.35
18378	o'donnell	3.35
18379	obi	3.35
18380	oily	3.35
18381	olives	3.35
18382	ostensibly	3.35
18383	outbreaks	3.35
18384	outnumbered	3.35
18385	outspoken	3.35
18386	pacing	3.35
18387	palate	3.35
18388	pancake	3.35
18389	parkway	3.35
18390	patrick's	3.35
18391	pedestal	3.35
18392	pedigree	3.35
18393	pennies	3.35
18394	phony	3.35
18395	pinpoint	3.35
18396	pip	3.35
18397	pleasantly	3.35
18398	pluto	3.35
18399	ponder	3.35
18400	protestants	3.35
18401	prowess	3.35
18402	prussia	3.35
18403	psychologically	3.35
18404	pulitzer	3.35
18405	pursuits	3.35
18406	ramen	3.35
18407	ramirez	3.35
18408	ramon	3.35
18409	rattle	3.35
18410	recycle	3.35
18411	reimbursement	3.35
18412	reinforcing	3.35
18413	reinstated	3.35
18414	renault	3.35
18415	renee	3.35
18416	repent	3.35
18417	rescuing	3.35
18418	revert	3.35
18419	ridges	3.35
18420	rolex	3.35
18421	rowe	3.35
18422	rubin	3.35
18423	sabrina	3.35
18424	saliva	3.35
18425	senseless	3.35
18426	sermons	3.35
18427	seventeenth	3.35
18428	sha	3.35
18429	shortcut	3.35
18430	sikh	3.35
18431	skye	3.35
18432	slamming	3.35
18433	slay	3.35
18434	smoother	3.35
18435	spence	3.35
18436	spills	3.35
18437	staffed	3.35
18438	stumbling	3.35
18439	stunts	3.35
18440	summarized	3.35
18441	sweeney	3.35
18442	synth	3.35
18443	tackled	3.35
18444	takeoff	3.35
18445	tammy	3.35
18446	tat	3.35
18447	taxable	3.35
18448	taylor's	3.35
18449	trafford	3.35
18450	transmissions	3.35
18451	treadmill	3.35
18452	trucking	3.35
18453	unavoidable	3.35
18454	unilateral	3.35
18455	vicky	3.35
18456	vie	3.35
18457	vijay	3.35
18458	warped	3.35
18459	wasp	3.35
18460	watermelon	3.35
18461	webber	3.35
18462	westward	3.35
18463	whores	3.35
18464	widened	3.35
18465	yin	3.35
18466	yun	3.35
18467	â	3.35
18468	3ds	3.34
18469	4s	3.34
18470	8am	3.34
18471	a4	3.34
18472	academies	3.34
18473	acidic	3.34
18474	adherence	3.34
18475	adjective	3.34
18476	adjourned	3.34
18477	administration's	3.34
18478	aint	3.34
18479	amnesia	3.34
18480	amplified	3.34
18481	angola	3.34
18482	angrily	3.34
18483	appellate	3.34
18484	approving	3.34
18485	armoured	3.34
18486	ascension	3.34
18487	aspirin	3.34
18488	atheists	3.34
18489	ax	3.34
18490	bard	3.34
18491	bea	3.34
18492	bearded	3.34
18493	beetles	3.34
18494	bends	3.34
18495	benevolent	3.34
18496	bestseller	3.34
18497	bis	3.34
18498	blackhawks	3.34
18499	blazers	3.34
18500	blends	3.34
18501	blooded	3.34
18502	blossoms	3.34
18503	bog	3.34
18504	bom	3.34
18505	bombardment	3.34
18506	borderline	3.34
18507	boxed	3.34
18508	brows	3.34
18509	bungalow	3.34
18510	burglar	3.34
18511	calibration	3.34
18512	cams	3.34
18513	capitalize	3.34
18514	charisma	3.34
18515	cheltenham	3.34
18516	chesapeake	3.34
18517	chun	3.34
18518	ck	3.34
18519	classmate	3.34
18520	claudio	3.34
18521	cognition	3.34
18522	cooker	3.34
18523	cornish	3.34
18524	coupe	3.34
18525	coveted	3.34
18526	craigslist	3.34
18527	cristiano	3.34
18528	crumbs	3.34
18529	cullen	3.34
18530	cures	3.34
18531	curled	3.34
18532	cylindrical	3.34
18533	d1	3.34
18534	davey	3.34
18535	deceptive	3.34
18536	deem	3.34
18537	deficiencies	3.34
18538	devastation	3.34
18539	devout	3.34
18540	dia	3.34
18541	dickson	3.34
18542	disproportionate	3.34
18543	disturbances	3.34
18544	divisive	3.34
18545	dk	3.34
18546	dod	3.34
18547	dracula	3.34
18548	ebony	3.34
18549	eduardo	3.34
18550	eileen	3.34
18551	elon	3.34
18552	embodied	3.34
18553	embroidered	3.34
18554	embryo	3.34
18555	eminem	3.34
18556	ensued	3.34
18557	erratic	3.34
18558	exiting	3.34
18559	fang	3.34
18560	fiesta	3.34
18561	folly	3.34
18562	foo	3.34
18563	foreseeable	3.34
18564	frenchman	3.34
18565	friedrich	3.34
18566	fumes	3.34
18567	garde	3.34
18568	garnered	3.34
18569	gerrard	3.34
18570	gilmore	3.34
18571	glazed	3.34
18572	gon	3.34
18573	griffiths	3.34
18574	hardwood	3.34
18575	hendrix	3.34
18576	highness	3.34
18577	hikes	3.34
18578	hindsight	3.34
18579	hinges	3.34
18580	homophobia	3.34
18581	houghton	3.34
18582	hume	3.34
18583	hymns	3.34
18584	hz	3.34
18585	ik	3.34
18586	indifference	3.34
18587	indispensable	3.34
18588	infirmary	3.34
18589	inflict	3.34
18590	ingram	3.34
18591	inhibit	3.34
18592	insanely	3.34
18593	intellectually	3.34
18594	interstellar	3.34
18595	intoxicated	3.34
18596	involuntary	3.34
18597	isil	3.34
18598	issuance	3.34
18599	itchy	3.34
18600	jammed	3.34
18601	jojo	3.34
18602	junta	3.34
18603	lankan	3.34
18604	laos	3.34
18605	latch	3.34
18606	libel	3.34
18607	ligament	3.34
18608	likeness	3.34
18609	lizzie	3.34
18610	loaned	3.34
18611	lofty	3.34
18612	loom	3.34
18613	luc	3.34
18614	ludicrous	3.34
18615	maharashtra	3.34
18616	maize	3.34
18617	malice	3.34
18618	manu	3.34
18619	marginalized	3.34
18620	mayor's	3.34
18621	mazda	3.34
18622	mcmahon	3.34
18623	melvin	3.34
18624	middlesbrough	3.34
18625	milestones	3.34
18626	milford	3.34
18627	milling	3.34
18628	minnie	3.34
18629	mitsubishi	3.34
18630	mixtape	3.34
18631	mods	3.34
18632	mongolia	3.34
18633	motivating	3.34
18634	munitions	3.34
18635	mx	3.34
18636	myrtle	3.34
18637	nemesis	3.34
18638	o'reilly	3.34
18639	originality	3.34
18640	orioles	3.34
18641	ornamental	3.34
18642	owner's	3.34
18643	oysters	3.34
18644	pancreatic	3.34
18645	parkinson's	3.34
18646	parlor	3.34
18647	partnering	3.34
18648	pebble	3.34
18649	peeled	3.34
18650	perseverance	3.34
18651	persisted	3.34
18652	pharmacist	3.34
18653	phillies	3.34
18654	picky	3.34
18655	pistons	3.34
18656	pizzas	3.34
18657	poole	3.34
18658	populace	3.34
18659	pretoria	3.34
18660	pricey	3.34
18661	prima	3.34
18662	prized	3.34
18663	profiling	3.34
18664	progressives	3.34
18665	prompts	3.34
18666	propagation	3.34
18667	psychedelic	3.34
18668	pune	3.34
18669	quieter	3.34
18670	radiator	3.34
18671	randomized	3.34
18672	rapists	3.34
18673	rector	3.34
18674	redeemed	3.34
18675	regal	3.34
18676	relativity	3.34
18677	rene	3.34
18678	revered	3.34
18679	ridicule	3.34
18680	ridley	3.34
18681	roasting	3.34
18682	rocker	3.34
18683	romero	3.34
18684	rotting	3.34
18685	salman	3.34
18686	sami	3.34
18687	sculptor	3.34
18688	semifinals	3.34
18689	shalt	3.34
18690	sheen	3.34
18691	shelton	3.34
18692	showcasing	3.34
18693	sincerity	3.34
18694	sinful	3.34
18695	slander	3.34
18696	sleek	3.34
18697	slew	3.34
18698	sling	3.34
18699	socioeconomic	3.34
18700	solicitors	3.34
18701	spontaneously	3.34
18702	steamed	3.34
18703	stockton	3.34
18704	stratford	3.34
18705	studs	3.34
18706	sturgeon	3.34
18707	subpoena	3.34
18708	swam	3.34
18709	sweeps	3.34
18710	syllabus	3.34
18711	system's	3.34
18712	são	3.34
18713	taiwanese	3.34
18714	teaming	3.34
18715	textual	3.34
18716	thinkin	3.34
18717	toad	3.34
18718	tombs	3.34
18719	troopers	3.34
18720	tsa	3.34
18721	tv's	3.34
18722	tyrone	3.34
18723	u2	3.34
18724	unaffected	3.34
18725	uncles	3.34
18726	undeniable	3.34
18727	une	3.34
18728	upstate	3.34
18729	ventura	3.34
18730	vigilant	3.34
18731	visitation	3.34
18732	viva	3.34
18733	volcanoes	3.34
18734	washer	3.34
18735	watered	3.34
18736	werner	3.34
18737	wick	3.34
18738	worldly	3.34
18739	wp	3.34
18740	1k	3.33
18741	2m	3.33
18742	2pm	3.33
18743	3x	3.33
18744	a.k.a	3.33
18745	achieves	3.33
18746	additive	3.33
18747	adept	3.33
18748	advantageous	3.33
18749	aero	3.33
18750	afloat	3.33
18751	agility	3.33
18752	airbus	3.33
18753	alba	3.33
18754	alteration	3.33
18755	annoyance	3.33
18756	anon	3.33
18757	ante	3.33
18758	appointing	3.33
18759	archipelago	3.33
18760	assembling	3.33
18761	bailed	3.33
18762	barkley	3.33
18763	bdsm	3.33
18764	behaviours	3.33
18765	belmont	3.33
18766	bidders	3.33
18767	bloated	3.33
18768	blooming	3.33
18769	blooms	3.33
18770	boating	3.33
18771	bonfire	3.33
18772	bookings	3.33
18773	bowed	3.33
18774	brody	3.33
18775	bullpen	3.33
18776	cafes	3.33
18777	cali	3.33
18778	canine	3.33
18779	capsules	3.33
18780	carb	3.33
18781	carver	3.33
18782	causal	3.33
18783	centrally	3.33
18784	cheerleader	3.33
18785	christy	3.33
18786	circling	3.33
18787	citadel	3.33
18788	client's	3.33
18789	clifton	3.33
18790	climates	3.33
18791	colonialism	3.33
18792	comforts	3.33
18793	compromising	3.33
18794	corvette	3.33
18795	costco	3.33
18796	cowards	3.33
18797	cranes	3.33
18798	cunts	3.33
18799	cutest	3.33
18800	dashboard	3.33
18801	deficient	3.33
18802	degenerate	3.33
18803	demonic	3.33
18804	deterrent	3.33
18805	disdain	3.33
18806	disgraceful	3.33
18807	doggy	3.33
18808	dole	3.33
18809	dreamt	3.33
18810	dun	3.33
18811	eerie	3.33
18812	electing	3.33
18813	enraged	3.33
18814	envelopes	3.33
18815	eroded	3.33
18816	estimating	3.33
18817	ethel	3.33
18818	excursion	3.33
18819	exemptions	3.33
18820	exponential	3.33
18821	farce	3.33
18822	fatally	3.33
18823	fingerprints	3.33
18824	flanders	3.33
18825	flickr	3.33
18826	fling	3.33
18827	flowed	3.33
18828	flung	3.33
18829	fragmented	3.33
18830	frankenstein	3.33
18831	frantic	3.33
18832	fudge	3.33
18833	gabrielle	3.33
18834	gemma	3.33
18835	gideon	3.33
18836	glide	3.33
18837	glover	3.33
18838	gras	3.33
18839	grieve	3.33
18840	grimes	3.33
18841	grossly	3.33
18842	grudge	3.33
18843	gucci	3.33
18844	hairstyle	3.33
18845	handwritten	3.33
18846	hardships	3.33
18847	harmonic	3.33
18848	hb	3.33
18849	headlights	3.33
18850	heartless	3.33
18851	hectic	3.33
18852	holistic	3.33
18853	hooper	3.33
18854	hormonal	3.33
18855	huffington	3.33
18856	ict	3.33
18857	implanted	3.33
18858	informant	3.33
18859	inhabit	3.33
18860	intervening	3.33
18861	intrusive	3.33
18862	investigates	3.33
18863	invoke	3.33
18864	invoked	3.33
18865	jackass	3.33
18866	jericho	3.33
18867	jonny	3.33
18868	josephine	3.33
18869	joyous	3.33
18870	kiwi	3.33
18871	latinos	3.33
18872	leaflets	3.33
18873	licences	3.33
18874	lim	3.33
18875	limo	3.33
18876	lulu	3.33
18877	lunchtime	3.33
18878	lux	3.33
18879	mace	3.33
18880	maher	3.33
18881	malawi	3.33
18882	malignant	3.33
18883	mane	3.33
18884	mascara	3.33
18885	matchmaking	3.33
18886	maverick	3.33
18887	measles	3.33
18888	mend	3.33
18889	mentoring	3.33
18890	mich	3.33
18891	microbial	3.33
18892	microsoft's	3.33
18893	migraine	3.33
18894	millennial	3.33
18895	mitt	3.33
18896	molten	3.33
18897	monsoon	3.33
18898	montage	3.33
18899	monterey	3.33
18900	morales	3.33
18901	napoli	3.33
18902	negligent	3.33
18903	netanyahu	3.33
18904	nikon	3.33
18905	nil	3.33
18906	norma	3.33
18907	ofthe	3.33
18908	opioid	3.33
18909	optimize	3.33
18910	pakistan's	3.33
18911	passionately	3.33
18912	pastors	3.33
18913	pathogens	3.33
18914	penetrating	3.33
18915	persuasion	3.33
18916	phased	3.33
18917	phyllis	3.33
18918	plaid	3.33
18919	playback	3.33
18920	plush	3.33
18921	portraying	3.33
18922	portrays	3.33
18923	positivity	3.33
18924	practised	3.33
18925	precedence	3.33
18926	preferring	3.33
18927	previews	3.33
18928	pristine	3.33
18929	prognosis	3.33
18930	propeller	3.33
18931	pyramids	3.33
18932	quotas	3.33
18933	racket	3.33
18934	rags	3.33
18935	rajasthan	3.33
18936	realistically	3.33
18937	reclaimed	3.33
18938	reilly	3.33
18939	relatable	3.33
18940	reorganization	3.33
18941	resembled	3.33
18942	resided	3.33
18943	retrieval	3.33
18944	rotated	3.33
18945	roundabout	3.33
18946	saline	3.33
18947	saviour	3.33
18948	scarcely	3.33
18949	scraping	3.33
18950	serie	3.33
18951	shipbuilding	3.33
18952	shiva	3.33
18953	shrugged	3.33
18954	siemens	3.33
18955	signings	3.33
18956	slogans	3.33
18957	smoky	3.33
18958	solids	3.33
18959	solos	3.33
18960	spade	3.33
18961	spoils	3.33
18962	staffordshire	3.33
18963	steroid	3.33
18964	supplemented	3.33
18965	surveying	3.33
18966	swans	3.33
18967	tata	3.33
18968	tds	3.33
18969	temperate	3.33
18970	temps	3.33
18971	thematic	3.33
18972	threesome	3.33
18973	thunderstorms	3.33
18974	tilted	3.33
18975	toaster	3.33
18976	treble	3.33
18977	turquoise	3.33
18978	ultraviolet	3.33
18979	unbiased	3.33
18980	unc	3.33
18981	uncanny	3.33
18982	underdog	3.33
18983	unfolding	3.33
18984	ungrateful	3.33
18985	untreated	3.33
18986	usefulness	3.33
18987	user's	3.33
18988	vandalism	3.33
18989	vargas	3.33
18990	vibrating	3.33
18991	vowel	3.33
18992	voyager	3.33
18993	weirdo	3.33
18994	weld	3.33
18995	werewolf	3.33
18996	wilson's	3.33
18997	wrongful	3.33
18998	ww	3.33
18999	xu	3.33
19000	β	3.33
19001	🔥	3.33
19002	😊	3.33
19003	aba	3.32
19004	acknowledgement	3.32
19005	adored	3.32
19006	airbnb	3.32
19007	alerted	3.32
19008	alleges	3.32
19009	alligator	3.32
19010	amends	3.32
19011	annoys	3.32
19012	antagonist	3.32
19013	apa	3.32
19014	approximation	3.32
19015	aromatic	3.32
19016	assurances	3.32
19017	attendants	3.32
19018	auschwitz	3.32
19019	b.s	3.32
19020	baroque	3.32
19021	bays	3.32
19022	behavioural	3.32
19023	belgrade	3.32
19024	benefiting	3.32
19025	berg	3.32
19026	bergen	3.32
19027	bethany	3.32
19028	bg	3.32
19029	biases	3.32
19030	binder	3.32
19031	blindly	3.32
19032	brig	3.32
19033	buggy	3.32
19034	bundled	3.32
19035	burnett	3.32
19036	buzzfeed	3.32
19037	calves	3.32
19038	camille	3.32
19039	canonical	3.32
19040	cautiously	3.32
19041	ceasefire	3.32
19042	celery	3.32
19043	characterize	3.32
19044	chinatown	3.32
19045	collaborations	3.32
19046	collaborators	3.32
19047	commissioning	3.32
19048	cor	3.32
19049	counsellor	3.32
19050	countered	3.32
19051	couture	3.32
19052	cramps	3.32
19053	croatian	3.32
19054	crowdfunding	3.32
19055	cutie	3.32
19056	dab	3.32
19057	dar	3.32
19058	darcy	3.32
19059	dawg	3.32
19060	dentists	3.32
19061	deploying	3.32
19062	deserts	3.32
19063	df	3.32
19064	dictates	3.32
19065	dion	3.32
19066	dissatisfaction	3.32
19067	dodgy	3.32
19068	e3	3.32
19069	earthly	3.32
19070	eaters	3.32
19071	elective	3.32
19072	emitted	3.32
19073	endeavors	3.32
19074	enslaved	3.32
19075	ent	3.32
19076	entrances	3.32
19077	eq	3.32
19078	escalation	3.32
19079	ethos	3.32
19080	eureka	3.32
19081	exec	3.32
19082	eyewitness	3.32
19083	fag	3.32
19084	favours	3.32
19085	fil	3.32
19086	fitz	3.32
19087	fleeting	3.32
19088	flourished	3.32
19089	forfeit	3.32
19090	forging	3.32
19091	foundry	3.32
19092	fractions	3.32
19093	fro	3.32
19094	funerals	3.32
19095	furnishings	3.32
19096	giraffe	3.32
19097	gma	3.32
19098	gmail	3.32
19099	grinder	3.32
19100	gunman	3.32
19101	hampered	3.32
19102	hardcover	3.32
19103	healer	3.32
19104	heals	3.32
19105	hermione	3.32
19106	hinge	3.32
19107	hubbard	3.32
19108	hurley	3.32
19109	illustrating	3.32
19110	inaugurated	3.32
19111	indexes	3.32
19112	insiders	3.32
19113	intestinal	3.32
19114	intra	3.32
19115	irons	3.32
19116	islamabad	3.32
19117	j.j	3.32
19118	jock	3.32
19119	jumpers	3.32
19120	kidd	3.32
19121	kneeling	3.32
19122	knuckles	3.32
19123	lady's	3.32
19124	lauderdale	3.32
19125	lifestyles	3.32
19126	lr	3.32
19127	ludwig	3.32
19128	macbeth	3.32
19129	magazine's	3.32
19130	mamma	3.32
19131	manic	3.32
19132	manifold	3.32
19133	margot	3.32
19134	measurable	3.32
19135	medina	3.32
19136	meek	3.32
19137	mellow	3.32
19138	melon	3.32
19139	mirrored	3.32
19140	miscarriage	3.32
19141	mla	3.32
19142	mojo	3.32
19143	msnbc	3.32
19144	napa	3.32
19145	narration	3.32
19146	nasa's	3.32
19147	nassau	3.32
19148	nicki	3.32
19149	nip	3.32
19150	nxt	3.32
19151	nye	3.32
19152	oblivion	3.32
19153	observes	3.32
19154	ohhh	3.32
19155	oilers	3.32
19156	ornament	3.32
19157	outpatient	3.32
19158	pamphlet	3.32
19159	parishes	3.32
19160	pats	3.32
19161	penelope	3.32
19162	perish	3.32
19163	perpetrator	3.32
19164	pervert	3.32
19165	pharaoh	3.32
19166	philanthropy	3.32
19167	photon	3.32
19168	polluted	3.32
19169	potion	3.32
19170	premiered	3.32
19171	preparedness	3.32
19172	pretends	3.32
19173	prettier	3.32
19174	primal	3.32
19175	princesses	3.32
19176	prohibiting	3.32
19177	psalms	3.32
19178	psg	3.32
19179	psychopath	3.32
19180	pups	3.32
19181	qui	3.32
19182	quid	3.32
19183	receptive	3.32
19184	redundancy	3.32
19185	reelection	3.32
19186	reindeer	3.32
19187	relapse	3.32
19188	relish	3.32
19189	rendezvous	3.32
19190	republics	3.32
19191	reversible	3.32
19192	roche	3.32
19193	rodents	3.32
19194	rowan	3.32
19195	rudolph	3.32
19196	s4	3.32
19197	saharan	3.32
19198	scumbag	3.32
19199	seams	3.32
19200	seizing	3.32
19201	selectively	3.32
19202	sensed	3.32
19203	shred	3.32
19204	sideline	3.32
19205	sidelines	3.32
19206	simplistic	3.32
19207	skater	3.32
19208	skincare	3.32
19209	soc	3.32
19210	spawning	3.32
19211	spokane	3.32
19212	sta	3.32
19213	stabilized	3.32
19214	stares	3.32
19215	staten	3.32
19216	steaming	3.32
19217	student's	3.32
19218	substitutes	3.32
19219	supervise	3.32
19220	supervising	3.32
19221	supervisory	3.32
19222	swapping	3.32
19223	sweeter	3.32
19224	syllable	3.32
19225	synod	3.32
19226	taipei	3.32
19227	takeaway	3.32
19228	tatum	3.32
19229	teased	3.32
19230	tees	3.32
19231	tesco	3.32
19232	thorpe	3.32
19233	titus	3.32
19234	towing	3.32
19235	treacherous	3.32
19236	turnbull	3.32
19237	undermined	3.32
19238	undermining	3.32
19239	untold	3.32
19240	uplifting	3.32
19241	upsets	3.32
19242	vaccinated	3.32
19243	vaughn	3.32
19244	vents	3.32
19245	versatility	3.32
19246	visualization	3.32
19247	voicemail	3.32
19248	volt	3.32
19249	wakefield	3.32
19250	watford	3.32
19251	who'll	3.32
19252	wielding	3.32
19253	wiggins	3.32
19254	wilkins	3.32
19255	wingers	3.32
19256	winnie	3.32
19257	wits	3.32
19258	wrongs	3.32
19259	yeh	3.32
19260	abnormalities	3.31
19261	allocate	3.31
19262	analytic	3.31
19263	ans	3.31
19264	apprehended	3.31
19265	ascending	3.31
19266	attributable	3.31
19267	aubrey	3.31
19268	barb	3.31
19269	bastion	3.31
19270	beaumont	3.31
19271	bey	3.31
19272	biopsy	3.31
19273	blackwell	3.31
19274	bolster	3.31
19275	bray	3.31
19276	briefs	3.31
19277	caitlin	3.31
19278	calais	3.31
19279	cancelling	3.31
19280	canning	3.31
19281	capitalists	3.31
19282	categorized	3.31
19283	cba	3.31
19284	cbi	3.31
19285	cg	3.31
19286	chopper	3.31
19287	chromosomes	3.31
19288	chunky	3.31
19289	classed	3.31
19290	clerks	3.31
19291	cohesive	3.31
19292	comey	3.31
19293	commando	3.31
19294	complication	3.31
19295	computed	3.31
19296	conquering	3.31
19297	constituencies	3.31
19298	contentious	3.31
19299	contra	3.31
19300	corbyn	3.31
19301	cosy	3.31
19302	coyotes	3.31
19303	crease	3.31
19304	cursing	3.31
19305	deadliest	3.31
19306	degraded	3.31
19307	dehydration	3.31
19308	delights	3.31
19309	denomination	3.31
19310	derbyshire	3.31
19311	desserts	3.31
19312	digestion	3.31
19313	dismantled	3.31
19314	dissatisfied	3.31
19315	distinctions	3.31
19316	docking	3.31
19317	dodging	3.31
19318	donut	3.31
19319	doubting	3.31
19320	dungeons	3.31
19321	effected	3.31
19322	embargo	3.31
19323	embodiment	3.31
19324	emptied	3.31
19325	encoded	3.31
19326	engraving	3.31
19327	enhances	3.31
19328	entrenched	3.31
19329	explanatory	3.31
19330	extremism	3.31
19331	fairfield	3.31
19332	fairies	3.31
19333	faulkner	3.31
19334	fg	3.31
19335	filtration	3.31
19336	finalized	3.31
19337	flagged	3.31
19338	fleets	3.31
19339	fooling	3.31
19340	formatting	3.31
19341	fracking	3.31
19342	francesca	3.31
19343	francesco	3.31
19344	fungal	3.31
19345	gabe	3.31
19346	garry	3.31
19347	garth	3.31
19348	ghz	3.31
19349	gillian	3.31
19350	glaciers	3.31
19351	glaring	3.31
19352	gloom	3.31
19353	goblin	3.31
19354	gunner	3.31
19355	hammers	3.31
19356	hamster	3.31
19357	heaps	3.31
19358	hex	3.31
19359	homosexuals	3.31
19360	hooking	3.31
19361	hopped	3.31
19362	hydra	3.31
19363	hypocritical	3.31
19364	illustrious	3.31
19365	incidental	3.31
19366	indigo	3.31
19367	individual's	3.31
19368	industry's	3.31
19369	inscriptions	3.31
19370	instruct	3.31
19371	insurgency	3.31
19372	intimidate	3.31
19373	ipa	3.31
19374	irregularities	3.31
19375	jamming	3.31
19376	jax	3.31
19377	kyrie	3.31
19378	labyrinth	3.31
19379	lac	3.31
19380	latency	3.31
19381	limbo	3.31
19382	linger	3.31
19383	lousy	3.31
19384	luncheon	3.31
19385	mailbox	3.31
19386	mammal	3.31
19387	mcguire	3.31
19388	membranes	3.31
19389	memorabilia	3.31
19390	midterm	3.31
19391	midtown	3.31
19392	migrated	3.31
19393	miller's	3.31
19394	mimi	3.31
19395	muir	3.31
19396	muzzle	3.31
19397	myspace	3.31
19398	nationalities	3.31
19399	nec	3.31
19400	nurture	3.31
19401	oblivious	3.31
19402	ode	3.31
19403	oem	3.31
19404	olga	3.31
19405	olson	3.31
19406	ortiz	3.31
19407	outlining	3.31
19408	overt	3.31
19409	pacers	3.31
19410	paisley	3.31
19411	pajamas	3.31
19412	palo	3.31
19413	patriarch	3.31
19414	penthouse	3.31
19415	perjury	3.31
19416	persists	3.31
19417	pious	3.31
19418	plotted	3.31
19419	potomac	3.31
19420	powdered	3.31
19421	pregnancies	3.31
19422	prematurely	3.31
19423	presenters	3.31
19424	prioritize	3.31
19425	proprietor	3.31
19426	putnam	3.31
19427	quarrel	3.31
19428	r000	3.31
19429	raider	3.31
19430	rained	3.31
19431	raja	3.31
19432	rea	3.31
19433	reasoned	3.31
19434	rebate	3.31
19435	regulates	3.31
19436	reins	3.31
19437	resurgence	3.31
19438	rh	3.31
19439	roc	3.31
19440	rollers	3.31
19441	rooster	3.31
19442	routed	3.31
19443	rufus	3.31
19444	rushes	3.31
19445	rx	3.31
19446	s.c	3.31
19447	sakura	3.31
19448	salads	3.31
19449	sanskrit	3.31
19450	scientology	3.31
19451	scooby	3.31
19452	scuba	3.31
19453	seamless	3.31
19454	selects	3.31
19455	sequels	3.31
19456	shattering	3.31
19457	shelly	3.31
19458	sheppard	3.31
19459	shite	3.31
19460	shoreline	3.31
19461	siberian	3.31
19462	sickening	3.31
19463	sidewalks	3.31
19464	silhouette	3.31
19465	slug	3.31
19466	smackdown	3.31
19467	smug	3.31
19468	soprano	3.31
19469	specialties	3.31
19470	spectroscopy	3.31
19471	spreadsheet	3.31
19472	stagnant	3.31
19473	startled	3.31
19474	steaks	3.31
19475	stephenson	3.31
19476	streaks	3.31
19477	strides	3.31
19478	strung	3.31
19479	summaries	3.31
19480	t1	3.31
19481	t2	3.31
19482	tanning	3.31
19483	tendon	3.31
19484	thc	3.31
19485	thine	3.31
19486	timmy	3.31
19487	tnt	3.31
19488	toughness	3.31
19489	tracey	3.31
19490	tractors	3.31
19491	turin	3.31
19492	unanswered	3.31
19493	unethical	3.31
19494	uniting	3.31
19495	unix	3.31
19496	uptown	3.31
19497	urinary	3.31
19498	valiant	3.31
19499	vigilante	3.31
19500	viper	3.31
19501	washington's	3.31
19502	weekday	3.31
19503	weirdest	3.31
19504	westwood	3.31
19505	whistles	3.31
19506	whitehall	3.31
19507	wilhelm	3.31
19508	willard	3.31
19509	woe	3.31
19510	wrinkles	3.31
19511	ws	3.31
19512	3am	3.3
19513	6s	3.3
19514	abi	3.3
19515	abstraction	3.3
19516	adjunct	3.3
19517	administering	3.3
19518	admiring	3.3
19519	ami	3.3
19520	ascended	3.3
19521	asean	3.3
19522	aspiration	3.3
19523	atkins	3.3
19524	attentive	3.3
19525	auntie	3.3
19526	austen	3.3
19527	awakened	3.3
19528	ballpark	3.3
19529	barbarians	3.3
19530	beak	3.3
19531	beige	3.3
19532	bellamy	3.3
19533	blasphemy	3.3
19534	blinds	3.3
19535	blinking	3.3
19536	blueberry	3.3
19537	boar	3.3
19538	bosch	3.3
19539	bran	3.3
19540	breathes	3.3
19541	bribes	3.3
19542	brigadier	3.3
19543	broaden	3.3
19544	bubba	3.3
19545	bulky	3.3
19546	burdens	3.3
19547	busch	3.3
19548	cadets	3.3
19549	calendars	3.3
19550	camels	3.3
19551	cameraman	3.3
19552	carbohydrates	3.3
19553	carnage	3.3
19554	cavities	3.3
19555	chateau	3.3
19556	chavez	3.3
19557	colleen	3.3
19558	comedies	3.3
19559	commended	3.3
19560	commune	3.3
19561	compiling	3.3
19562	conclusive	3.3
19563	conservatory	3.3
19564	considerate	3.3
19565	constance	3.3
19566	constructions	3.3
19567	coo	3.3
19568	cryptocurrency	3.3
19569	cultured	3.3
19570	dans	3.3
19571	daycare	3.3
19572	debra	3.3
19573	deductions	3.3
19574	depressive	3.3
19575	descendant	3.3
19576	dips	3.3
19577	director's	3.3
19578	disperse	3.3
19579	disproportionately	3.3
19580	dives	3.3
19581	downed	3.3
19582	ecommerce	3.3
19583	emery	3.3
19584	enrich	3.3
19585	entrants	3.3
19586	epidemiology	3.3
19587	errands	3.3
19588	esque	3.3
19589	exaggeration	3.3
19590	exhaustive	3.3
19591	exponentially	3.3
19592	exporters	3.3
19593	externally	3.3
19594	fanbase	3.3
19595	fermentation	3.3
19596	fiasco	3.3
19597	fifteenth	3.3
19598	flares	3.3
19599	flo	3.3
19600	flops	3.3
19601	flores	3.3
19602	footed	3.3
19603	fright	3.3
19604	fruitful	3.3
19605	gall	3.3
19606	gastric	3.3
19607	gilded	3.3
19608	goddard	3.3
19609	hallelujah	3.3
19610	hastily	3.3
19611	haynes	3.3
19612	headphone	3.3
19613	heinrich	3.3
19614	hemingway	3.3
19615	horizontally	3.3
19616	hubert	3.3
19617	hurtful	3.3
19618	illuminate	3.3
19619	inaccessible	3.3
19620	incur	3.3
19621	inferno	3.3
19622	introductions	3.3
19623	inverness	3.3
19624	ireland's	3.3
19625	isabelle	3.3
19626	jog	3.3
19627	jt	3.3
19628	jug	3.3
19629	kgb	3.3
19630	kinder	3.3
19631	knoxville	3.3
19632	labrador	3.3
19633	latte	3.3
19634	leafy	3.3
19635	lobe	3.3
19636	loo	3.3
19637	luiz	3.3
19638	lyle	3.3
19639	maga	3.3
19640	maguire	3.3
19641	margarita	3.3
19642	masturbating	3.3
19643	mcbride	3.3
19644	meddling	3.3
19645	nadia	3.3
19646	nods	3.3
19647	nothing's	3.3
19648	ofc	3.3
19649	ollie	3.3
19650	omission	3.3
19651	orbits	3.3
19652	orchid	3.3
19653	overtake	3.3
19654	paramedics	3.3
19655	pax	3.3
19656	peabody	3.3
19657	peat	3.3
19658	pedophile	3.3
19659	peptide	3.3
19660	perfected	3.3
19661	periphery	3.3
19662	perished	3.3
19663	physicists	3.3
19664	piggy	3.3
19665	piling	3.3
19666	polarized	3.3
19667	portals	3.3
19668	pov	3.3
19669	predetermined	3.3
19670	prelude	3.3
19671	prepaid	3.3
19672	priesthood	3.3
19673	punishable	3.3
19674	rahman	3.3
19675	rao	3.3
19676	ravi	3.3
19677	reaper	3.3
19678	reassure	3.3
19679	redesigned	3.3
19680	regiments	3.3
19681	remnant	3.3
19682	renders	3.3
19683	rhys	3.3
19684	rockstar	3.3
19685	ros	3.3
19686	rosenberg	3.3
19687	rounder	3.3
19688	sanford	3.3
19689	satanic	3.3
19690	sausages	3.3
19691	scented	3.3
19692	sclerosis	3.3
19693	selfless	3.3
19694	serenity	3.3
19695	shading	3.3
19696	shrug	3.3
19697	sighting	3.3
19698	singled	3.3
19699	sipping	3.3
19700	siri	3.3
19701	site's	3.3
19702	sonar	3.3
19703	spat	3.3
19704	stabilization	3.3
19705	stacking	3.3
19706	starch	3.3
19707	stony	3.3
19708	stormed	3.3
19709	subtly	3.3
19710	superstars	3.3
19711	surfer	3.3
19712	taj	3.3
19713	taper	3.3
19714	teaspoon	3.3
19715	templates	3.3
19716	thorne	3.3
19717	tightening	3.3
19718	tlc	3.3
19719	tolls	3.3
19720	tos	3.3
19721	totaling	3.3
19722	toxin	3.3
19723	trademarks	3.3
19724	tudor	3.3
19725	turk	3.3
19726	typo	3.3
19727	unequal	3.3
19728	unresolved	3.3
19729	unspecified	3.3
19730	vacated	3.3
19731	veg	3.3
19732	venetian	3.3
19733	vhs	3.3
19734	waffle	3.3
19735	wanda	3.3
19736	warships	3.3
19737	washes	3.3
19738	wasps	3.3
19739	welp	3.3
19740	wha	3.3
19741	winery	3.3
19742	wm	3.3
19743	writ	3.3
19744	xiao	3.3
19745	yamaha	3.3
19746	zara	3.3
19747	zipper	3.3
19748	a3	3.29
19749	acclaim	3.29
19750	aching	3.29
19751	acquires	3.29
19752	adversary	3.29
19753	afflicted	3.29
19754	airfield	3.29
19755	akbar	3.29
19756	alienated	3.29
19757	angered	3.29
19758	archers	3.29
19759	arrays	3.29
19760	ascertain	3.29
19761	assam	3.29
19762	audits	3.29
19763	bargains	3.29
19764	beards	3.29
19765	believable	3.29
19766	bill's	3.29
19767	billboards	3.29
19768	bitterly	3.29
19769	bloodshed	3.29
19770	boils	3.29
19771	boko	3.29
19772	breaths	3.29
19773	brigades	3.29
19774	bumping	3.29
19775	burrows	3.29
19776	cairns	3.29
19777	caracas	3.29
19778	cassie	3.29
19779	cello	3.29
19780	celsius	3.29
19781	certifications	3.29
19782	cesar	3.29
19783	chai	3.29
19784	chariot	3.29
19785	cheddar	3.29
19786	chilli	3.29
19787	cholera	3.29
19788	cio	3.29
19789	clinch	3.29
19790	clipped	3.29
19791	collide	3.29
19792	commemoration	3.29
19793	commuting	3.29
19794	complexion	3.29
19795	compulsive	3.29
19796	congenital	3.29
19797	construed	3.29
19798	consular	3.29
19799	corrective	3.29
19800	costello	3.29
19801	coworker	3.29
19802	crumble	3.29
19803	crumbling	3.29
19804	cultivating	3.29
19805	daddy's	3.29
19806	dangling	3.29
19807	daredevil	3.29
19808	decentralized	3.29
19809	dei	3.29
19810	denominations	3.29
19811	denote	3.29
19812	detox	3.29
19813	didn	3.29
19814	differentiated	3.29
19815	discrepancy	3.29
19816	dishwasher	3.29
19817	doctrines	3.29
19818	doj	3.29
19819	donaldson	3.29
19820	doodle	3.29
19821	dossier	3.29
19822	draper	3.29
19823	dunham	3.29
19824	dyes	3.29
19825	easton	3.29
19826	eastwood	3.29
19827	edna	3.29
19828	electrodes	3.29
19829	embryos	3.29
19830	eradicate	3.29
19831	excite	3.29
19832	exporter	3.29
19833	extortion	3.29
19834	extracting	3.29
19835	ey	3.29
19836	fay	3.29
19837	feral	3.29
19838	flips	3.29
19839	flourishing	3.29
19840	footprints	3.29
19841	forster	3.29
19842	fortnite	3.29
19843	fountains	3.29
19844	frameworks	3.29
19845	freezes	3.29
19846	generously	3.29
19847	godfrey	3.29
19848	grange	3.29
19849	greats	3.29
19850	gui	3.29
19851	hangar	3.29
19852	hardworking	3.29
19853	harms	3.29
19854	hasty	3.29
19855	hathaway	3.29
19856	hdmi	3.29
19857	hermes	3.29
19858	hijacked	3.29
19859	housekeeper	3.29
19860	husky	3.29
19861	idf	3.29
19862	iggy	3.29
19863	imitate	3.29
19864	imperfections	3.29
19865	improbable	3.29
19866	impulses	3.29
19867	incarcerated	3.29
19868	ineligible	3.29
19869	infusion	3.29
19870	iu	3.29
19871	jaguars	3.29
19872	jeb	3.29
19873	journalistic	3.29
19874	julien	3.29
19875	justifying	3.29
19876	kapoor	3.29
19877	kart	3.29
19878	kelvin	3.29
19879	keyword	3.29
19880	kolkata	3.29
19881	laborers	3.29
19882	laced	3.29
19883	lai	3.29
19884	lemons	3.29
19885	lincolnshire	3.29
19886	lipid	3.29
19887	looming	3.29
19888	lordship	3.29
19889	louisa	3.29
19890	mahogany	3.29
19891	malfunction	3.29
19892	mana	3.29
19893	manson	3.29
19894	marin	3.29
19895	markedly	3.29
19896	marta	3.29
19897	mccann	3.29
19898	mckenna	3.29
19899	mcqueen	3.29
19900	mediator	3.29
19901	mein	3.29
19902	mentors	3.29
19903	meow	3.29
19904	mer	3.29
19905	minions	3.29
19906	mirage	3.29
19907	mockery	3.29
19908	modulation	3.29
19909	motorists	3.29
19910	mozambique	3.29
19911	muller	3.29
19912	narrated	3.29
19913	narrower	3.29
19914	nature's	3.29
19915	navigating	3.29
19916	navigator	3.29
19917	nes	3.29
19918	nightingale	3.29
19919	nuke	3.29
19920	o'connell	3.29
19921	occult	3.29
19922	ocd	3.29
19923	olympian	3.29
19924	opting	3.29
19925	osama	3.29
19926	ovation	3.29
19927	oversees	3.29
19928	palaces	3.29
19929	palin	3.29
19930	parades	3.29
19931	park's	3.29
19932	payback	3.29
19933	pediatrics	3.29
19934	perch	3.29
19935	perpendicular	3.29
19936	physique	3.29
19937	pioneered	3.29
19938	playbook	3.29
19939	pleases	3.29
19940	plywood	3.29
19941	pollutants	3.29
19942	ponies	3.29
19943	pooh	3.29
19944	ppp	3.29
19945	prettiest	3.29
19946	proficient	3.29
19947	protagonists	3.29
19948	pst	3.29
19949	punctuation	3.29
19950	purification	3.29
19951	purported	3.29
19952	putin's	3.29
19953	qi	3.29
19954	quotations	3.29
19955	ramifications	3.29
19956	readable	3.29
19957	recourse	3.29
19958	regimen	3.29
19959	removable	3.29
19960	repaid	3.29
19961	responders	3.29
19962	retires	3.29
19963	retrospect	3.29
19964	roundup	3.29
19965	rowland	3.29
19966	ryan's	3.29
19967	seinfeld	3.29
19968	sensations	3.29
19969	sequential	3.29
19970	shafts	3.29
19971	signifies	3.29
19972	skates	3.29
19973	smelly	3.29
19974	solves	3.29
19975	sorta	3.29
19976	specialization	3.29
19977	spiritually	3.29
19978	sporadic	3.29
19979	stationery	3.29
19980	sudanese	3.29
19981	sunscreen	3.29
19982	sykes	3.29
19983	tau	3.29
19984	tempest	3.29
19985	tending	3.29
19986	terraces	3.29
19987	thankyou	3.29
19988	there'd	3.29
19989	tightened	3.29
19990	tights	3.29
19991	tito	3.29
19992	tobias	3.29
19993	tofu	3.29
19994	tragedies	3.29
19995	transports	3.29
19996	trenton	3.29
19997	tripoli	3.29
19998	truss	3.29
19999	tubing	3.29
20000	tuesdays	3.29
